{
  "params": {
    "window_size": 20,
    "horizon": 5,
    "sell_threshold": 0.005,
    "classifier": "random_forest",
    "n_estimators": 200,
    "max_depth": 6,
    "min_recall": 0.3
  },
  "threshold": 0.597411870563747,
  "precision": 0.4133366677980029,
  "recall": 0.9987913842966288,
  "f1": 0.5847020771213423
}