window_size,horizon,sell_threshold,classifier,n_estimators,max_depth,min_precision,threshold,met_precision_req,accuracy,precision,recall,f1,roc_auc,pr_auc,true_positives,false_positives,total_samples,sell_samples,sell_pct
10,12,0.02,xgboost,100,15,0.5,0.13747821748256683,False,0.30805128205128207,0.29873674403310224,0.9958437240232751,0.45960080353623395,0.5284197351123872,0.31223588059826024,109018,255912,1852497,561956,30.335055873234886
10,12,0.02,xgboost,100,15,0.45,0.13747821748256683,False,0.30805128205128207,0.29873674403310224,0.9958437240232751,0.45960080353623395,0.5284197351123872,0.31223588059826024,109018,255912,1852497,561956,30.335055873234886
10,6,0.015,xgboost,200,10,0.45,0.18690626323223114,False,0.30289608636977056,0.29197645856344484,0.9944878573768191,0.45141872818913825,0.5290467020338299,0.30550388375311094,106266,257688,1852497,548533,29.6104663057484
10,6,0.015,xgboost,200,10,0.5,0.18690626323223114,False,0.30289608636977056,0.29197645856344484,0.9944878573768191,0.45141872818913825,0.5290467020338299,0.30550388375311094,106266,257688,1852497,548533,29.6104663057484
10,9,0.015,xgboost,200,5,0.45,0.25116947293281555,False,0.3304021592442645,0.31931850694368025,0.9943374567385121,0.4833995518795239,0.5367069583570591,0.338805310121963,116071,247425,1852497,598190,32.29101045777672
10,9,0.015,xgboost,200,5,0.5,0.25116947293281555,False,0.3304021592442645,0.31931850694368025,0.9943374567385121,0.4833995518795239,0.5367069583570591,0.338805310121963,116071,247425,1852497,598190,32.29101045777672
10,12,0.02,xgboost,200,5,0.45,0.2339494675397873,False,0.31083940620782724,0.29938078877222324,0.9941538096151562,0.4601818181818182,0.5380781664129426,0.3198821956975944,108833,254694,1852497,561956,30.335055873234886
10,12,0.02,xgboost,200,5,0.5,0.2339494675397873,False,0.31083940620782724,0.29938078877222324,0.9941538096151562,0.4601818181818182,0.5380781664129426,0.3198821956975944,108833,254694,1852497,561956,30.335055873234886
20,12,0.015,xgboost,200,10,0.5,0.2022002786397934,False,0.34750113467428734,0.33593739159393343,0.993434550677062,0.5020894469964847,0.5463879468619443,0.36123052552189383,121050,239285,1839733,624545,33.94758913385801
20,12,0.015,xgboost,200,10,0.45,0.2022002786397934,False,0.34750113467428734,0.33593739159393343,0.993434550677062,0.5020894469964847,0.5463879468619443,0.36123052552189383,121050,239285,1839733,624545,33.94758913385801
10,6,0.02,xgboost,200,15,0.5,0.0865987166762352,False,0.2580134952766532,0.24624021411475694,0.9933489264058707,0.3946508473381954,0.5212493925761502,0.25486521971467435,89611,274306,1852497,463746,25.03356280738916
10,6,0.02,xgboost,200,15,0.45,0.0865987166762352,False,0.2580134952766532,0.24624021411475694,0.9933489264058707,0.3946508473381954,0.5212493925761502,0.25486521971467435,89611,274306,1852497,463746,25.03356280738916
10,6,0.025,xgboost,100,15,0.45,0.09594221413135529,False,0.22245883940620784,0.20893806186111508,0.9933431855930319,0.3452556552807242,0.52835152137217,0.2205591005504156,75954,287570,1852497,391649,21.141680661291222
10,6,0.025,xgboost,100,15,0.5,0.09594221413135529,False,0.22245883940620784,0.20893806186111508,0.9933431855930319,0.3452556552807242,0.52835152137217,0.2205591005504156,75954,287570,1852497,391649,21.141680661291222
10,6,0.015,xgboost,100,10,0.45,0.21112528443336487,False,0.30449932523616735,0.2923120139240785,0.9933274062982547,0.45169980019873734,0.5305085707916576,0.3068353134933457,106142,256970,1852497,548533,29.6104663057484
10,6,0.015,xgboost,100,10,0.5,0.21112528443336487,False,0.30449932523616735,0.2923120139240785,0.9933274062982547,0.45169980019873734,0.5305085707916576,0.3068353134933457,106142,256970,1852497,548533,29.6104663057484
30,12,0.015,xgboost,200,10,0.5,0.181154265999794,False,0.3459288879400712,0.3340491569499203,0.9932489732120587,0.49995396603530384,0.5523529661048812,0.3650969376579904,119466,238164,1826832,616358,33.739172512852846
15,6,0.02,random_forest,100,5,0.45,0.46406234920328815,False,0.25985759669368663,0.2464769853662581,0.9929412812576544,0.39492265079607575,0.5382409459084151,0.26432181112616043,89184,272651,1846162,461752,25.01145619940179
15,6,0.02,random_forest,100,5,0.5,0.46406234920328815,False,0.25985759669368663,0.2464769853662581,0.9929412812576544,0.39492265079607575,0.5382409459084151,0.26432181112616043,89184,272651,1846162,461752,25.01145619940179
10,9,0.025,xgboost,200,10,0.45,0.14987900853157043,False,0.2561187584345479,0.24308685035663455,0.9926481333678069,0.3905363389899472,0.5338341720884845,0.2582007447034877,88303,274954,1852497,456265,24.629729494838585
10,9,0.025,xgboost,200,10,0.5,0.14987900853157043,False,0.2561187584345479,0.24308685035663455,0.9926481333678069,0.3905363389899472,0.5338341720884845,0.2582007447034877,88303,274954,1852497,456265,24.629729494838585
10,6,0.03,xgboost,100,15,0.45,0.07417936623096466,False,0.19188394062078273,0.17756446234606624,0.9926480766568744,0.3012427506213753,0.5255680552131652,0.18620808886470994,64539,298929,1852497,331689,17.904968267155088
10,6,0.03,xgboost,100,15,0.5,0.07417936623096466,False,0.19188394062078273,0.17756446234606624,0.9926480766568744,0.3012427506213753,0.5255680552131652,0.18620808886470994,64539,298929,1852497,331689,17.904968267155088
10,12,0.025,random_forest,100,5,0.45,0.4692381260272845,False,0.27801349527665314,0.2659083778711038,0.9922465494577719,0.41941841133138574,0.5343499669633192,0.28259733000307724,96621,266741,1852497,500144,26.998370307752182
10,12,0.025,random_forest,100,5,0.5,0.4692381260272845,False,0.27801349527665314,0.2659083778711038,0.9922465494577719,0.41941841133138574,0.5343499669633192,0.28259733000307724,96621,266741,1852497,500144,26.998370307752182
15,12,0.015,xgboost,200,10,0.45,0.21522681415081024,False,0.34701123680711093,0.33571681474678855,0.9921846259493309,0.5016834112173678,0.5388297019464994,0.3566299050688045,121367,240149,1846162,627091,33.96727914451711
15,12,0.015,xgboost,200,10,0.5,0.21522681415081024,False,0.34701123680711093,0.33571681474678855,0.9921846259493309,0.5016834112173678,0.5388297019464994,0.3566299050688045,121367,240149,1846162,627091,33.96727914451711
10,9,0.015,random_forest,100,15,0.5,0.43353014559125,False,0.33205128205128204,0.31955083349205426,0.9917075009423294,0.48335396646785095,0.5339697137480083,0.33629127782369966,115764,246507,1852497,598190,32.29101045777672
10,9,0.015,random_forest,100,15,0.45,0.43353014559124986,False,0.33205128205128204,0.31955083349205426,0.9917075009423294,0.48335396646785095,0.5339697137480083,0.33629127782369966,115764,246507,1852497,598190,32.29101045777672
10,9,0.015,random_forest,200,15,0.45,0.4370141252073345,False,0.3324804318488529,0.31968516984258494,0.9916561011547819,0.48350152036622446,0.5348179018947757,0.3367784903681567,115758,246342,1852497,598190,32.29101045777672
10,9,0.015,random_forest,200,15,0.5,0.43701412520733435,False,0.3324804318488529,0.31968516984258494,0.9916561011547819,0.48350152036622446,0.5348179018947757,0.3367784903681567,115758,246342,1852497,598190,32.29101045777672
10,6,0.025,random_forest,200,5,0.5,0.471619099455593,False,0.2236302294197031,0.20897459925473508,0.9916037822214666,0.34520029047069456,0.5316596123592757,0.22090286624250582,75821,287003,1852497,391649,21.141680661291222
10,6,0.025,random_forest,200,5,0.45,0.471619099455593,False,0.2236302294197031,0.20897459925473508,0.9916037822214666,0.34520029047069456,0.5316596123592757,0.22090286624250582,75821,287003,1852497,391649,21.141680661291222
10,6,0.025,xgboost,200,10,0.45,0.12844166159629822,False,0.22421862348178137,0.20908418968189615,0.9914730000130783,0.34534186389218513,0.5338087116798439,0.22327473992920585,75811,286775,1852497,391649,21.141680661291222
10,6,0.025,xgboost,200,10,0.5,0.12844166159629822,False,0.22421862348178137,0.20908418968189615,0.9914730000130783,0.34534186389218513,0.5338087116798439,0.22327473992920585,75811,286775,1852497,391649,21.141680661291222
15,12,0.025,random_forest,200,5,0.5,0.4578810533130031,False,0.28013476585245634,0.26634344351717,0.9913940593243048,0.4198830154087913,0.5424872622110848,0.28814364997445585,96191,264963,1846162,498421,26.997684926891573
15,12,0.025,random_forest,200,5,0.45,0.457881053313003,False,0.28013476585245634,0.26634344351717,0.9913940593243048,0.4198830154087913,0.5424872622110848,0.28814364997445585,96191,264963,1846162,498421,26.997684926891573
10,9,0.02,random_forest,200,5,0.45,0.47553562665929894,False,0.29152766531713903,0.2785011254799841,0.9908044397774223,0.43478916213940727,0.5296693550175653,0.2916586925986471,100960,261552,1852497,522645,28.21300115465774
10,9,0.02,random_forest,200,5,0.5,0.47553562665929894,False,0.29152766531713903,0.2785011254799841,0.9908044397774223,0.43478916213940727,0.5296693550175653,0.2916586925986471,100960,261552,1852497,522645,28.21300115465774
10,6,0.025,xgboost,200,15,0.5,0.07245884835720062,False,0.22331983805668015,0.20879926571720742,0.9907144632044257,0.3449071860785948,0.5255032887435047,0.21963209642646506,75753,287050,1852497,391649,21.141680661291222
10,6,0.025,xgboost,200,15,0.45,0.07245884835720062,False,0.22331983805668015,0.20879926571720742,0.9907144632044257,0.3449071860785948,0.5255032887435047,0.21963209642646506,75753,287050,1852497,391649,21.141680661291222
10,6,0.02,xgboost,200,10,0.45,0.1604766547679901,False,0.2615249662618084,0.24674374157626108,0.9903337730431987,0.39505796149755795,0.5310619072890765,0.26029567653978486,89339,272733,1852497,463746,25.03356280738916
10,6,0.02,xgboost,200,10,0.5,0.1604766547679901,False,0.2615249662618084,0.24674374157626108,0.9903337730431987,0.39505796149755795,0.5310619072890765,0.26029567653978486,89339,272733,1852497,463746,25.03356280738916
10,9,0.025,random_forest,200,5,0.45,0.47268654906634006,False,0.25805668016194333,0.24323540540615188,0.990006407590184,0.39052294102778995,0.5315533588428755,0.2562068047723196,88068,274001,1852497,456265,24.629729494838585
10,9,0.025,random_forest,200,5,0.5,0.47268654906634006,False,0.25805668016194333,0.24323540540615188,0.990006407590184,0.39052294102778995,0.5315533588428755,0.2562068047723196,88068,274001,1852497,456265,24.629729494838585
10,6,0.02,random_forest,200,5,0.45,0.47534217809112794,False,0.2614331983805668,0.24665340736443744,0.9898016871556684,0.3948998387956331,0.5300397928068863,0.25901234217523156,89291,272719,1852497,463746,25.03356280738916
10,6,0.02,random_forest,200,5,0.5,0.4753421780911279,False,0.2614331983805668,0.24665340736443744,0.9898016871556684,0.3948998387956331,0.5300397928068863,0.25901234217523156,89291,272719,1852497,463746,25.03356280738916
10,6,0.03,xgboost,200,15,0.45,0.056286804378032684,False,0.19384615384615383,0.1775113792884529,0.9891105403202239,0.3010030470538126,0.5220187538556355,0.18457479598733034,64309,297972,1852497,331689,17.904968267155088
10,6,0.03,xgboost,200,15,0.5,0.056286804378032684,False,0.19384615384615383,0.1775113792884529,0.9891105403202239,0.3010030470538126,0.5220187538556355,0.18457479598733034,64309,297972,1852497,331689,17.904968267155088
20,6,0.025,xgboost,200,15,0.45,0.06354895979166031,False,0.22792684816019698,0.20951918434104502,0.9886344180901081,0.34576180628163733,0.5364528981169407,0.22523366468578204,75068,283219,1839733,388950,21.141654794472895
20,6,0.025,xgboost,200,15,0.5,0.06354895979166031,False,0.22792684816019698,0.20951918434104502,0.9886344180901081,0.34576180628163733,0.5364528981169407,0.22523366468578204,75068,283219,1839733,388950,21.141654794472895
20,6,0.02,xgboost,100,15,0.5,0.115121029317379,False,0.2645082036271528,0.24726448309270463,0.9885804226248284,0.3955849574085076,0.539276861178777,0.2659675180856518,88560,269599,1839733,460574,25.034828423472323
30,12,0.02,xgboost,100,15,0.5,0.13166643679141998,False,0.31392818727471283,0.29813488065825094,0.9883484458375312,0.45808778066507844,0.5480275810851323,0.3247035863935046,105947,249419,1826832,550114,30.11300437040735
10,9,0.03,xgboost,200,15,0.5,0.07619386166334152,False,0.22905263157894737,0.21222802629540274,0.9882756132756133,0.349419653431971,0.5273130341207635,0.2232497927038175,76706,284726,1852497,398143,21.49223453533258
10,9,0.03,xgboost,200,15,0.45,0.07619386166334152,False,0.22905263157894737,0.21222802629540274,0.9882756132756133,0.349419653431971,0.5273130341207635,0.2232497927038175,76706,284726,1852497,398143,21.49223453533258
10,6,0.02,xgboost,200,5,0.45,0.2001594454050064,False,0.2647773279352227,0.24730296902263316,0.9882386848610479,0.395606833814067,0.5383743710213896,0.26552164420499563,89150,271339,1852497,463746,25.03356280738916
10,6,0.02,xgboost,200,5,0.5,0.2001594454050064,False,0.2647773279352227,0.24730296902263316,0.9882386848610479,0.395606833814067,0.5383743710213896,0.26552164420499563,89150,271339,1852497,463746,25.03356280738916
15,9,0.015,xgboost,200,5,0.5,0.2577752470970154,False,0.3359179704955949,0.3203610424291755,0.9880667847378648,0.4838449604570437,0.5445624481279724,0.3445219225745303,114926,243813,1846162,596128,32.2901240519521
15,9,0.015,xgboost,200,5,0.45,0.2577752470970154,False,0.3359179704955949,0.3203610424291755,0.9880667847378648,0.4838449604570437,0.5445624481279724,0.3445219225745303,114926,243813,1846162,596128,32.2901240519521
10,6,0.02,xgboost,100,15,0.5,0.13451218605041504,False,0.26312010796221325,0.24684461111926637,0.9879393865493121,0.3949962327704649,0.5248477390355233,0.2568555477900881,89123,271926,1852497,463746,25.03356280738916
10,6,0.02,xgboost,100,15,0.45,0.13451218605041504,False,0.26312010796221325,0.24684461111926637,0.9879393865493121,0.3949962327704649,0.5248477390355233,0.2568555477900881,89123,271926,1852497,463746,25.03356280738916
10,12,0.025,xgboost,200,5,0.45,0.21505507826805115,False,0.28358164642375167,0.2668640251701454,0.9877690601380217,0.42020257621728124,0.5409392638016708,0.2871798142017823,96185,264242,1852497,500144,26.998370307752182
10,12,0.025,xgboost,200,5,0.5,0.21505507826805115,False,0.28358164642375167,0.2668640251701454,0.9877690601380217,0.42020257621728124,0.5409392638016708,0.2871798142017823,96185,264242,1852497,500144,26.998370307752182
10,12,0.02,xgboost,100,5,0.45,0.2543495297431946,False,0.3156140350877193,0.30007215007215005,0.9877686735542097,0.4603082371821477,0.5380459883430726,0.32011493762264315,108134,252226,1852497,561956,30.335055873234886
10,12,0.02,xgboost,100,5,0.5,0.2543495297431946,False,0.3156140350877193,0.30007215007215005,0.9877686735542097,0.4603082371821477,0.5380459883430726,0.32011493762264315,108134,252226,1852497,561956,30.335055873234886
20,12,0.025,xgboost,100,15,0.5,0.124665267765522,False,0.2839838346283568,0.2668299337985328,0.987542421984935,0.42013980596200234,0.542110217016534,0.288228232516809,95444,262252,1839733,496389,26.981578305112752
20,12,0.025,xgboost,100,15,0.45,0.124665267765522,False,0.2839838346283568,0.2668299337985328,0.987542421984935,0.42013980596200234,0.542110217016534,0.288228232516809,95444,262252,1839733,496389,26.981578305112752
30,9,0.02,xgboost,200,15,0.5,0.0865679606795311,False,0.2940221749638035,0.2777665226003962,0.9873475960432482,0.4335610587364644,0.5414101454403887,0.2998422146645421,98716,256676,1826832,512809,28.07094467362078
10,6,0.02,random_forest,100,15,0.45,0.4357396968406255,False,0.26503103913630227,0.2472314069089203,0.9871634279633305,0.3954290738257418,0.5337347218613971,0.26254067415849575,89053,271148,1852497,463746,25.03356280738916
10,6,0.02,random_forest,100,15,0.5,0.4357396968406255,False,0.26503103913630227,0.2472314069089203,0.9871634279633305,0.3954290738257418,0.5337347218613971,0.26254067415849575,89053,271148,1852497,463746,25.03356280738916
10,6,0.03,random_forest,200,5,0.5,0.47099960627538506,False,0.197859649122807,0.17796271637816244,0.9866957872556408,0.3015391412865426,0.5325770057070084,0.18948979383901812,64152,296328,1852497,331689,17.904968267155088
10,6,0.03,random_forest,200,5,0.45,0.47099960627538506,False,0.197859649122807,0.17796271637816244,0.9866957872556408,0.3015391412865426,0.5325770057070084,0.18948979383901812,64152,296328,1852497,331689,17.904968267155088
10,12,0.03,random_forest,100,5,0.45,0.4699523694908273,False,0.25466666666666665,0.2373449668301125,0.9866606714628298,0.3826435712624971,0.5353121940033161,0.2529089776323695,85579,274989,1852497,445120,24.028109087356146
10,12,0.03,random_forest,100,5,0.5,0.46995236949082725,False,0.25466666666666665,0.2373449668301125,0.9866606714628298,0.3826435712624971,0.5353121940033161,0.2529089776323695,85579,274989,1852497,445120,24.028109087356146
10,9,0.02,random_forest,100,10,0.45,0.46052065269535064,False,0.2964642375168691,0.27935670547817654,0.9863391463929262,0.43539757835683496,0.5342634161629997,0.2942267340870684,100505,259268,1852497,522645,28.21300115465774
10,9,0.02,random_forest,100,10,0.5,0.46052065269535064,False,0.2964642375168691,0.27935670547817654,0.9863391463929262,0.43539757835683496,0.5342634161629997,0.2942267340870684,100505,259268,1852497,522645,28.21300115465774
10,6,0.025,random_forest,200,10,0.45,0.45500351265073413,False,0.22980026990553307,0.20962307268875557,0.986110929469155,0.3457484736141012,0.5363852385629242,0.2248074985593094,75401,284297,1852497,391649,21.141680661291222
10,6,0.025,random_forest,200,10,0.5,0.45500351265073413,False,0.22980026990553307,0.20962307268875557,0.986110929469155,0.3457484736141012,0.5363852385629242,0.2248074985593094,75401,284297,1852497,391649,21.141680661291222
10,9,0.025,xgboost,100,10,0.45,0.17999222874641418,False,0.2626585695006748,0.24380611211854886,0.9854199219847791,0.3908986521889388,0.5364324578016272,0.2592337609626809,87660,271888,1852497,456265,24.629729494838585
10,9,0.025,xgboost,100,10,0.5,0.17999222874641418,False,0.2626585695006748,0.24380611211854886,0.9854199219847791,0.3908986521889388,0.5364324578016272,0.2592337609626809,87660,271888,1852497,456265,24.629729494838585
10,9,0.02,random_forest,200,15,0.45,0.4405489406647234,False,0.29726585695006746,0.2794721783082096,0.9854166462211842,0.4354478137840563,0.5355857643076777,0.2958731927388637,100411,258877,1852497,522645,28.21300115465774
10,9,0.02,random_forest,200,15,0.5,0.4405489406647234,False,0.29726585695006746,0.2794721783082096,0.9854166462211842,0.4354478137840563,0.5355857643076777,0.2958731927388637,100411,258877,1852497,522645,28.21300115465774
30,12,0.015,random_forest,100,5,0.5,0.46394174126758325,False,0.3508198605785416,0.3348280763025315,0.9852009511298825,0.4997964929299746,0.5430665951840731,0.3572950290608499,118498,235409,1826832,616358,33.739172512852846
30,12,0.015,random_forest,100,5,0.45,0.46394174126758325,False,0.3508198605785416,0.3348280763025315,0.9852009511298825,0.4997964929299746,0.5430665951840731,0.3572950290608499,118498,235409,1826832,616358,33.739172512852846
10,12,0.025,random_forest,100,10,0.5,0.4563164689160638,False,0.28517678812415653,0.2669512989362472,0.984986033519553,0.42005824775001643,0.5383988484328088,0.28520697688111696,95914,263380,1852497,500144,26.998370307752182
10,12,0.025,random_forest,100,10,0.45,0.45631646891606387,False,0.28517678812415653,0.2669512989362472,0.984986033519553,0.42005824775001643,0.5383988484328088,0.28520697688111696,95914,263380,1852497,500144,26.998370307752182
15,6,0.03,xgboost,200,15,0.5,0.05564331263303757,False,0.19870109118090745,0.17771481635373412,0.9845963692545384,0.30108522590368564,0.529807102317176,0.18902789434764644,63728,294869,1846162,330255,17.888733491427082
15,6,0.03,xgboost,200,15,0.45,0.05564331263303757,False,0.19870109118090745,0.17771481635373412,0.9845963692545384,0.30108522590368564,0.529807102317176,0.18902789434764644,63728,294869,1846162,330255,17.888733491427082
30,9,0.015,xgboost,100,10,0.45,0.21737001836299896,False,0.33866222182079936,0.3198312020895548,0.984324267709388,0.48279153993188967,0.5548194104581039,0.3502570180040224,112776,239835,1826832,587045,32.13459146763359
30,9,0.015,xgboost,100,10,0.5,0.21737001836299896,False,0.33866222182079936,0.3198312020895548,0.984324267709388,0.48279153993188967,0.5548194104581039,0.3502570180040224,112776,239835,1826832,587045,32.13459146763359
10,6,0.025,random_forest,100,5,0.5,0.47459928868560686,False,0.22975708502024292,0.20936974836677685,0.9841361181224906,0.3452824777745913,0.5317874737100055,0.22113235576332127,75250,284162,1852497,391649,21.141680661291222
10,6,0.025,random_forest,100,5,0.45,0.4745992886856068,False,0.22975708502024292,0.20936974836677685,0.9841361181224906,0.3452824777745913,0.5317874737100055,0.22113235576332127,75250,284162,1852497,391649,21.141680661291222
10,6,0.02,random_forest,100,10,0.45,0.4625769883332076,False,0.26739811066126856,0.24739192738099886,0.9836716143264125,0.3953531370780009,0.5338762779866888,0.2622909050638039,88738,269956,1852497,463746,25.03356280738916
10,6,0.02,random_forest,100,10,0.5,0.4625769883332076,False,0.26739811066126856,0.24739192738099886,0.9836716143264125,0.3953531370780009,0.5338762779866888,0.2622909050638039,88738,269956,1852497,463746,25.03356280738916
10,6,0.02,xgboost,100,10,0.5,0.1879468411207199,False,0.2669014844804318,0.24725663618175028,0.9836051035904713,0.3951749922619061,0.5335753716363048,0.26218438005741823,88732,270134,1852497,463746,25.03356280738916
10,6,0.02,xgboost,100,10,0.45,0.1879468411207199,False,0.2669014844804318,0.24725663618175028,0.9836051035904713,0.3951749922619061,0.5335753716363048,0.26218438005741823,88732,270134,1852497,463746,25.03356280738916
10,9,0.03,xgboost,100,15,0.45,0.11240927875041962,False,0.23309311740890687,0.21253086643152036,0.9835987425273139,0.349535855319636,0.529616828956679,0.22371705038412723,76343,282866,1852497,398143,21.49223453533258
10,9,0.03,xgboost,100,15,0.5,0.11240927875041962,False,0.23309311740890687,0.21253086643152036,0.9835987425273139,0.349535855319636,0.529616828956679,0.22371705038412723,76343,282866,1852497,398143,21.49223453533258
10,12,0.03,random_forest,200,5,0.45,0.47127615090425806,False,0.2572199730094467,0.23755918230936335,0.9834209555432577,0.38267727839639654,0.5349757399157916,0.2529329503973265,85298,273762,1852497,445120,24.028109087356146
10,12,0.03,random_forest,200,5,0.5,0.47127615090425806,False,0.2572199730094467,0.23755918230936335,0.9834209555432577,0.38267727839639654,0.5349757399157916,0.2529329503973265,85298,273762,1852497,445120,24.028109087356146
20,12,0.025,xgboost,200,15,0.5,0.10164377838373184,False,0.2865249614754299,0.26697404688250714,0.9831450211075242,0.41991872882872733,0.5387685438112673,0.2857719159780107,95019,260892,1839733,496389,26.981578305112752
20,12,0.025,xgboost,200,15,0.45,0.10164377838373184,False,0.2865249614754299,0.26697404688250714,0.9831450211075242,0.41991872882872733,0.5387685438112673,0.2857719159780107,95019,260892,1839733,496389,26.981578305112752
10,9,0.025,random_forest,100,5,0.45,0.4747816873193726,False,0.2633009446693657,0.2436465474001003,0.9828906100700339,0.39049433138983114,0.5315689842592156,0.25617107421541513,87435,271425,1852497,456265,24.629729494838585
10,9,0.025,random_forest,100,5,0.5,0.4747816873193726,False,0.2633009446693657,0.2436465474001003,0.9828906100700339,0.39049433138983114,0.5315689842592156,0.25617107421541513,87435,271425,1852497,456265,24.629729494838585
10,9,0.025,random_forest,100,10,0.45,0.45910863190178963,False,0.2654197031039136,0.24414639119396023,0.9826208167991277,0.3911146707712133,0.5362465047982619,0.25899147391011096,87411,270616,1852497,456265,24.629729494838585
10,9,0.025,random_forest,100,10,0.5,0.45910863190178974,False,0.2654197031039136,0.24414639119396023,0.9826208167991277,0.3911146707712133,0.5362465047982619,0.25899147391011096,87411,270616,1852497,456265,24.629729494838585
10,6,0.025,xgboost,100,10,0.5,0.15416164696216583,False,0.23202699055330633,0.2096567583633578,0.9824882622967972,0.34557088379923734,0.5357960277238838,0.2242664704278289,75124,283195,1852497,391649,21.141680661291222
10,6,0.025,xgboost,100,10,0.45,0.15416164696216583,False,0.23202699055330633,0.2096567583633578,0.9824882622967972,0.34557088379923734,0.5357960277238838,0.2242664704278289,75124,283195,1852497,391649,21.141680661291222
10,6,0.03,random_forest,100,5,0.5,0.4725538020953221,False,0.2015033738191633,0.17812799803663462,0.9823738406878201,0.3015734740370882,0.5324654923689779,0.189493747487108,63871,294697,1852497,331689,17.904968267155088
10,6,0.03,random_forest,100,5,0.45,0.47255380209532205,False,0.2015033738191633,0.17812799803663462,0.9823738406878201,0.3015734740370882,0.5324654923689779,0.189493747487108,63871,294697,1852497,331689,17.904968267155088
30,9,0.015,xgboost,200,10,0.5,0.2023298740386963,False,0.3388921276415221,0.3196659612844584,0.9822644276088398,0.4823552859135884,0.5517108402249391,0.34834510720764755,112540,239515,1826832,587045,32.13459146763359
30,9,0.015,xgboost,200,10,0.45,0.2023298740386963,False,0.3388921276415221,0.3196659612844584,0.9822644276088398,0.4823552859135884,0.5517108402249391,0.34834510720764755,112540,239515,1826832,587045,32.13459146763359
10,6,0.02,random_forest,200,10,0.5,0.4630024388978305,False,0.2683967611336032,0.24745708747842504,0.9821751227677334,0.3953152711007997,0.53406748273781,0.26250474405833285,88603,269451,1852497,463746,25.03356280738916
10,6,0.02,random_forest,200,10,0.45,0.4630024388978305,False,0.2683967611336032,0.24745708747842504,0.9821751227677334,0.3953152711007997,0.53406748273781,0.26250474405833285,88603,269451,1852497,463746,25.03356280738916
30,9,0.02,xgboost,100,15,0.5,0.12852613627910614,False,0.29864766111882024,0.278439734813899,0.9821266040547704,0.43387335161132823,0.5450666434577774,0.30177323191568184,98194,254464,1826832,512809,28.07094467362078
30,12,0.015,random_forest,200,5,0.5,0.4659811601974067,False,0.3529355415240019,0.3352063432602859,0.9820416036182843,0.49980958506469875,0.5428655041615241,0.3571565526969444,118118,234256,1826832,616358,33.739172512852846
30,12,0.015,xgboost,100,10,0.5,0.2338048666715622,False,0.35473647045299656,0.33581851889764675,0.9819085784599012,0.500472495667024,0.5548843349252729,0.3661466518211201,118102,233582,1826832,616358,33.739172512852846
10,6,0.02,random_forest,200,15,0.45,0.44386164583636323,False,0.2699379217273954,0.2477182592438139,0.9811220361153297,0.3955629446887626,0.5351144473781234,0.2633165980671286,88508,268785,1852497,463746,25.03356280738916
10,6,0.02,random_forest,200,15,0.5,0.4438616458363633,False,0.2699379217273954,0.2477182592438139,0.9811220361153297,0.3955629446887626,0.5351144473781234,0.2633165980671286,88508,268785,1852497,463746,25.03356280738916
10,6,0.025,random_forest,100,15,0.5,0.4332060451118604,False,0.23437516869095817,0.2098699742076772,0.98009494788329,0.3457118737112094,0.5349279109279046,0.22413640647259767,74941,282142,1852497,391649,21.141680661291222
10,6,0.025,random_forest,100,15,0.45,0.4332060451118604,False,0.23437516869095817,0.2098699742076772,0.98009494788329,0.3457118737112094,0.5349279109279046,0.22413640647259767,74941,282142,1852497,391649,21.141680661291222
15,9,0.025,random_forest,200,5,0.45,0.4637307927181359,False,0.26683963784385467,0.2440963476070529,0.9794362161735344,0.3907976136627037,0.5413148722454848,0.2631004898058452,86828,268884,1846162,454794,24.634566197332628
15,9,0.025,random_forest,200,5,0.5,0.4637307927181358,False,0.26683963784385467,0.2440963476070529,0.9794362161735344,0.3907976136627037,0.5413148722454848,0.2631004898058452,86828,268884,1846162,454794,24.634566197332628
10,6,0.02,xgboost,100,5,0.45,0.21292643249034882,False,0.2714871794871795,0.24788787721488797,0.9793262462449147,0.39563283968419594,0.5382135366248153,0.26548721000838166,88346,268049,1852497,463746,25.03356280738916
10,6,0.02,xgboost,100,5,0.5,0.21292643249034882,False,0.2714871794871795,0.24788787721488797,0.9793262462449147,0.39563283968419594,0.5382135366248153,0.26548721000838166,88346,268049,1852497,463746,25.03356280738916
20,6,0.025,xgboost,100,15,0.45,0.10080097615718842,False,0.23655309052662477,0.21023152978164555,0.9792706536197338,0.3461508023332138,0.5404258421130594,0.22741524779046213,74357,279334,1839733,388950,21.141654794472895
20,6,0.025,xgboost,100,15,0.5,0.10080097615718842,False,0.23655309052662477,0.21023152978164555,0.9792706536197338,0.3461508023332138,0.5404258421130594,0.22741524779046213,74357,279334,1839733,388950,21.141654794472895
15,6,0.02,xgboost,200,5,0.45,0.2000962197780609,False,0.2736348051230524,0.24823149491607716,0.9790576499142711,0.39604838854960456,0.547234964167889,0.27131896825135865,87937,266317,1846162,461752,25.01145619940179
15,6,0.02,xgboost,200,5,0.5,0.2000962197780609,False,0.2736348051230524,0.24823149491607716,0.9790576499142711,0.39604838854960456,0.547234964167889,0.27131896825135865,87937,266317,1846162,461752,25.01145619940179
20,9,0.025,xgboost,100,15,0.5,0.12579570710659027,False,0.2698731067246098,0.24473152138823917,0.9781117725616243,0.39150524580064144,0.5412799000643268,0.2631917580613639,86424,266714,1839733,453265,24.63754251296248
20,9,0.025,xgboost,100,15,0.45,0.12579570710659027,False,0.2698731067246098,0.24473152138823917,0.9781117725616243,0.39150524580064144,0.5412799000643268,0.2631917580613639,86424,266714,1839733,453265,24.63754251296248
20,12,0.015,xgboost,200,5,0.45,0.27607524394989014,False,0.35927185165254777,0.3383101950430117,0.9779482970865818,0.5027126223422207,0.5518428289238626,0.3656316404984348,119163,233067,1839733,624545,33.94758913385801
20,12,0.015,xgboost,200,5,0.5,0.27607524394989014,False,0.35927185165254777,0.3383101950430117,0.9779482970865818,0.5027126223422207,0.5518428289238626,0.3656316404984348,119163,233067,1839733,624545,33.94758913385801
10,9,0.025,random_forest,100,15,0.5,0.43807866584840943,False,0.2687935222672065,0.2443971196826369,0.9778769517856942,0.3910584638899503,0.5367491615795866,0.26031543418084535,86989,268944,1852497,456265,24.629729494838585
10,9,0.025,random_forest,100,15,0.45,0.43807866584840943,False,0.2687935222672065,0.2443971196826369,0.9778769517856942,0.3910584638899503,0.5367491615795866,0.26031543418084535,86989,268944,1852497,456265,24.629729494838585
10,9,0.025,random_forest,200,10,0.5,0.4616643215860695,False,0.2691390013495277,0.2444563124534454,0.9776521240599391,0.39111624790318444,0.5364398325020769,0.2590316725137489,86969,268796,1852497,456265,24.629729494838585
10,9,0.025,random_forest,200,10,0.45,0.4616643215860695,False,0.2691390013495277,0.2444563124534454,0.9776521240599391,0.39111624790318444,0.5364398325020769,0.2590316725137489,86969,268796,1852497,456265,24.629729494838585
15,6,0.03,xgboost,100,15,0.5,0.08744396269321442,False,0.2061327129481926,0.17820621560466748,0.9770876786404017,0.3014351558366658,0.53406969687777,0.19123417218826888,63242,291639,1846162,330255,17.888733491427082
15,6,0.03,xgboost,100,15,0.45,0.08744396269321442,False,0.2061327129481926,0.17820621560466748,0.9770876786404017,0.3014351558366658,0.53406969687777,0.19123417218826888,63242,291639,1846162,330255,17.888733491427082
10,6,0.025,random_forest,200,15,0.45,0.43787097949492826,False,0.23728475033738192,0.21012603399345783,0.9770477224278409,0.34586876912606884,0.5361046000487346,0.22514312676937237,74708,280831,1852497,391649,21.141680661291222
10,6,0.025,random_forest,200,15,0.5,0.43787097949492826,False,0.23728475033738192,0.21012603399345783,0.9770477224278409,0.34586876912606884,0.5361046000487346,0.22514312676937237,74708,280831,1852497,391649,21.141680661291222
10,9,0.03,xgboost,200,10,0.5,0.14659669995307922,False,0.2390472334682861,0.21295648484541962,0.9764868068439497,0.3496580279805774,0.536322165749275,0.22783720396196602,75791,280108,1852497,398143,21.49223453533258
10,9,0.03,xgboost,200,10,0.45,0.14659669995307922,False,0.2390472334682861,0.21295648484541962,0.9764868068439497,0.3496580279805774,0.536322165749275,0.22783720396196602,75791,280108,1852497,398143,21.49223453533258
15,9,0.025,random_forest,100,15,0.5,0.4211615370639409,False,0.2714356517429374,0.24488595054415013,0.9764582463818795,0.39157005278894824,0.5469246440105174,0.26681382207942994,86564,266923,1846162,454794,24.634566197332628
15,9,0.025,random_forest,100,15,0.45,0.42116153706394094,False,0.2714356517429374,0.24488595054415013,0.9764582463818795,0.39157005278894824,0.5469246440105174,0.26681382207942994,86564,266923,1846162,454794,24.634566197332628
10,6,0.03,random_forest,100,10,0.45,0.45482028913683775,False,0.20861538461538462,0.17869744834597287,0.9759908946890813,0.3020851185375607,0.5365681215310742,0.19259235834125282,63456,291647,1852497,331689,17.904968267155088
10,6,0.03,random_forest,100,10,0.5,0.45482028913683775,False,0.20861538461538462,0.17869744834597287,0.9759908946890813,0.3020851185375607,0.5365681215310742,0.19259235834125282,63456,291647,1852497,331689,17.904968267155088
30,12,0.015,xgboost,100,5,0.5,0.2747705578804016,False,0.3604348504380527,0.33714016533293506,0.9758559337534711,0.5011442624630676,0.5561632944367041,0.3671995603511661,117374,230772,1826832,616358,33.739172512852846
15,9,0.025,random_forest,100,5,0.45,0.46561543020382784,False,0.2697537869042041,0.2443323086659735,0.9754881501618707,0.39078418480434357,0.5413882262166152,0.26318409587413993,86478,267458,1846162,454794,24.634566197332628
15,9,0.025,random_forest,100,5,0.5,0.46561543020382784,False,0.2697537869042041,0.2443323086659735,0.9754881501618707,0.39078418480434357,0.5413882262166152,0.26318409587413993,86478,267458,1846162,454794,24.634566197332628
20,9,0.025,xgboost,200,15,0.5,0.09892422705888748,False,0.27149290522819863,0.24472673341591752,0.9748409877996334,0.3912364133520469,0.53731152117119,0.2609934000483014,86135,265829,1839733,453265,24.63754251296248
20,9,0.025,xgboost,200,15,0.45,0.09892422705888748,False,0.27149290522819863,0.24472673341591752,0.9748409877996334,0.3912364133520469,0.53731152117119,0.2609934000483014,86135,265829,1839733,453265,24.63754251296248
30,9,0.02,xgboost,200,10,0.5,0.1744416058063507,False,0.3065602531153607,0.27979429339321144,0.9746051749832468,0.4347721330346865,0.5537961970448113,0.30797532080787804,97442,250821,1826832,512809,28.07094467362078
30,9,0.02,xgboost,200,10,0.45,0.1744416058063507,False,0.3065602531153607,0.27979429339321144,0.9746051749832468,0.4347721330346865,0.5537961970448113,0.30797532080787804,97442,250821,1826832,512809,28.07094467362078
10,6,0.025,random_forest,100,10,0.45,0.45995388142192634,False,0.23892577597840756,0.21017241719715582,0.9745367040267842,0.34577387995638154,0.5364319576966304,0.22470177754457665,74516,280031,1852497,391649,21.141680661291222
10,6,0.025,random_forest,100,10,0.5,0.45995388142192634,False,0.23892577597840756,0.21017241719715582,0.9745367040267842,0.34577387995638154,0.5364319576966304,0.22470177754457665,74516,280031,1852497,391649,21.141680661291222
10,9,0.03,random_forest,200,5,0.5,0.47379063424977536,False,0.24132793522267207,0.21313689553080503,0.973884250669965,0.34973372876885994,0.5336513582366829,0.2250718441598521,75589,279061,1852497,398143,21.49223453533258
10,9,0.03,random_forest,200,5,0.45,0.47379063424977536,False,0.24132793522267207,0.21313689553080503,0.973884250669965,0.34973372876885994,0.5336513582366829,0.2250718441598521,75589,279061,1852497,398143,21.49223453533258
30,12,0.02,xgboost,200,10,0.45,0.1908913254737854,False,0.32598729496643103,0.30005463538072236,0.9734225157655136,0.4587124908782388,0.5552720277588605,0.32932806947048965,104347,243413,1826832,550114,30.11300437040735
30,12,0.02,xgboost,200,10,0.5,0.1908913254737854,False,0.32598729496643103,0.30005463538072236,0.9734225157655136,0.4587124908782388,0.5552720277588605,0.32932806947048965,104347,243413,1826832,550114,30.11300437040735
30,12,0.02,xgboost,100,10,0.5,0.21089617908000946,False,0.3276103205817712,0.3004832560565499,0.9727415202059778,0.4591373726654881,0.5567107505414204,0.3297780566527059,104274,242747,1826832,550114,30.11300437040735
30,12,0.02,xgboost,100,10,0.45,0.21089617908000946,False,0.3276103205817712,0.3004832560565499,0.9727415202059778,0.4591373726654881,0.5567107505414204,0.3297780566527059,104274,242747,1826832,550114,30.11300437040735
10,9,0.03,random_forest,100,5,0.45,0.47416532167321207,False,0.24256410256410257,0.2132149355272526,0.9723124098124099,0.3497372348017907,0.533651545083835,0.22511535109399816,75467,278481,1852497,398143,21.49223453533258
10,9,0.03,random_forest,100,5,0.5,0.47416532167321207,False,0.24256410256410257,0.2132149355272526,0.9723124098124099,0.3497372348017907,0.533651545083835,0.22511535109399816,75467,278481,1852497,398143,21.49223453533258
30,12,0.015,xgboost,200,5,0.5,0.2711181342601776,False,0.36476200642094114,0.33791114010292095,0.9690383943863383,0.5010887719984609,0.5570958132554079,0.36844033708425183,116554,228371,1826832,616358,33.739172512852846
30,12,0.015,xgboost,200,5,0.45,0.2711181342601776,False,0.36476200642094114,0.33791114010292095,0.9690383943863383,0.5010887719984609,0.5570958132554079,0.36844033708425183,116554,228371,1826832,616358,33.739172512852846
15,6,0.02,random_forest,200,5,0.45,0.4723640066385656,False,0.27755103146251825,0.2479385937419866,0.9688481150771561,0.3948347519918692,0.5379064686235067,0.26409290865072066,87020,263954,1846162,461752,25.01145619940179
15,6,0.02,random_forest,200,5,0.5,0.4723640066385656,False,0.27755103146251825,0.2479385937419866,0.9688481150771561,0.3948347519918692,0.5379064686235067,0.26409290865072066,87020,263954,1846162,461752,25.01145619940179
10,6,0.03,random_forest,200,10,0.5,0.45790860929699884,False,0.21445074224021593,0.1789369916562737,0.9687620160881001,0.3020780877564038,0.5368709139329765,0.19280498653887765,62986,289015,1852497,331689,17.904968267155088
10,6,0.03,random_forest,200,10,0.45,0.45790860929699884,False,0.21445074224021593,0.1789369916562737,0.9687620160881001,0.3020780877564038,0.5368709139329765,0.19280498653887765,62986,289015,1852497,331689,17.904968267155088
10,9,0.03,random_forest,100,15,0.45,0.4363472008989983,False,0.24809176788124157,0.21397951689941191,0.9685374149659864,0.35051873266034084,0.5387945845203607,0.22887883193945088,75174,276140,1852497,398143,21.49223453533258
10,9,0.03,random_forest,100,15,0.5,0.4363472008989983,False,0.24809176788124157,0.21397951689941191,0.9685374149659864,0.35051873266034084,0.5387945845203607,0.22887883193945088,75174,276140,1852497,398143,21.49223453533258
20,12,0.02,xgboost,100,5,0.45,0.25260671973228455,False,0.33294740818650514,0.3030254153321505,0.9681955385408231,0.4615843599733249,0.5526522092292565,0.3282763504924574,105208,241984,1839733,557719,30.31521421858498
20,12,0.02,xgboost,100,5,0.5,0.25260671973228455,False,0.33294740818650514,0.3030254153321505,0.9681955385408231,0.4615843599733249,0.5526522092292565,0.3282763504924574,105208,241984,1839733,557719,30.31521421858498
10,9,0.03,random_forest,100,10,0.45,0.46035704449698855,False,0.24861538461538463,0.21397392354858563,0.9675582354153782,0.3504470535530958,0.5387352748132589,0.22822536684764638,75098,275870,1852497,398143,21.49223453533258
10,9,0.03,random_forest,100,10,0.5,0.46035704449698855,False,0.24861538461538463,0.21397392354858563,0.9675582354153782,0.3504470535530958,0.5387352748132589,0.22822536684764638,75098,275870,1852497,398143,21.49223453533258
10,9,0.03,random_forest,200,15,0.45,0.4392709852162461,False,0.24916059379217273,0.2140612793038361,0.9672747887033601,0.3505455971685912,0.5394633157349613,0.2291995203556582,75076,275646,1852497,398143,21.49223453533258
10,9,0.03,random_forest,200,15,0.5,0.43927098521624613,False,0.24916059379217273,0.2140612793038361,0.9672747887033601,0.3505455971685912,0.5394633157349613,0.2291995203556582,75076,275646,1852497,398143,21.49223453533258
10,6,0.025,xgboost,100,5,0.45,0.17898067831993103,False,0.24532523616734142,0.2106557050153543,0.9671213528111635,0.3459561876469281,0.5396345052883796,0.22704705571639155,73949,277093,1852497,391649,21.141680661291222
10,6,0.025,xgboost,100,5,0.5,0.17898067831993103,False,0.24532523616734142,0.2106557050153543,0.9671213528111635,0.3459561876469281,0.5396345052883796,0.22704705571639155,73949,277093,1852497,391649,21.141680661291222
30,9,0.025,xgboost,100,15,0.5,0.11907847225666046,False,0.2780327725273492,0.24428697244304354,0.9664301841812701,0.3899941493015006,0.5468860662677784,0.26710524687233145,84322,260854,1826832,447586,24.500665633183566
30,9,0.025,xgboost,100,15,0.45,0.11907847225666046,False,0.2780327725273492,0.24428697244304354,0.9664301841812701,0.3899941493015006,0.5468860662677784,0.26710524687233145,84322,260854,1826832,447586,24.500665633183566
20,6,0.03,xgboost,200,15,0.5,0.06265590339899063,False,0.21650944293607502,0.17898219676534396,0.9662581914514555,0.3020204588099994,0.5362757574594845,0.19203513475376846,62371,286105,1839733,329417,17.905696098292523
20,12,0.02,xgboost,200,5,0.45,0.24696171283721924,False,0.3346514579545424,0.30328074925805304,0.9658212471471692,0.4616098506090655,0.5541494690655099,0.32927230068934404,104950,241099,1839733,557719,30.31521421858498
20,12,0.02,xgboost,200,5,0.5,0.24696171283721924,False,0.3346514579545424,0.30328074925805304,0.9658212471471692,0.4616098506090655,0.5541494690655099,0.32927230068934404,104950,241099,1839733,557719,30.31521421858498
15,6,0.025,random_forest,200,5,0.45,0.4691640499008678,False,0.24637559481411467,0.21053174273561803,0.9654302826520963,0.3456807541544098,0.5407170911987483,0.22628796545731641,73504,275631,1846162,389946,21.121981711247443
15,6,0.025,random_forest,200,5,0.5,0.46916404990086774,False,0.24637559481411467,0.21053174273561803,0.9654302826520963,0.3456807541544098,0.5407170911987483,0.22628796545731641,73504,275631,1846162,389946,21.121981711247443
20,9,0.03,xgboost,200,15,0.5,0.0842239186167717,False,0.24964193212609426,0.21383374654141957,0.9642931258106355,0.35004449299176527,0.5400843285715935,0.23074154932566585,74347,273339,1839733,395554,21.50061992691331
20,9,0.03,xgboost,200,15,0.45,0.0842239186167717,False,0.24964193212609426,0.21383374654141957,0.9642931258106355,0.35004449299176527,0.5400843285715935,0.23074154932566585,74347,273339,1839733,395554,21.50061992691331
30,9,0.02,random_forest,200,10,0.45,0.44461354852476725,False,0.31765868291334465,0.28176152838836405,0.9641231834048469,0.4360801912719722,0.5533928877097155,0.3058902351489251,96394,245718,1826832,512809,28.07094467362078
30,9,0.02,random_forest,200,10,0.5,0.44461354852476725,False,0.31765868291334465,0.28176152838836405,0.9641231834048469,0.4360801912719722,0.5533928877097155,0.3058902351489251,96394,245718,1826832,512809,28.07094467362078
30,12,0.025,xgboost,200,10,0.5,0.1716957688331604,False,0.30322935568893744,0.267793210416448,0.9639712441622501,0.41914662054709195,0.556384906678083,0.29584450944214885,91852,251144,1826832,489397,26.78938183697242
30,12,0.025,xgboost,200,10,0.45,0.1716957688331604,False,0.30322935568893744,0.267793210416448,0.9639712441622501,0.41914662054709195,0.556384906678083,0.29584450944214885,91852,251144,1826832,489397,26.78938183697242
15,12,0.03,random_forest,200,5,0.5,0.4674221699288279,False,0.27349126432361137,0.2390748452383344,0.9639542687865954,0.3831282467569799,0.5440149900541326,0.2582786370124718,83303,265136,1846162,443601,24.028281375090593
15,12,0.03,random_forest,200,5,0.45,0.4674221699288279,False,0.27349126432361137,0.2390748452383344,0.9639542687865954,0.3831282467569799,0.5440149900541326,0.2582786370124718,83303,265136,1846162,443601,24.028281375090593
15,6,0.025,random_forest,100,5,0.5,0.4694575449716038,False,0.2480276681661715,0.2105780195727544,0.9628822107807082,0.34557937931473365,0.54037273772801,0.226204662619838,73310,274827,1846162,389946,21.121981711247443
15,6,0.025,random_forest,100,5,0.45,0.4694575449716038,False,0.2480276681661715,0.2105780195727544,0.9628822107807082,0.34557937931473365,0.54037273772801,0.226204662619838,73310,274827,1846162,389946,21.121981711247443
20,9,0.03,xgboost,100,15,0.5,0.1150236651301384,False,0.25469429021027484,0.21448455056586613,0.9603761348897536,0.3506557776867469,0.5440830114604629,0.2333857941244968,74045,271178,1839733,395554,21.50061992691331
20,9,0.03,xgboost,100,15,0.45,0.1150236651301384,False,0.25469429021027484,0.21448455056586613,0.9603761348897536,0.3506557776867469,0.5440830114604629,0.2333857941244968,74045,271178,1839733,395554,21.50061992691331
15,6,0.03,xgboost,200,10,0.45,0.12168571352958679,False,0.22458989310272917,0.17953916997373628,0.9589957512553109,0.3024541416838633,0.5433101882974387,0.19596833845420392,62071,283653,1846162,330255,17.888733491427082
15,6,0.03,xgboost,200,10,0.5,0.12168571352958679,False,0.22458989310272917,0.17953916997373628,0.9589957512553109,0.3024541416838633,0.5433101882974387,0.19596833845420392,62071,283653,1846162,330255,17.888733491427082
30,9,0.02,random_forest,100,10,0.45,0.44777727214250457,False,0.322500390018803,0.2823165280404578,0.9570118322481271,0.4360107723364213,0.5531150144937371,0.30564962769676096,95683,243238,1826832,512809,28.07094467362078
30,9,0.02,random_forest,100,10,0.5,0.44777727214250446,False,0.322500390018803,0.2823165280404578,0.9570118322481271,0.4360107723364213,0.5531150144937371,0.30564962769676096,95683,243238,1826832,512809,28.07094467362078
15,6,0.025,random_forest,200,15,0.45,0.4343086364915774,False,0.257349695178925,0.21167031066677924,0.9549490385625723,0.34653009963705517,0.5458713284415495,0.2300676867103813,72706,270781,1846162,389946,21.121981711247443
15,6,0.025,random_forest,200,15,0.5,0.4343086364915773,False,0.257349695178925,0.21167031066677924,0.9549490385625723,0.34653009963705517,0.5458713284415495,0.2300676867103813,72706,270781,1846162,389946,21.121981711247443
10,9,0.03,xgboost,100,10,0.45,0.16987957060337067,False,0.2580998650472335,0.21443007041601037,0.9541718202432489,0.3501673790520861,0.5387143566422125,0.22938924903321775,74059,271317,1852497,398143,21.49223453533258
10,9,0.03,xgboost,100,10,0.5,0.16987957060337067,False,0.2580998650472335,0.21443007041601037,0.9541718202432489,0.3501673790520861,0.5387143566422125,0.22938924903321775,74059,271317,1852497,398143,21.49223453533258
10,9,0.03,random_forest,200,10,0.45,0.46376834443078785,False,0.259748987854251,0.21472072234134226,0.9534760874046588,0.3505078468194746,0.5387750944378251,0.22840891322056064,74005,270652,1852497,398143,21.49223453533258
10,9,0.03,random_forest,200,10,0.5,0.4637683444307879,False,0.259748987854251,0.21472072234134226,0.9534760874046588,0.3505078468194746,0.5387750944378251,0.22840891322056064,74005,270652,1852497,398143,21.49223453533258
30,9,0.025,random_forest,100,5,0.5,0.4665376180700036,False,0.2940221749638035,0.24675224479379945,0.9530664404992493,0.3920113705736907,0.5495280971149983,0.2656753188393962,83156,253846,1826832,447586,24.500665633183566
30,9,0.025,random_forest,100,5,0.45,0.4665376180700036,False,0.2940221749638035,0.24675224479379945,0.9530664404992493,0.3920113705736907,0.5495280971149983,0.2656753188393962,83156,253846,1826832,447586,24.500665633183566
30,12,0.02,xgboost,200,5,0.5,0.24277037382125854,False,0.344059534659671,0.3033115257488871,0.9527874174409493,0.4601411486972016,0.5594321922282419,0.3322813848756679,102135,234598,1826832,550114,30.11300437040735
30,12,0.02,xgboost,200,5,0.45,0.24277037382125854,False,0.344059534659671,0.3033115257488871,0.9527874174409493,0.4601411486972016,0.5594321922282419,0.3322813848756679,102135,234598,1826832,550114,30.11300437040735
20,6,0.02,xgboost,100,5,0.45,0.20836640894412994,False,0.29791790665503454,0.251211903189281,0.9510174921581104,0.3974398148904061,0.5545452913878598,0.27488595435164265,85195,253941,1839733,460574,25.034828423472323
20,6,0.02,xgboost,100,5,0.5,0.20836640894412994,False,0.29791790665503454,0.251211903189281,0.9510174921581104,0.3974398148904061,0.5545452913878598,0.27488595435164265,85195,253941,1839733,460574,25.034828423472323
20,6,0.02,xgboost,200,5,0.45,0.2047400027513504,False,0.2989017440011741,0.25140695772335636,0.9504593505464206,0.39763506492596734,0.5558663656077554,0.27592627793901003,85145,253529,1839733,460574,25.034828423472323
20,6,0.02,xgboost,200,5,0.5,0.2047400027513504,False,0.2989017440011741,0.25140695772335636,0.9504593505464206,0.39763506492596734,0.5558663656077554,0.27592627793901003,85145,253529,1839733,460574,25.034828423472323
10,6,0.025,xgboost,200,5,0.45,0.17929212749004364,False,0.2600458839406208,0.21162037577313572,0.948628748545048,0.3460449450531102,0.539522994126638,0.22732672622989167,72535,270225,1852497,391649,21.141680661291222
10,6,0.025,xgboost,200,5,0.5,0.17929212749004364,False,0.2600458839406208,0.21162037577313572,0.948628748545048,0.3460449450531102,0.539522994126638,0.22732672622989167,72535,270225,1852497,391649,21.141680661291222
10,9,0.03,xgboost,200,5,0.5,0.1817505657672882,False,0.26581646423751687,0.21537731732956958,0.9476396619253762,0.35098384945564387,0.5433565561473191,0.23187049878641094,73552,267951,1852497,398143,21.49223453533258
10,9,0.03,xgboost,200,5,0.45,0.1817505657672882,False,0.26581646423751687,0.21537731732956958,0.9476396619253762,0.35098384945564387,0.5433565561473191,0.23187049878641094,73552,267951,1852497,398143,21.49223453533258
10,6,0.03,random_forest,200,15,0.45,0.44269916475994897,False,0.23499325236167343,0.17991171918964546,0.9441069258809235,0.30222968431884706,0.5364538142573617,0.19256341182363654,61383,279801,1852497,331689,17.904968267155088
10,6,0.03,random_forest,200,15,0.5,0.44269916475994897,False,0.23499325236167343,0.17991171918964546,0.9441069258809235,0.30222968431884706,0.5364538142573617,0.19256341182363654,61383,279801,1852497,331689,17.904968267155088
20,9,0.025,xgboost,100,5,0.5,0.205159991979599,False,0.30138579741104016,0.2485564296637681,0.9436496978202313,0.3934725620618625,0.5548683149771475,0.2722476672941596,83379,252074,1839733,453265,24.63754251296248
15,9,0.03,random_forest,200,5,0.5,0.4724542376993322,False,0.2673406764834129,0.21510175306114623,0.9426554804348669,0.3502752399342883,0.5444228056398279,0.23205166699759588,72921,266086,1846162,396901,21.498709214034303
15,9,0.03,random_forest,200,5,0.45,0.4724542376993321,False,0.2673406764834129,0.21510175306114623,0.9426554804348669,0.3502752399342883,0.5444228056398279,0.23205166699759588,72921,266086,1846162,396901,21.498709214034303
30,9,0.025,xgboost,200,10,0.45,0.16785892844200134,False,0.30195392577873753,0.24709552949688,0.9394620118967117,0.39127788610939396,0.5563306863044983,0.2724979260774274,81969,249761,1826832,447586,24.500665633183566
30,9,0.025,xgboost,200,10,0.5,0.16785892844200134,False,0.30195392577873753,0.24709552949688,0.9394620118967117,0.39127788610939396,0.5563306863044983,0.2724979260774274,81969,249761,1826832,447586,24.500665633183566
30,12,0.025,xgboost,100,10,0.45,0.2005910873413086,False,0.32529484053020663,0.2706454019885588,0.93643280684263,0.4199251243025995,0.5581511470684255,0.29662960737437305,89228,240458,1826832,489397,26.78938183697242
30,12,0.025,xgboost,100,10,0.5,0.2005910873413086,False,0.32529484053020663,0.2706454019885588,0.93643280684263,0.4199251243025995,0.5581511470684255,0.29662960737437305,89228,240458,1826832,489397,26.78938183697242
30,6,0.025,xgboost,100,15,0.45,0.11408556997776031,False,0.27287631340542523,0.21214848279860843,0.9362796710692913,0.34591682731487294,0.548913869302147,0.23269174175866975,70250,260886,1826832,384467,21.045558650165972
30,6,0.025,xgboost,100,15,0.5,0.11408556997776031,False,0.27287631340542523,0.21214848279860843,0.9362796710692913,0.34591682731487294,0.548913869302147,0.23269174175866975,70250,260886,1826832,384467,21.045558650165972
30,12,0.03,xgboost,200,10,0.5,0.16063374280929565,False,0.3010534613142402,0.24099152465141713,0.9350116681988544,0.3832130539373388,0.5581916356803415,0.26648000418565865,79332,249858,1826832,435410,23.83415661648143
30,12,0.03,xgboost,200,10,0.45,0.16063374280929565,False,0.3010534613142402,0.24099152465141713,0.9350116681988544,0.3832130539373388,0.5581916356803415,0.26648000418565865,79332,249858,1826832,435410,23.83415661648143
20,9,0.03,xgboost,200,10,0.45,0.15297330915927887,False,0.28046430600059247,0.21693522353927888,0.9326329442282749,0.35199467401600243,0.5509032041650417,0.23667558869759206,71906,259557,1839733,395554,21.50061992691331
20,9,0.03,xgboost,200,10,0.5,0.15297330915927887,False,0.28046430600059247,0.21693522353927888,0.9326329442282749,0.35199467401600243,0.5509032041650417,0.23667558869759206,71906,259557,1839733,395554,21.50061992691331
15,9,0.03,random_forest,100,5,0.45,0.47551531669457137,False,0.28104746867154345,0.21615512298174136,0.9258761327352405,0.3504858003410756,0.5445418243939988,0.23207579486268087,71623,259727,1846162,396901,21.498709214034303
15,9,0.03,random_forest,100,5,0.5,0.47551531669457137,False,0.28104746867154345,0.21615512298174136,0.9258761327352405,0.3504858003410756,0.5445418243939988,0.23207579486268087,71623,259727,1846162,396901,21.498709214034303
30,6,0.03,xgboost,200,15,0.5,0.0677667185664177,False,0.2539501378066437,0.18058585086042064,0.9257272798557202,0.30221687487200494,0.5456505229740922,0.1973589114715616,59029,267846,1826832,325559,17.820960000700666
30,6,0.03,xgboost,200,15,0.45,0.0677667185664177,False,0.2539501378066437,0.18058585086042064,0.9257272798557202,0.30221687487200494,0.5456505229740922,0.1973589114715616,59029,267846,1826832,325559,17.820960000700666
30,12,0.025,xgboost,100,5,0.45,0.22421495616436005,False,0.3366040173305197,0.27249837607101984,0.9245526578160256,0.420932927193454,0.5594116157789253,0.29707322232690214,88096,235194,1826832,489397,26.78938183697242
30,12,0.025,xgboost,100,5,0.5,0.22421495616436005,False,0.3366040173305197,0.27249837607101984,0.9245526578160256,0.420932927193454,0.5594116157789253,0.29707322232690214,88096,235194,1826832,489397,26.78938183697242
30,9,0.025,xgboost,100,10,0.45,0.18570832908153534,False,0.3169580175549516,0.24912981384507904,0.923679957822833,0.3924186539093598,0.5587464715890151,0.27346935399008737,80592,242902,1826832,447586,24.500665633183566
30,9,0.025,xgboost,100,10,0.5,0.18570832908153534,False,0.3169580175549516,0.24912981384507904,0.923679957822833,0.3924186539093598,0.5587464715890151,0.27346935399008737,80592,242902,1826832,447586,24.500665633183566
30,6,0.025,xgboost,200,15,0.5,0.09294604510068893,False,0.2823407696918441,0.21240020404776686,0.921192573736189,0.3452059583713119,0.5470310007452698,0.23188503607868854,69118,256296,1826832,384467,21.045558650165972
30,12,0.025,xgboost,200,5,0.5,0.22019867599010468,False,0.33974606354706366,0.2729337672925055,0.9205646219237026,0.4210364631708295,0.5618619162768699,0.29888099732190454,87716,233666,1826832,489397,26.78938183697242
30,12,0.025,xgboost,200,5,0.45,0.22019867599010468,False,0.33974606354706366,0.2729337672925055,0.9205646219237026,0.4210364631708295,0.5618619162768699,0.29888099732190454,87716,233666,1826832,489397,26.78938183697242
30,9,0.025,xgboost,200,5,0.5,0.2007470279932022,False,0.3242055248558299,0.250602944116765,0.9193820128136068,0.3938509428079745,0.5628474678069704,0.27644731356644486,80217,239879,1826832,447586,24.500665633183566
30,9,0.025,xgboost,200,5,0.45,0.2007470279932022,False,0.3242055248558299,0.250602944116765,0.9193820128136068,0.3938509428079745,0.5628474678069704,0.27644731356644486,80217,239879,1826832,447586,24.500665633183566
15,6,0.03,random_forest,200,15,0.5,0.4420378951534393,False,0.2705283655577914,0.1823045727522839,0.9070529161838548,0.30359160519491263,0.5474062761693028,0.19737579924559484,58709,263329,1846162,330255,17.888733491427082
15,6,0.03,random_forest,200,15,0.45,0.44203789515343933,False,0.2705283655577914,0.1823045727522839,0.9070529161838548,0.30359160519491263,0.5474062761693028,0.19737579924559484,58709,263329,1846162,330255,17.888733491427082
30,9,0.025,xgboost,100,5,0.45,0.2089529037475586,False,0.33558859995566104,0.25176633601409876,0.9038062601001707,0.3938272529777511,0.5616670539734225,0.2756778586477183,78858,234361,1826832,447586,24.500665633183566
30,9,0.025,xgboost,100,5,0.5,0.2089529037475586,False,0.33558859995566104,0.25176633601409876,0.9038062601001707,0.3938272529777511,0.5616670539734225,0.2756778586477183,78858,234361,1826832,447586,24.500665633183566
15,6,0.03,random_forest,200,5,0.5,0.4778609519117264,False,0.270165451083733,0.1817724037176339,0.9034839706450367,0.30265374513178156,0.5437216941909341,0.1949180383371661,58478,263232,1846162,330255,17.888733491427082
15,6,0.03,random_forest,200,5,0.45,0.4778609519117264,False,0.270165451083733,0.1817724037176339,0.9034839706450367,0.30265374513178156,0.5437216941909341,0.1949180383371661,58478,263232,1846162,330255,17.888733491427082
15,6,0.03,random_forest,100,15,0.5,0.4419068750535252,False,0.27299564231799434,0.18223000102954803,0.9024333719582851,0.30322851936644396,0.5462993203765031,0.19698629703867673,58410,262119,1846162,330255,17.888733491427082
15,6,0.03,random_forest,100,15,0.45,0.44190687505352516,False,0.27299564231799434,0.18223000102954803,0.9024333719582851,0.30322851936644396,0.5462993203765031,0.19698629703867673,58410,262119,1846162,330255,17.888733491427082
30,6,0.03,xgboost,100,15,0.45,0.09883468598127365,False,0.27613331253233053,0.18196079177045502,0.9004469536579628,0.30274365889731647,0.549693240801977,0.19905815985008876,57417,258129,1826832,325559,17.820960000700666
30,6,0.03,xgboost,100,15,0.5,0.09883468598127365,False,0.27613331253233053,0.18196079177045502,0.9004469536579628,0.30274365889731647,0.549693240801977,0.19905815985008876,57417,258129,1826832,325559,17.820960000700666
30,12,0.03,xgboost,100,5,0.45,0.2014130800962448,False,0.336018304882488,0.24577038739351434,0.8986988190368432,0.38598427229631055,0.5622913290539557,0.2674961933854107,76251,234002,1826832,435410,23.83415661648143
30,12,0.03,xgboost,100,5,0.5,0.2014130800962448,False,0.336018304882488,0.24577038739351434,0.8986988190368432,0.38598427229631055,0.5622913290539557,0.2674961933854107,76251,234002,1826832,435410,23.83415661648143
30,12,0.03,xgboost,100,10,0.5,0.18483465909957886,False,0.3318033648359047,0.24453354289288406,0.8985338142045588,0.3844421864244814,0.5602049164182199,0.26669187174686637,76237,235528,1826832,435410,23.83415661648143
30,12,0.03,xgboost,100,10,0.45,0.18483465909957886,False,0.3318033648359047,0.24453354289288406,0.8985338142045588,0.3844421864244814,0.5602049164182199,0.26669187174686637,76237,235528,1826832,435410,23.83415661648143
20,6,0.025,xgboost,200,10,0.45,0.16178198158740997,False,0.3031713806608017,0.2150645610511657,0.8969459114195784,0.346941478523107,0.5501091176611403,0.23320467956977012,68106,248571,1839733,388950,21.141654794472895
20,6,0.025,xgboost,200,10,0.5,0.16178198158740997,False,0.3031713806608017,0.2150645610511657,0.8969459114195784,0.346941478523107,0.5501091176611403,0.23320467956977012,68106,248571,1839733,388950,21.141654794472895
30,12,0.03,xgboost,200,5,0.45,0.19873815774917603,False,0.3440157430747714,0.2469130151921826,0.8901539259364024,0.38659217305177274,0.5645164662492005,0.26943527484997415,75526,230355,1826832,435410,23.83415661648143
30,12,0.03,xgboost,200,5,0.5,0.19873815774917603,False,0.3440157430747714,0.2469130151921826,0.8901539259364024,0.38659217305177274,0.5645164662492005,0.26943527484997415,75526,230355,1826832,435410,23.83415661648143
20,9,0.03,xgboost,100,5,0.45,0.18540693819522858,False,0.32055975452986435,0.22095402870220335,0.887833981841764,0.3538467105365183,0.557706635256639,0.24037625311899022,68452,241350,1839733,395554,21.50061992691331
20,9,0.03,xgboost,100,5,0.5,0.18540693819522858,False,0.32055975452986435,0.22095402870220335,0.887833981841764,0.3538467105365183,0.557706635256639,0.24037625311899022,68452,241350,1839733,395554,21.50061992691331
30,9,0.03,xgboost,100,5,0.45,0.1853509545326233,False,0.3458413047702721,0.22328078282141886,0.8633210719915922,0.3547996976568405,0.5648437807213269,0.24380741724966015,65716,228604,1826832,390516,21.37667831524738
30,9,0.03,xgboost,100,5,0.5,0.1853509545326233,False,0.3458413047702721,0.22328078282141886,0.8633210719915922,0.3547996976568405,0.5648437807213269,0.24380741724966015,65716,228604,1826832,390516,21.37667831524738
30,6,0.025,xgboost,200,5,0.45,0.18149639666080475,False,0.34809657139259975,0.22029603672857814,0.8563127240740493,0.3504379792955242,0.5628523120129929,0.24013718239636042,64250,227403,1826832,384467,21.045558650165972
30,6,0.025,xgboost,200,5,0.5,0.18149639666080475,False,0.34809657139259975,0.22029603672857814,0.8563127240740493,0.3504379792955242,0.5628523120129929,0.24013718239636042,64250,227403,1826832,384467,21.045558650165972
30,9,0.03,xgboost,200,5,0.5,0.18410080671310425,False,0.35678646402110753,0.22433768802373394,0.8493562795585917,0.3549291135418525,0.5659855107752461,0.24472978820333946,64653,223542,1826832,390516,21.37667831524738
30,9,0.03,xgboost,200,5,0.45,0.18410080671310425,False,0.35678646402110753,0.22433768802373394,0.8493562795585917,0.3549291135418525,0.5659855107752461,0.24472978820333946,64653,223542,1826832,390516,21.37667831524738
30,6,0.03,xgboost,200,5,0.45,0.15205104649066925,False,0.33845694876658267,0.18885667623720478,0.8469066102093625,0.3088427048542801,0.566281865081194,0.20769430638399045,54003,231944,1826832,325559,17.820960000700666
30,6,0.03,xgboost,200,5,0.5,0.15205104649066925,False,0.33845694876658267,0.18885667623720478,0.8469066102093625,0.3088427048542801,0.566281865081194,0.20769430638399045,54003,231944,1826832,325559,17.820960000700666
30,6,0.03,xgboost,200,10,0.45,0.13605394959449768,False,0.3313216574020095,0.1868182953567761,0.8445071747824041,0.3059546096308943,0.5594812032245677,0.20367069428430115,53850,234398,1826832,325559,17.820960000700666
30,6,0.03,xgboost,200,10,0.5,0.13605394959449768,False,0.3313216574020095,0.1868182953567761,0.8445071747824041,0.3059546096308943,0.5594812032245677,0.20367069428430115,53850,234398,1826832,325559,17.820960000700666
30,6,0.03,xgboost,100,10,0.45,0.14462387561798096,False,0.33821062110152256,0.18794412017317838,0.8407747196738022,0.3072144862758581,0.5620342667211379,0.20550930159435746,53612,231643,1826832,325559,17.820960000700666
30,6,0.03,xgboost,100,10,0.5,0.14462387561798096,False,0.33821062110152256,0.18794412017317838,0.8407747196738022,0.3072144862758581,0.5620342667211379,0.20550930159435746,53612,231643,1826832,325559,17.820960000700666
15,6,0.03,random_forest,100,5,0.45,0.48359873389599073,False,0.32353283698910984,0.18472138454146775,0.8375434530706837,0.3026851371044741,0.5437089337300662,0.19479564664349774,54210,239259,1846162,330255,17.888733491427082
15,6,0.03,random_forest,100,5,0.5,0.48359873389599073,False,0.32353283698910984,0.18472138454146775,0.8375434530706837,0.3026851371044741,0.5437089337300662,0.19479564664349774,54210,239259,1846162,330255,17.888733491427082
30,6,0.03,xgboost,100,5,0.45,0.15694324672222137,False,0.3514603125076977,0.18972374502848544,0.8303928487414726,0.3088769304808155,0.5648780464357759,0.20715168089973895,52950,226140,1826832,325559,17.820960000700666
30,6,0.03,xgboost,100,5,0.5,0.15694324672222137,False,0.3514603125076977,0.18972374502848544,0.8303928487414726,0.3088769304808155,0.5648780464357759,0.20715168089973895,52950,226140,1826832,325559,17.820960000700666
20,6,0.03,xgboost,200,5,0.45,0.158397376537323,False,0.3546244431942644,0.18959246613458564,0.8180916822878743,0.307842531436,0.5605055546834502,0.20515936516300487,52807,225722,1839733,329417,17.905696098292523
20,6,0.03,xgboost,200,5,0.5,0.158397376537323,False,0.3546244431942644,0.18959246613458564,0.8180916822878743,0.307842531436,0.5605055546834502,0.20515936516300487,52807,225722,1839733,329417,17.905696098292523
30,6,0.015,random_forest,100,15,0.45,0.5792830783096198,True,0.7126013022522559,0.4503441494591937,0.00436585482102855,0.008647872963123807,0.552417067919339,0.32164379537736293,458,559,1826832,538684,29.48733107368384
30,12,0.015,xgboost,100,5,0.45,0.4331809878349304,True,0.6705203261378285,0.4512771996215705,0.003965812534295549,0.007862529360860428,0.5561632944367041,0.3671995603511661,477,580,1826832,616358,33.739172512852846
20,12,0.015,random_forest,100,10,0.45,0.5632152578072936,True,0.6685609612253939,0.4500978473581213,0.003775133360689372,0.007487466631942183,0.5479646657402817,0.3624622187428357,460,562,1839733,624545,33.94758913385801
30,6,0.015,random_forest,200,15,0.45,0.5792128157851875,True,0.7126450938371555,0.4501758499413834,0.003660454697106906,0.007261861986800053,0.553821044766658,0.32252568194598713,384,469,1826832,538684,29.48733107368384
30,12,0.015,xgboost,100,15,0.45,0.6229482293128967,True,0.6705668546967843,0.4503464203233256,0.0032424882355875555,0.006438618503599023,0.5472555729153951,0.3615562669551492,390,476,1826832,616358,33.739172512852846
30,12,0.015,xgboost,200,15,0.45,0.6740646362304688,True,0.6705860135151779,0.4517704517704518,0.0030762067876087063,0.006110803735848122,0.5439668973750628,0.3595923417147433,370,449,1826832,616358,33.739172512852846
20,12,0.015,random_forest,200,10,0.45,0.5633028224297297,True,0.6686506480552906,0.45092460881934565,0.002601559294214198,0.005173271972126346,0.5479986893752102,0.3625954422758733,317,386,1839733,624545,33.94758913385801
30,12,0.015,xgboost,200,10,0.45,0.5983419418334961,True,0.670684544581202,0.4543524416135881,0.0017792114933736843,0.0035445428119487534,0.5523529661048812,0.3650969376579904,214,257,1826832,616358,33.739172512852846
15,12,0.015,random_forest,200,5,0.45,0.5469777244092839,True,0.6685886689434585,0.4501108647450111,0.0016595407241483612,0.003306889080749996,0.5384111743845492,0.35765189782841084,203,248,1846162,627091,33.96727914451711
20,9,0.015,random_forest,200,10,0.45,0.5685139354901103,True,0.6847915596539719,0.4507042253521127,0.001656057547999793,0.0032999896875322266,0.5471747107487072,0.3458259700529533,192,234,1839733,594146,32.29522979693249
30,9,0.015,xgboost,200,15,0.45,0.68177330493927,True,0.6863099294681786,0.4502487562189055,0.001579792619488182,0.0031485379303146798,0.5430572596689571,0.34278095936321357,181,221,1826832,587045,32.13459146763359
20,9,0.015,random_forest,100,10,0.45,0.5697956774298318,True,0.6848078663503168,0.45454545454545453,0.0015525539512498058,0.0030945381401825778,0.5468250590274016,0.345426421310451,180,216,1839733,594146,32.29522979693249
20,12,0.015,random_forest,200,5,0.45,0.5476041827821655,True,0.6687376171024632,0.45219638242894056,0.001436192039392696,0.0028632901658254047,0.5412921468497158,0.35905998270231526,175,212,1839733,624545,33.94758913385801
15,9,0.015,xgboost,100,10,0.45,0.5063201189041138,True,0.6848981537403211,0.4503105590062112,0.0012466255136956857,0.0024863678452621833,0.5406208203682171,0.3410274681630727,145,177,1846162,596128,32.2901240519521
30,6,0.015,random_forest,200,5,0.45,0.5432362172108939,True,0.7128120492545851,0.45652173913043476,0.0012010866974882036,0.0023958699765166715,0.5444856046968995,0.314531524841959,126,150,1826832,538684,29.48733107368384
30,9,0.015,random_forest,200,10,0.45,0.5672765027876975,True,0.6863591950011906,0.4618055555555556,0.0011608420905631393,0.0023158627894828486,0.5510474630833848,0.3469489468339842,133,155,1826832,587045,32.13459146763359
30,6,0.015,xgboost,200,15,0.45,0.6721081733703613,True,0.7128093122805289,0.4528301886792453,0.0011438920928459081,0.002282019587334791,0.5406578825198413,0.31366615354691585,120,145,1826832,538684,29.48733107368384
30,12,0.015,xgboost,200,15,0.5,0.7278060913085938,True,0.6708022344656195,0.5,0.0011140857014582883,0.0022232176928309523,0.5439668973750628,0.3595923417147433,134,134,1826832,616358,33.739172512852846
30,6,0.015,xgboost,200,10,0.45,0.5786421895027161,True,0.7128147862286414,0.4541832669322709,0.0010866974882036127,0.0021682072349651946,0.5524231527869712,0.3220474991494414,114,137,1826832,538684,29.48733107368384
30,12,0.025,random_forest,200,5,0.45,0.5478323027357348,True,0.7391526875716745,0.4523809523809524,0.0009970089730807576,0.0019896329650767055,0.5481285477815527,0.28878460527953825,95,115,1826832,489397,26.78938183697242
30,6,0.015,random_forest,100,5,0.45,0.5436331933770403,True,0.7128175232026975,0.45,0.0009437109765978742,0.0018834720570749107,0.5447231666776993,0.3146759202429493,99,121,1826832,538684,29.48733107368384
30,12,0.02,random_forest,100,5,0.45,0.5466290140529483,True,0.7065525895880033,0.4541284403669725,0.0009235419232060898,0.0018433351332228574,0.5461419691660921,0.3219161969479112,99,119,1826832,550114,30.11300437040735
30,6,0.015,xgboost,100,15,0.45,0.64438796043396,True,0.7128202601767538,0.45023696682464454,0.0009055812401696774,0.0018075269226378477,0.5437125725528325,0.3157921749098674,95,116,1826832,538684,29.48733107368384
30,9,0.02,xgboost,200,15,0.45,0.6848949193954468,True,0.7263053313517641,0.4536082474226804,0.0008801672317740371,0.001756925380583978,0.5414101454403887,0.2998422146645421,88,106,1826832,512809,28.07094467362078
30,6,0.015,xgboost,200,5,0.45,0.4638515114784241,True,0.71282299715081,0.45098039215686275,0.0008769839378485296,0.00175056370053944,0.5571699270412178,0.3252065803398175,92,112,1826832,538684,29.48733107368384
30,12,0.02,random_forest,200,10,0.45,0.5680006061054168,True,0.7065525895880033,0.4519230769230769,0.0008768983917310347,0.0017504003575285836,0.5535050655432003,0.3259424345250893,94,114,1826832,550114,30.11300437040735
30,6,0.015,xgboost,200,15,0.5,0.6921998262405396,True,0.7128777366319344,0.5,0.0008293217673132835,0.0016558969917871316,0.5406578825198413,0.31366615354691585,87,87,1826832,538684,29.48733107368384
30,12,0.015,random_forest,100,15,0.45,0.5897057967248718,True,0.6707611798547761,0.463768115942029,0.0007981509502984752,0.001593559364236212,0.552578889401265,0.3631083253194748,96,111,1826832,616358,33.739172512852846
30,6,0.02,random_forest,200,15,0.45,0.6027247613233486,True,0.7576053666587295,0.4533333333333333,0.0007679363967972535,0.0015332754597007859,0.5563034923071672,0.27670689169964857,68,82,1826832,455341,24.92517100641986
30,12,0.02,random_forest,200,15,0.45,0.5864599192624439,True,0.706560800510172,0.4530386740331492,0.0007649539161909026,0.0015273289438147834,0.5554162980259292,0.32742287837303824,82,99,1826832,550114,30.11300437040735
30,9,0.015,random_forest,100,10,0.45,0.5703968374813255,True,0.6863674059233592,0.45077720207253885,0.00075934783367664,0.0015161416808260359,0.5507869856027996,0.34688442735074226,87,106,1826832,587045,32.13459146763359
30,9,0.015,random_forest,100,5,0.45,0.5459501401150733,True,0.686375616845528,0.4574468085106383,0.0007506196976573683,0.0014987800627396305,0.5433126833605907,0.3413956004500182,86,102,1826832,587045,32.13459146763359
10,12,0.015,xgboost,200,5,0.45,0.45572617650032043,True,0.6685937921727395,0.4504950495049505,0.0007412475766906146,0.0014800598529698783,0.5362583805457608,0.35591997604509584,91,111,1852497,629336,33.97230872708566
20,9,0.015,random_forest,200,10,0.5,0.5717477625079015,True,0.68490842431111,0.5031055900621118,0.0006986492780624127,0.0013953608558213248,0.5471747107487072,0.3458259700529533,81,80,1839733,594146,32.29522979693249
20,12,0.02,random_forest,200,15,0.45,0.5820037268711791,True,0.704631373540211,0.45121951219512196,0.0006809983067069131,0.0013599441320248467,0.5512413151427491,0.3268519938172584,74,90,1839733,557719,30.31521421858498
15,12,0.015,random_forest,200,15,0.45,0.578013831365966,True,0.6686672101356055,0.45604395604395603,0.0006785314290852905,0.0013550467327864168,0.5452173779004528,0.36133994321135626,83,99,1846162,627091,33.96727914451711
30,6,0.02,random_forest,200,15,0.5,0.6053932598595739,True,0.7576436842955165,0.5,0.0006775909383505178,0.0013533478442296631,0.5563034923071672,0.27670689169964857,60,60,1826832,455341,24.92517100641986
30,12,0.015,random_forest,200,15,0.45,0.585691138622014,True,0.6707611798547761,0.4576271186440678,0.0006734398643143385,0.0013449005852808104,0.5534544297588367,0.36403914315205427,81,96,1826832,616358,33.739172512852846
30,12,0.02,random_forest,100,10,0.45,0.5711742146126483,True,0.7065690114323406,0.45569620253164556,0.0006716668532407926,0.0013413566331948506,0.5532889789332878,0.3261073910229055,72,86,1826832,550114,30.11300437040735
30,6,0.015,random_forest,100,5,0.5,0.5445686275020577,True,0.7128832105800469,0.5073529411764706,0.0006577379533863972,0.0013137727173199037,0.5447231666776993,0.3146759202429493,69,67,1826832,538684,29.48733107368384
15,12,0.015,random_forest,200,10,0.45,0.5672630380616112,True,0.6686645018186348,0.4502923976608187,0.000629480964332137,0.0012572044345029144,0.5436232040573502,0.36070570274598873,77,94,1846162,627091,33.96727914451711
15,9,0.015,xgboost,100,5,0.45,0.43780070543289185,True,0.6849414868118505,0.4506172839506173,0.0006276114655157591,0.0012534771111645318,0.5441018458767231,0.34421662335680936,73,89,1846162,596128,32.2901240519521
30,12,0.025,xgboost,200,15,0.45,0.6986196637153625,True,0.7391800573122367,0.4596774193548387,0.0005982053838484546,0.001194855831210892,0.5472648811847225,0.2901099619836029,57,67,1826832,489397,26.78938183697242
30,6,0.015,xgboost,200,5,0.5,0.4820854663848877,True,0.7128777366319344,0.5,0.0005910109146370526,0.001180626303211494,0.5571699270412178,0.3252065803398175,62,62,1826832,538684,29.48733107368384
20,12,0.015,random_forest,200,15,0.45,0.5795882908572437,True,0.6687974083223942,0.45161290322580644,0.0005744768157570784,0.0011474939551657719,0.5492761565409815,0.36333663423214174,70,85,1839733,624545,33.94758913385801
15,6,0.015,random_forest,200,15,0.45,0.5801704104808879,True,0.7118215327449063,0.45112781954887216,0.0005639521768554027,0.0011264961276695612,0.541392158524821,0.3144192541077471,60,73,1846162,546205,29.585973495283728
30,6,0.015,xgboost,100,5,0.45,0.44237521290779114,True,0.7128421559692035,0.45038167938931295,0.0005624136123159049,0.0011234243497467535,0.5558000784504591,0.32433069898114425,59,72,1826832,538684,29.48733107368384
15,9,0.015,random_forest,100,10,0.45,0.5717543403238351,True,0.6849469034457917,0.4507042253521127,0.0005502347094932682,0.0010991275674933022,0.5411244138702598,0.3421188483388721,64,78,1846162,596128,32.2901240519521
30,9,0.02,random_forest,200,15,0.45,0.5911130982171848,True,0.7263272271442139,0.4583333333333333,0.0005501045198587732,0.0010988901209778123,0.5553393422956446,0.3082844350418288,55,65,1826832,512809,28.07094467362078
30,9,0.015,xgboost,100,15,0.45,0.6848233342170715,True,0.6863810907936404,0.45,0.0005498725692141186,0.0010984029569705,0.5455313603630724,0.3451749480866152,63,77,1826832,587045,32.13459146763359
10,12,0.015,xgboost,100,5,0.45,0.4406990706920624,True,0.6686126855600539,0.4557823129251701,0.0005457537103106723,0.0010902020128058056,0.5363259963313584,0.35638418667144306,67,80,1852497,629336,33.97230872708566
20,9,0.015,random_forest,100,15,0.45,0.588735397567324,True,0.6848758109184203,0.45985401459854014,0.000543393882937432,0.0010855050613827267,0.5484280204077854,0.3465465247222845,63,74,1839733,594146,32.29522979693249
15,12,0.015,random_forest,200,5,0.5,0.5477660918997599,True,0.6687105432071347,0.5,0.0005150298799081122,0.0010289998285000286,0.5384111743845492,0.35765189782841084,63,63,1846162,627091,33.96727914451711
15,6,0.015,random_forest,100,15,0.45,0.5861601662332729,True,0.7118296576958181,0.45614035087719296,0.0004887585532746823,0.0009764708091562917,0.5399585412876902,0.31343378667381777,52,62,1846162,546205,29.585973495283728
20,12,0.025,xgboost,200,5,0.45,0.447940468788147,True,0.7373072752325742,0.4563106796116505,0.0004863008029136661,0.0009715661853624252,0.5561323997492968,0.2962474687102985,47,56,1839733,496389,26.981578305112752
30,6,0.015,random_forest,200,5,0.5,0.5451308654021862,True,0.7128859475541032,0.5151515151515151,0.000486154139459511,0.0009713915660355796,0.5444856046968995,0.314531524841959,51,48,1826832,538684,29.48733107368384
30,6,0.02,random_forest,100,5,0.45,0.5478906419279386,True,0.7576190515290105,0.45263157894736844,0.00048560683915120444,0.0009701728261360047,0.5480470723965508,0.2696539713274219,43,52,1826832,455341,24.92517100641986
30,12,0.025,random_forest,200,5,0.5,0.5486430852918728,True,0.7392101640268552,0.5054945054945055,0.00048276223959699846,0.0009646032544875021,0.5481285477815527,0.28878460527953825,46,45,1826832,489397,26.78938183697242
30,12,0.015,random_forest,100,15,0.5,0.5938673388136755,True,0.6708131823618444,0.5178571428571429,0.0004822161991386621,0.0009635351773403107,0.552578889401265,0.3631083253194748,58,54,1826832,616358,33.739172512852846
10,12,0.015,random_forest,200,5,0.45,0.5344437933859879,True,0.6686126855600539,0.45038167938931295,0.0004805890881840249,0.0009601536245799327,0.5312115272708341,0.3524001636380991,59,72,1852497,629336,33.97230872708566
10,6,0.015,random_forest,100,15,0.45,0.5723826525876897,True,0.7115627530364372,0.45132743362831856,0.0004772822984418137,0.0009535562037244783,0.5324111893404517,0.3086637828464869,51,62,1852497,548533,29.6104663057484
30,9,0.015,random_forest,200,15,0.45,0.5908435513639301,True,0.686389301715809,0.45217391304347826,0.00045386307300212967,0.0009068159425218203,0.5531837002927973,0.3485631109628985,52,63,1826832,587045,32.13459146763359
20,12,0.015,random_forest,100,5,0.45,0.5483335391125407,True,0.6688055616705667,0.45,0.0004431678292983176,0.0008854636385996556,0.5411381311793934,0.3588847784665427,54,66,1839733,624545,33.94758913385801
20,12,0.015,random_forest,200,5,0.5,0.5484297449955802,True,0.6688381750632564,0.5,0.00043496101764464506,0.0008691659286955951,0.5412921468497158,0.35905998270231526,53,53,1839733,624545,33.94758913385801
20,9,0.02,xgboost,200,15,0.45,0.6822344064712524,True,0.7249060326623128,0.4536082474226804,0.0004347353548527334,0.0008686382121846251,0.536010021583113,0.2966816631887358,44,53,1839733,519163,28.219475326039156
15,6,0.015,random_forest,100,15,0.5,0.5882885876569232,True,0.711856740865524,0.5,0.00043236333558914204,0.0008639795650050712,0.5399585412876902,0.31343378667381777,46,46,1846162,546205,29.585973495283728
20,12,0.025,xgboost,100,5,0.45,0.41303399205207825,True,0.737320864146195,0.47674418604651164,0.0004242198493502194,0.0008476854053383505,0.5548342653493756,0.29501683775974225,41,45,1839733,496389,26.981578305112752
20,12,0.02,random_forest,100,15,0.45,0.5888663237089374,True,0.70465039801928,0.45544554455445546,0.0004233232717367297,0.0008458603411023766,0.5501919037307791,0.3262353741898318,46,55,1839733,557719,30.31521421858498
20,9,0.025,xgboost,100,10,0.45,0.5116945505142212,True,0.7598458473638866,0.4625,0.00041875099028950406,0.0008367443858974649,0.5512579528991283,0.2701771314088928,37,43,1839733,453265,24.63754251296248
15,12,0.015,random_forest,100,5,0.45,0.5483802314917045,True,0.6686861683543995,0.45871559633027525,0.00040875387294294615,0.0008167799268165185,0.5382446799312701,0.35748344217996475,50,59,1846162,627091,33.96727914451711
30,9,0.015,xgboost,100,5,0.45,0.46210506558418274,True,0.6863920386898653,0.45,0.0003927661208672276,0.0007848472164085392,0.5564902258480637,0.3516201147558473,45,55,1826832,587045,32.13459146763359
15,12,0.015,xgboost,100,5,0.45,0.446467787027359,True,0.668683460037429,0.4519230769230769,0.0003842286405663694,0.0007678044875721858,0.5460370945826627,0.361828049641957,47,57,1846162,627091,33.96727914451711
20,9,0.025,xgboost,100,10,0.5,0.5251972675323486,True,0.7598648718429556,0.5076923076923077,0.000373480612960909,0.000746412132589937,0.5512579528991283,0.2701771314088928,33,32,1839733,453265,24.63754251296248
15,9,0.015,random_forest,100,15,0.45,0.5925207811132133,True,0.6849658616645857,0.46236559139784944,0.0003696889454407896,0.0007387871863375914,0.5420082952973485,0.3432723269429218,43,50,1846162,596128,32.2901240519521
20,9,0.015,random_forest,100,10,0.5,0.574652911375311,True,0.6849057065283859,0.5,0.00035363728889578914,0.0007067746940182727,0.5468250590274016,0.345426421310451,41,41,1839733,594146,32.29522979693249
20,12,0.015,xgboost,100,5,0.45,0.4735780954360962,True,0.6688191505841874,0.46236559139784944,0.00035289290110791956,0.0007052475336837702,0.5507131039597333,0.3643811426783854,43,50,1839733,624545,33.94758913385801
30,6,0.015,random_forest,200,15,0.5,0.6082069120039751,True,0.7128832105800469,0.5138888888888888,0.0003527000619608217,0.0007049163150023339,0.553821044766658,0.32252568194598713,37,35,1826832,538684,29.48733107368384
15,9,0.015,xgboost,100,15,0.45,0.6709446310997009,True,0.6849604450306446,0.45054945054945056,0.00035249411076912495,0.0007044370946265194,0.5334785123387353,0.3365220716335563,41,50,1846162,596128,32.2901240519521
20,12,0.025,xgboost,100,5,0.5,0.4205358326435089,True,0.7373317352770915,0.5,0.00035179207019286484,0.0007030894577939534,0.5548342653493756,0.29501683775974225,34,34,1839733,496389,26.981578305112752
15,12,0.015,xgboost,100,15,0.45,0.66790372133255,True,0.6686861683543995,0.45161290322580644,0.00034335325327207477,0.0006861848124428179,0.532193522708894,0.3511349505877919,42,51,1846162,627091,33.96727914451711
10,12,0.015,random_forest,100,5,0.45,0.5358530109698504,True,0.6686234817813765,0.45161290322580644,0.00034211426616489907,0.0006837105950724,0.5313055413320802,0.3523728310346903,42,51,1852497,629336,33.97230872708566
20,12,0.02,random_forest,200,5,0.45,0.5514979650741896,True,0.7046531158020041,0.45121951219512196,0.00034049915335345653,0.000680484799440899,0.5435688729926359,0.32281041473382716,37,45,1839733,557719,30.31521421858498
30,9,0.02,random_forest,100,15,0.45,0.5991829384134684,True,0.726340912014495,0.4657534246575342,0.0003400646122763325,0.0006796329981809823,0.5540461153777946,0.3070686650952346,34,39,1826832,512809,28.07094467362078
10,12,0.015,random_forest,200,5,0.5,0.5346713242522926,True,0.6686666666666666,0.5466666666666666,0.00033396868839906813,0.0006675295707459235,0.5312115272708341,0.3524001636380991,41,34,1852497,629336,33.97230872708566
30,6,0.025,random_forest,100,15,0.45,0.6196779357186919,True,0.7946284147172569,0.45454545454545453,0.00033319561248017486,0.0006659030977812109,0.5574578292109668,0.2369085971072362,25,30,1826832,384467,21.045558650165972
30,9,0.03,random_forest,200,15,0.45,0.6019817565326783,True,0.7916670087884237,0.5208333333333334,0.0003284287966368891,0.0006564436508770087,0.5595950380454138,0.23974652935739527,25,23,1826832,390516,21.37667831524738
30,9,0.03,random_forest,200,15,0.5,0.6019817565326782,True,0.7916670087884237,0.5208333333333334,0.0003284287966368891,0.0006564436508770087,0.5595950380454138,0.23974652935739527,25,23,1826832,390516,21.37667831524738
15,9,0.02,random_forest,100,5,0.45,0.5519510416815726,True,0.7249758282710376,0.4583333333333333,0.000324988674637096,0.0006495167988662979,0.5379756512114822,0.298097951131598,33,39,1846162,520900,28.215292049126784
10,12,0.02,random_forest,200,5,0.45,0.5379322912738459,True,0.7045101214574899,0.4605263157894737,0.00031971353667114265,0.0006389834685848342,0.5320333160178259,0.3156937341112009,35,41,1852497,561956,30.335055873234886
15,12,0.015,random_forest,100,10,0.45,0.5697025006266129,True,0.6686888766713701,0.45348837209302323,0.000318828020895498,0.0006372080484278117,0.5436120549482294,0.36052839290405675,39,47,1846162,627091,33.96727914451711
10,12,0.015,random_forest,100,5,0.5,0.5359322749674764,True,0.6686531713900135,0.5131578947368421,0.0003176775328674063,0.0006349619836863614,0.5313055413320802,0.3523728310346903,39,37,1852497,629336,33.97230872708566
15,9,0.025,xgboost,100,5,0.45,0.403918594121933,True,0.7598941589727896,0.4666666666666667,0.0003158452809330972,0.0006312633157105657,0.5493020276019575,0.26853582552451466,28,32,1846162,454794,24.634566197332628
15,6,0.025,xgboost,100,15,0.45,0.5847308039665222,True,0.7937860375426898,0.4528301886792453,0.00031522538615109805,0.0006300122064865006,0.5338065000490541,0.22421750322962022,24,29,1846162,389946,21.121981711247443
30,6,0.015,random_forest,100,15,0.5,0.6163064601483427,True,0.7128914215022156,0.5409836065573771,0.00031457032553262475,0.0006287750319150964,0.552417067919339,0.32164379537736293,33,28,1826832,538684,29.48733107368384
20,12,0.03,xgboost,100,15,0.45,0.6256507635116577,True,0.766039674192207,0.45,0.00031366535391907436,0.0006268937415108139,0.5423805281335048,0.2564001770063025,27,33,1839733,441791,24.013865055418368
30,9,0.02,random_forest,200,15,0.5,0.5969157379015779,True,0.7263545968847761,0.5,0.0003100589111931267,0.0006197335145887268,0.5553393422956446,0.3082844350418288,31,31,1826832,512809,28.07094467362078
30,12,0.02,random_forest,200,15,0.5,0.5922569738724579,True,0.7066073290691277,0.5,0.00030784730773536327,0.0006153157688650221,0.5554162980259292,0.32742287837303824,33,33,1826832,550114,30.11300437040735
30,12,0.015,random_forest,200,15,0.5,0.5911378706084589,True,0.6708049714396758,0.5068493150684932,0.00030762067876087063,0.0006148681772482156,0.5534544297588367,0.36403914315205427,37,36,1826832,616358,33.739172512852846
30,6,0.025,random_forest,100,15,0.5,0.620914058715432,True,0.7946420995875381,0.5,0.0003065399634817609,0.0006127042902619976,0.5574578292109668,0.2369085971072362,23,23,1826832,384467,21.045558650165972
30,6,0.02,random_forest,100,10,0.45,0.5907703577301234,True,0.7576299994252355,0.4576271186440678,0.000304915922257733,0.0006094257854821235,0.555037516159437,0.2754358023769852,27,32,1826832,455341,24.92517100641986
15,6,0.025,xgboost,100,10,0.45,0.5004826784133911,True,0.7937860375426898,0.45098039215686275,0.00030209099506146896,0.0006037775473505979,0.5456446531719489,0.23055170801061609,23,28,1846162,389946,21.121981711247443
20,9,0.015,xgboost,100,15,0.45,0.6726944446563721,True,0.6848948353974893,0.47297297297297297,0.0003018854905207956,0.0006033858566355205,0.5398299422989814,0.3403840780125411,35,39,1839733,594146,32.29522979693249
20,6,0.015,random_forest,200,10,0.45,0.5768446165508254,True,0.7116106395758085,0.463768115942029,0.0003015823649712083,0.0006027727546714888,0.548134411406784,0.3172980513335481,32,37,1839733,544756,29.6106011035297
20,6,0.02,xgboost,100,10,0.45,0.5285594463348389,True,0.7565247168749847,0.47368421052631576,0.0003013964703124477,0.0006024096385542169,0.5514273830655335,0.2738780653659042,27,30,1839733,460574,25.034828423472323
20,6,0.02,random_forest,200,15,0.45,0.5889014868382362,True,0.7565192813095364,0.4576271186440678,0.0003013964703124477,0.0006023961982106602,0.5521687401291089,0.27230925445542886,27,32,1839733,460574,25.034828423472323
30,9,0.015,random_forest,100,10,0.5,0.5754764486226692,True,0.6864248823785399,0.5151515151515151,0.00029675662465523863,0.0005931715487011288,0.5507869856027996,0.34688442735074226,34,32,1826832,587045,32.13459146763359
20,9,0.015,xgboost,200,15,0.45,0.7283593416213989,True,0.684889399832041,0.4594594594594595,0.00029326019079163,0.0005861462607316485,0.5378008934256652,0.3391631212070437,34,40,1839733,594146,32.29522979693249
15,6,0.015,random_forest,100,10,0.45,0.5734520483174904,True,0.7118459075976415,0.4696969696969697,0.0002913752913752914,0.0005823892990662984,0.5395651341100424,0.31280434349045194,31,35,1846162,546205,29.585973495283728
20,12,0.025,xgboost,200,5,0.5,0.47678884863853455,True,0.7373426064079881,0.5384615384615384,0.0002897111166294181,0.0005791106514994829,0.5561323997492968,0.2962474687102985,28,24,1839733,496389,26.981578305112752
30,12,0.02,random_forest,200,5,0.45,0.547203788326747,True,0.7065963811729029,0.4696969696969697,0.00028918989514534123,0.0005780239040853237,0.5460364015703045,0.32186561121534213,31,35,1826832,550114,30.11300437040735
20,9,0.015,xgboost,100,10,0.45,0.5880346894264221,True,0.6848866820493169,0.4520547945205479,0.0002846348910624644,0.0005689115687305514,0.5476984838536652,0.34600372729043516,33,40,1839733,594146,32.29522979693249
30,12,0.015,xgboost,100,10,0.45,0.62564617395401,True,0.6707858126212821,0.4594594594594595,0.0002826784615640433,0.0005650093060356288,0.5548843349252729,0.3661466518211201,34,40,1826832,616358,33.739172512852846
30,6,0.02,random_forest,100,5,0.5,0.5488050204969521,True,0.7576436842955165,0.5,0.0002823295576460491,0.0005643404553098793,0.5480470723965508,0.2696539713274219,25,25,1826832,455341,24.92517100641986
30,9,0.015,random_forest,200,10,0.5,0.5741660119637239,True,0.6864194084304275,0.5,0.0002793003526166952,0.000558288844691022,0.5510474630833848,0.3469489468339842,32,32,1826832,587045,32.13459146763359
15,6,0.02,xgboost,200,10,0.45,0.5695481300354004,True,0.7567308447511463,0.45454545454545453,0.00027834064441425993,0.0005563406139775015,0.5400906495136769,0.26628438130580134,25,30,1846162,461752,25.01145619940179
20,9,0.015,xgboost,100,15,0.5,0.6808774471282959,True,0.6849111420938342,0.5161290322580645,0.0002760095913332988,0.0005517241379310345,0.5398299422989814,0.3403840780125411,32,30,1839733,594146,32.29522979693249
15,9,0.02,xgboost,100,5,0.45,0.430564820766449,True,0.7249785365880081,0.45901639344262296,0.0002757479663587481,0.0005511648278102025,0.5458798837656035,0.3033839684098166,28,33,1846162,520900,28.215292049126784
30,12,0.025,random_forest,100,10,0.45,0.5785022888740994,True,0.7391992161306303,0.4727272727272727,0.00027286561368526,0.0005454164044472415,0.5554016527955353,0.29279960176547504,26,29,1826832,489397,26.78938183697242
10,6,0.015,random_forest,100,15,0.5,0.5804622874960996,True,0.7116032388663968,0.5370370370370371,0.0002713958167610313,0.0005425174681270988,0.5324111893404517,0.3086637828464869,29,25,1852497,548533,29.6104663057484
10,6,0.015,random_forest,200,15,0.45,0.5756031447320833,True,0.7115762483130904,0.453125,0.0002713958167610313,0.0005424667271485891,0.5334763581406848,0.30913528289560394,29,35,1852497,548533,29.6104663057484
15,9,0.025,xgboost,200,5,0.5,0.4401191771030426,True,0.7599077005576425,0.5106382978723404,0.00027072452651408333,0.0005411621457079077,0.5496961257288678,0.26896591512023293,24,23,1846162,454794,24.634566197332628
15,9,0.025,xgboost,200,5,0.45,0.4401191771030426,True,0.7599077005576425,0.5106382978723404,0.00027072452651408333,0.0005411621457079077,0.5496961257288678,0.26896591512023293,24,23,1846162,454794,24.634566197332628
30,12,0.02,xgboost,100,15,0.45,0.7009421586990356,True,0.7065909072247905,0.453125,0.00027053248255531925,0.0005407421219466716,0.5480275810851323,0.3247035863935046,29,35,1826832,550114,30.11300437040735
15,12,0.03,random_forest,200,15,0.45,0.5890062441435606,True,0.7659391224511352,0.45098039215686275,0.00026614825615033907,0.0005319825602238952,0.5491735328949536,0.26151226726630294,23,28,1846162,443601,24.028281375090593
15,12,0.015,random_forest,200,15,0.5,0.582721418330086,True,0.6687105432071347,0.5,0.00026160247868348553,0.0005229313570885797,0.5452173779004528,0.36133994321135626,32,32,1846162,627091,33.96727914451711
15,12,0.015,xgboost,100,5,0.5,0.4579702317714691,True,0.6687132515241053,0.5079365079365079,0.00026160247868348553,0.000522935629892308,0.5460370945826627,0.361828049641957,32,31,1846162,627091,33.96727914451711
20,9,0.02,xgboost,100,5,0.45,0.44740578532218933,True,0.7249169037932094,0.45614035087719296,0.0002568890733220697,0.0005134889599873603,0.5519263137166339,0.3073758616614616,26,31,1839733,519163,28.219475326039156
15,12,0.02,xgboost,200,15,0.45,0.7019830346107483,True,0.7045605349467681,0.4666666666666667,0.00025668762948974165,0.0005130930347620531,0.5311774307799442,0.3152967472064746,28,32,1846162,559995,30.332928529565663
15,9,0.02,xgboost,100,15,0.5,0.6443526148796082,True,0.7249974948068022,0.52,0.000256051683047409,0.000511851326876132,0.5336734340706346,0.29573534549211117,26,24,1846162,520900,28.215292049126784
15,9,0.02,xgboost,100,15,0.45,0.6443526148796082,True,0.7249974948068022,0.52,0.000256051683047409,0.000511851326876132,0.5336734340706346,0.29573534549211117,26,24,1846162,520900,28.215292049126784
15,9,0.02,random_forest,100,5,0.5,0.5521959308265394,True,0.7249947864898316,0.5098039215686274,0.000256051683047409,0.0005118462886222476,0.5379756512114822,0.298097951131598,26,25,1846162,520900,28.215292049126784
20,6,0.015,random_forest,100,15,0.45,0.5959479134587824,True,0.7116106395758085,0.4576271186440678,0.000254460120444457,0.0005086374168754592,0.5477832014934132,0.317642396612322,27,32,1839733,544756,29.6106011035297
15,6,0.015,xgboost,100,10,0.45,0.5667641162872314,True,0.711843199280671,0.4576271186440678,0.0002537784795849312,0.0005072756479507003,0.5400576566392761,0.31363647802574063,27,32,1846162,546205,29.585973495283728
15,12,0.015,random_forest,100,10,0.5,0.5704740677345731,True,0.6687105432071347,0.5,0.00025342740122462663,0.0005065980308044287,0.5436120549482294,0.36052839290405675,31,31,1846162,627091,33.96727914451711
15,12,0.015,random_forest,100,15,0.45,0.5873701923424115,True,0.6686970016222819,0.4626865671641791,0.00025342740122462663,0.0005065773347495711,0.5441931695240928,0.36062835563432377,31,36,1846162,627091,33.96727914451711
10,6,0.015,random_forest,200,15,0.5,0.5763648979719743,True,0.7115951417004048,0.5094339622641509,0.0002526788638809602,0.0005051071949713772,0.5334763581406848,0.30913528289560394,27,26,1852497,548533,29.6104663057484
30,12,0.025,random_forest,200,10,0.45,0.5781245730069926,True,0.7391992161306303,0.47058823529411764,0.0002518759510940862,0.0005034824200721658,0.5554423678386439,0.29257845680068273,24,27,1826832,489397,26.78938183697242
30,12,0.02,xgboost,200,15,0.45,0.7525830268859863,True,0.7065909072247905,0.45,0.0002518750699652972,0.0005034683374356679,0.5450976593564901,0.32270636729372054,27,33,1826832,550114,30.11300437040735
15,9,0.015,random_forest,200,10,0.45,0.5735587952584248,True,0.6849685699815563,0.453125,0.0002493251027391372,0.0004983759817147571,0.5414428007916023,0.34230911631383204,29,35,1846162,596128,32.2901240519521
30,6,0.02,random_forest,200,5,0.45,0.5491472812458057,True,0.7576327363992916,0.4583333333333333,0.0002484500107285232,0.0004966308114270235,0.5479398913790902,0.2695918142608374,22,26,1826832,455341,24.92517100641986
15,12,0.015,xgboost,100,15,0.5,0.6854338645935059,True,0.668715959841076,0.5172413793103449,0.00024525232376576767,0.0004902721827734698,0.532193522708894,0.3511349505877919,30,28,1846162,627091,33.96727914451711
30,9,0.015,random_forest,100,15,0.45,0.5989892426813751,True,0.6864057235601464,0.45901639344262296,0.0002443878085396083,0.0004885155234531068,0.5521509953269526,0.3477217363297098,28,33,1826832,587045,32.13459146763359
10,12,0.03,xgboost,200,10,0.45,0.5417840480804443,True,0.7658839406207827,0.45652173913043476,0.00024211400110680687,0.0004839713304602337,0.5352344120113963,0.25314561188571016,21,25,1852497,445120,24.028109087356146
20,9,0.015,xgboost,100,10,0.5,0.5983051061630249,True,0.6849057065283859,0.5,0.0002415083924166365,0.0004827835922547718,0.5476984838536652,0.34600372729043516,28,28,1839733,594146,32.29522979693249
20,12,0.02,xgboost,200,10,0.45,0.6389683485031128,True,0.7046612691501766,0.45614035087719296,0.00023926967532945595,0.000478288463130398,0.5489785348170926,0.32609282931499045,26,31,1839733,557719,30.31521421858498
10,12,0.02,random_forest,200,5,0.5,0.5380946285771889,True,0.7045317139001349,0.52,0.00023750148438427741,0.0004747861179843503,0.5320333160178259,0.3156937341112009,26,24,1852497,561956,30.335055873234886
20,9,0.02,random_forest,200,5,0.45,0.5543804260217621,True,0.7249196215759335,0.46153846153846156,0.00023712837537421822,0.00047401321311831566,0.5430910999235583,0.3010566286645931,24,28,1839733,519163,28.219475326039156
30,12,0.03,random_forest,100,5,0.45,0.5511176072931745,True,0.7677704883035413,0.46511627906976744,0.0002357211889776772,0.0004712035717230737,0.5499061007797765,0.25932261623121994,20,23,1826832,435410,23.83415661648143
20,6,0.015,random_forest,100,10,0.45,0.5785361964489827,True,0.7116106395758085,0.45454545454545453,0.0002356112226337565,0.00047097831615832406,0.5476949693377298,0.3170381696119774,25,30,1839733,544756,29.6106011035297
30,12,0.02,xgboost,200,15,0.5,0.7631979584693909,True,0.7066073290691277,0.5,0.0002332176573752752,0.00046621785427894744,0.5450976593564901,0.32270636729372054,25,25,1826832,550114,30.11300437040735
20,12,0.03,xgboost,100,15,0.5,0.6437917351722717,True,0.7660559808885519,0.5,0.00023234470660672173,0.0004644735772593737,0.5423805281335048,0.2564001770063025,20,20,1839733,441791,24.013865055418368
10,12,0.03,xgboost,100,10,0.45,0.5039054751396179,True,0.7658839406207827,0.45454545454545453,0.0002305847629588637,0.0004609356994699239,0.5386530828433922,0.25528041461915496,20,24,1852497,445120,24.028109087356146
30,9,0.02,random_forest,100,15,0.5,0.6049062563171109,True,0.7263545968847761,0.5,0.00023004370830457787,0.0004598758335249483,0.5540461153777946,0.3070686650952346,23,23,1826832,512809,28.07094467362078
10,12,0.015,random_forest,100,15,0.45,0.5830369004677938,True,0.668634278002699,0.45901639344262296,0.00022807617744326604,0.00045592581435677823,0.5343906100594599,0.3542835943819703,28,33,1852497,629336,33.97230872708566
20,9,0.025,xgboost,200,10,0.45,0.6042146682739258,True,0.7598540007120591,0.46511627906976744,0.00022635188664297517,0.00045248356919039376,0.5478667477579215,0.26777419804866565,20,23,1839733,453265,24.63754251296248
15,6,0.015,random_forest,200,10,0.45,0.5718964607902616,True,0.711843199280671,0.4528301886792453,0.00022558087074216106,0.00045093710366856125,0.5396721142909413,0.31272203224122175,24,29,1846162,546205,29.585973495283728
30,12,0.03,xgboost,200,15,0.45,0.7160714864730835,True,0.7677732252775976,0.475,0.00022393512952879335,0.0004476592135334449,0.5461791148515251,0.25990896533554514,19,21,1826832,435410,23.83415661648143
15,9,0.015,xgboost,200,15,0.45,0.7338250875473022,True,0.6849739866154976,0.4642857142857143,0.00022353285073164022,0.0004468505628598436,0.5310551071391891,0.3345934684225795,26,30,1846162,596128,32.2901240519521
15,6,0.02,xgboost,200,15,0.45,0.6732007265090942,True,0.7567362613850874,0.46511627906976744,0.00022267251553140797,0.00044513192597456073,0.529823932850337,0.2607190033548613,20,23,1846162,461752,25.01145619940179
20,12,0.015,random_forest,100,15,0.45,0.5894361442247423,True,0.6688245861496357,0.4576271186440678,0.0002215839146491588,0.00044295335044992575,0.5480845550142031,0.36290889683751126,27,32,1839733,624545,33.94758913385801
10,12,0.015,random_forest,200,15,0.45,0.5798744500839678,True,0.6686315789473685,0.45,0.0002199305996774351,0.00043964632895315326,0.5357721050003237,0.3551980080133537,27,33,1852497,629336,33.97230872708566
20,9,0.02,xgboost,100,5,0.5,0.46022695302963257,True,0.7249304927068301,0.5,0.0002173676774263667,0.0004345464421510049,0.5519263137166339,0.3073758616614616,22,22,1839733,519163,28.219475326039156
20,9,0.02,random_forest,200,5,0.5,0.5545357597306729,True,0.7249304927068301,0.5,0.0002173676774263667,0.0004345464421510049,0.5430910999235583,0.3010566286645931,22,22,1839733,519163,28.219475326039156
30,12,0.015,xgboost,100,15,0.5,0.7407870888710022,True,0.6708131823618444,0.5416666666666666,0.0002161658823725037,0.00043215930056679356,0.5472555729153951,0.3615562669551492,26,22,1826832,616358,33.739172512852846
20,9,0.025,xgboost,200,10,0.5,0.6192532777786255,True,0.7598648718429556,0.5135135135135135,0.0002150342923108264,0.0004298885683579388,0.5478667477579215,0.26777419804866565,19,18,1839733,453265,24.63754251296248
30,12,0.03,xgboost,200,15,0.5,0.7191431522369385,True,0.7677786992257101,0.5,0.00021214907007990948,0.0004241181876016117,0.5461791148515251,0.25990896533554514,18,18,1826832,435410,23.83415661648143
20,6,0.02,random_forest,100,10,0.45,0.5784669926667195,True,0.7565247168749847,0.4634146341463415,0.0002120938124420928,0.00042399357315004907,0.5518237932782459,0.271970901386821,19,22,1839733,460574,25.034828423472323
20,6,0.02,random_forest,100,5,0.45,0.5507490146351033,True,0.7565219990922606,0.4523809523809524,0.0002120938124420928,0.00042398884239888424,0.5467236993716557,0.26851886141671133,19,23,1839733,460574,25.034828423472323
20,6,0.015,random_forest,200,10,0.5,0.5783545406065649,True,0.7116242284894292,0.5,0.0002073378759177057,0.0004145038671326695,0.548134411406784,0.3172980513335481,22,22,1839733,544756,29.6106011035297
20,9,0.015,xgboost,200,15,0.5,0.7405574917793274,True,0.6849057065283859,0.5,0.00020700719349997412,0.00041384305002327865,0.5378008934256652,0.3391631212070437,24,24,1839733,594146,32.29522979693249
15,9,0.015,xgboost,200,15,0.5,0.7403549551963806,True,0.6849875282003505,0.5106382978723404,0.0002063380160599756,0.0004125093459148684,0.5310551071391891,0.3345934684225795,24,23,1846162,596128,32.2901240519521
20,12,0.015,random_forest,200,15,0.5,0.5848969390528744,True,0.6688381750632564,0.5,0.0002051702913418137,0.00041017227235438887,0.5492761565409815,0.36333663423214174,25,25,1839733,624545,33.94758913385801
15,12,0.015,random_forest,100,5,0.5,0.5487784898020913,True,0.6687132515241053,0.5102040816326531,0.00020437693647147308,0.00040859020037263425,0.5382446799312701,0.35748344217996475,25,24,1846162,627091,33.96727914451711
20,9,0.025,random_forest,200,10,0.45,0.5782958467679508,True,0.7598512829293349,0.45,0.00020371669797867765,0.00040724903278354713,0.5527094278044441,0.27016073707691884,18,22,1839733,453265,24.63754251296248
20,9,0.025,random_forest,200,15,0.45,0.5928357050218953,True,0.7598512829293349,0.45,0.00020371669797867765,0.00040724903278354713,0.553719529443734,0.2708171947192982,18,22,1839733,453265,24.63754251296248
30,6,0.02,random_forest,100,15,0.45,0.6192588990677863,True,0.7576354733733479,0.46153846153846156,0.00020327728150515534,0.00040637558134284555,0.5557370661359091,0.2762949208100319,18,21,1826832,455341,24.92517100641986
30,6,0.025,random_forest,200,15,0.45,0.6200840530119622,True,0.7946366256394256,0.46875,0.00019991736748810492,0.0003996642820031174,0.5583818563781617,0.23751159179917275,15,17,1826832,384467,21.045558650165972
20,9,0.015,xgboost,200,10,0.45,0.6637671589851379,True,0.6848948353974893,0.46,0.00019838189377080853,0.0003965927509742387,0.5459069868289568,0.34460782954640234,23,27,1839733,594146,32.29522979693249
20,6,0.015,xgboost,100,10,0.45,0.5658136010169983,True,0.7116160751412568,0.4666666666666667,0.00019791342701235546,0.00039565905494008593,0.5487661871532692,0.32013593767541487,21,24,1839733,544756,29.6106011035297
15,9,0.015,random_forest,200,15,0.45,0.5913907566431778,True,0.684971278298527,0.45098039215686275,0.00019774059872414328,0.0003953078674859279,0.5430328507711738,0.3438449154135402,23,28,1846162,596128,32.2901240519521
20,9,0.02,random_forest,100,5,0.45,0.5539411249559628,True,0.7249304927068301,0.5,0.0001976069794785152,0.00039505782658936703,0.5429609106683096,0.30105975722457906,20,20,1839733,519163,28.219475326039156
20,9,0.02,random_forest,100,5,0.5,0.5539411249559628,True,0.7249304927068301,0.5,0.0001976069794785152,0.00039505782658936703,0.5429609106683096,0.30105975722457906,20,20,1839733,519163,28.219475326039156
15,9,0.03,xgboost,100,10,0.45,0.5299544930458069,True,0.7904845991555468,0.45454545454545453,0.00019390617526532828,0.0003876469828143171,0.5468165198058249,0.23511772032040806,15,18,1846162,396901,21.498709214034303
15,9,0.025,xgboost,100,5,0.5,0.4422774016857147,True,0.7599077005576425,0.5151515151515151,0.00019176320628080902,0.00038338369942717964,0.5493020276019575,0.26853582552451466,17,16,1846162,454794,24.634566197332628
10,9,0.025,xgboost,100,15,0.45,0.6139726042747498,True,0.7599001349527665,0.5,0.00019110356689186912,0.00038206110730298567,0.5288512346355052,0.2552072746833411,17,17,1852497,456265,24.629729494838585
10,9,0.025,xgboost,100,15,0.5,0.6139726042747498,True,0.7599001349527665,0.5,0.00019110356689186912,0.00038206110730298567,0.5288512346355052,0.2552072746833411,17,17,1852497,456265,24.629729494838585
30,6,0.015,random_forest,200,10,0.45,0.5852927188432177,True,0.7128695257097658,0.46511627906976744,0.0001906486821409847,0.00038114113656286924,0.551817823110476,0.3207936646453562,20,23,1826832,538684,29.48733107368384
30,12,0.03,random_forest,200,5,0.45,0.5502841159907426,True,0.7677732252775976,0.47058823529411764,0.00018857695118214176,0.00037700282752120643,0.5501341468353812,0.25933691667354597,16,18,1826832,435410,23.83415661648143
20,6,0.015,random_forest,200,15,0.45,0.5946299625654413,True,0.7116215107067051,0.4878048780487805,0.0001884889781070052,0.00037683234728869125,0.5494945433808579,0.3187612914329119,20,21,1839733,544756,29.6106011035297
15,6,0.015,random_forest,200,15,0.5,0.5921292332193946,True,0.7118594491824946,0.5128205128205128,0.0001879840589518009,0.0003758303501799288,0.541392158524821,0.3144192541077471,20,19,1846162,546205,29.585973495283728
20,9,0.02,xgboost,100,15,0.45,0.6652927398681641,True,0.7249223393586577,0.4634146341463415,0.00018772663050458941,0.00037530122861770634,0.538366517484154,0.29876275600991975,19,22,1839733,519163,28.219475326039156
30,6,0.025,random_forest,200,15,0.5,0.6229040930336157,True,0.7946475735356504,0.5384615384615384,0.00018658954298889793,0.0003730498154735734,0.5583818563781617,0.23751159179917275,14,12,1826832,384467,21.045558650165972
30,12,0.02,xgboost,100,5,0.45,0.4813111424446106,True,0.7066045920950715,0.4878048780487805,0.00018657412590022016,0.00037300558575864676,0.5580745096344548,0.33059853329277566,20,21,1826832,550114,30.11300437040735
15,12,0.02,random_forest,100,15,0.45,0.5917849090205795,True,0.7045605349467681,0.45454545454545453,0.0001833483067783869,0.0003665487601488188,0.545624327473957,0.3244630367680862,20,24,1846162,559995,30.332928529565663
30,6,0.015,random_forest,200,10,0.5,0.5871906871895566,True,0.7128804736059907,0.5135135135135135,0.00018111624803393548,0.00036210478168893296,0.551817823110476,0.3207936646453562,19,18,1826832,538684,29.48733107368384
15,9,0.03,xgboost,100,15,0.45,0.6118887662887573,True,0.790490015789488,0.4827586206896552,0.0001809790969143064,0.0003618225518827695,0.534304562809756,0.2276211613539227,14,15,1846162,396901,21.498709214034303
20,12,0.015,random_forest,100,15,0.5,0.5916332028856945,True,0.6688517639768771,0.5641025641025641,0.00018054985638079607,0.0003609841741256389,0.5480845550142031,0.36290889683751126,22,17,1839733,624545,33.94758913385801
10,12,0.015,random_forest,200,15,0.5,0.5828743928790648,True,0.6686477732793522,0.5,0.00017920271084828046,0.0003582770132725348,0.5357721050003237,0.3551980080133537,22,22,1852497,629336,33.97230872708566
20,6,0.015,xgboost,100,10,0.5,0.5773177146911621,True,0.7116269462721533,0.5135135135135135,0.00017906452920165493,0.0003580042206813386,0.5487661871532692,0.32013593767541487,19,18,1839733,544756,29.6106011035297
20,6,0.015,random_forest,200,5,0.45,0.5528824642976516,True,0.7116133573585326,0.4523809523809524,0.00017906452920165493,0.000357987357393852,0.5416471010730624,0.3132895068426382,19,23,1839733,544756,29.6106011035297
15,6,0.015,xgboost,200,5,0.45,0.4940204322338104,True,0.7118459075976415,0.4523809523809524,0.00017858485600421084,0.00035702876900238647,0.5440451991600262,0.3168926088954967,19,23,1846162,546205,29.585973495283728
15,6,0.02,xgboost,100,10,0.45,0.5482329726219177,True,0.7567362613850874,0.45714285714285713,0.00017813801242512638,0.00035613724639132804,0.5424398849765026,0.2676099616376688,16,19,1846162,461752,25.01145619940179
30,12,0.02,xgboost,100,5,0.5,0.4854782521724701,True,0.7066073290691277,0.5,0.00017724541960520914,0.0003543652199861984,0.5580745096344548,0.33059853329277566,19,19,1826832,550114,30.11300437040735
30,12,0.03,random_forest,100,5,0.5,0.5515068917139778,True,0.7677786992257101,0.5,0.0001767908917332579,0.00035345680757811396,0.5499061007797765,0.25932261623121994,15,15,1826832,435410,23.83415661648143
20,12,0.02,xgboost,200,10,0.5,0.6629063487052917,True,0.7046748580637973,0.5,0.0001748509165869101,0.00034957958455226215,0.5489785348170926,0.32609282931499045,19,19,1839733,557719,30.31521421858498
30,9,0.015,random_forest,200,5,0.45,0.5459524143794887,True,0.6864111975082589,0.46511627906976744,0.00017456272038543448,0.00034899445971295204,0.5428356898657911,0.3410244934437451,20,23,1826832,587045,32.13459146763359
15,12,0.02,random_forest,200,5,0.45,0.5516098840202052,True,0.7045632432637386,0.4634146341463415,0.00017418089143946756,0.00034823089541159973,0.5402510653709478,0.32130005418430974,19,22,1846162,559995,30.332928529565663
15,12,0.02,random_forest,200,10,0.45,0.573759342046781,True,0.7045632432637386,0.4634146341463415,0.00017418089143946756,0.00034823089541159973,0.5451061971937644,0.32412484053870877,19,22,1846162,559995,30.332928529565663
15,12,0.03,xgboost,200,5,0.45,0.4672003388404846,True,0.7659499557190176,0.4838709677419355,0.0001735749496632646,0.000347025413827806,0.5512699216470184,0.26318879663604017,15,16,1846162,443601,24.028281375090593
10,12,0.02,random_forest,100,15,0.45,0.5890191586869606,True,0.7045236167341431,0.48717948717948717,0.00017355877705004888,0.0003469939367375265,0.5360136986577213,0.3182594542131259,19,20,1852497,561956,30.335055873234886
10,12,0.02,random_forest,200,15,0.45,0.5841873680086751,True,0.7045155195681512,0.4523809523809524,0.00017355877705004888,0.0003469844313564352,0.5370707534576041,0.3190872498611018,19,23,1852497,561956,30.335055873234886
20,9,0.015,xgboost,200,10,0.5,0.6752099394798279,True,0.6849057065283859,0.5,0.00017250599458331178,0.000344892996947697,0.5459069868289568,0.34460782954640234,20,20,1839733,594146,32.29522979693249
15,9,0.015,xgboost,200,10,0.45,0.6561415195465088,True,0.6849794032494387,0.47619047619047616,0.0001719483467166463,0.0003437725600742549,0.5377040264830713,0.33881537452751753,20,22,1846162,596128,32.2901240519521
30,6,0.015,random_forest,100,10,0.45,0.5876674100943288,True,0.7128749996578783,0.4864864864864865,0.00017158381392688623,0.00034304663528425224,0.551610458833634,0.32110704691645103,18,19,1826832,538684,29.48733107368384
30,6,0.015,xgboost,100,10,0.45,0.6142235398292542,True,0.7128667887357095,0.45,0.00017158381392688623,0.0003430368288150936,0.554960526449917,0.3232146670758068,18,22,1826832,538684,29.48733107368384
15,6,0.03,xgboost,200,5,0.5,0.4578418731689453,True,0.8247041840788879,0.5,0.00016994978756276554,0.00033978408266020045,0.5514266574208699,0.2004505901698945,11,11,1846162,330255,17.888733491427082
15,6,0.03,xgboost,200,5,0.45,0.4578418731689453,True,0.8247041840788879,0.5,0.00016994978756276554,0.00033978408266020045,0.5514266574208699,0.2004505901698945,11,11,1846162,330255,17.888733491427082
10,6,0.015,random_forest,200,10,0.45,0.5616517240001527,True,0.7115816464237517,0.45,0.00016845257592064012,0.0003367790822770008,0.532606719645386,0.30809438134104267,18,22,1852497,548533,29.6104663057484
10,6,0.015,xgboost,100,15,0.45,0.6672982573509216,True,0.7115816464237517,0.45,0.00016845257592064012,0.0003367790822770008,0.5235893708973598,0.3021689921551837,18,22,1852497,548533,29.6104663057484
15,9,0.03,xgboost,100,5,0.45,0.43326443433761597,True,0.790490015789488,0.48148148148148145,0.0001680520185632845,0.00033598676729039597,0.5510933451072728,0.23671533567403089,13,14,1846162,396901,21.498709214034303
20,6,0.02,xgboost,100,15,0.45,0.6542060971260071,True,0.7565274346577089,0.46875,0.00016744248350691537,0.0003347653852591642,0.539276861178777,0.2659675180856518,15,17,1839733,460574,25.034828423472323
15,6,0.02,xgboost,200,15,0.5,0.69273841381073,True,0.7567498029699404,0.5357142857142857,0.00016700438664855598,0.00033390468134363244,0.529823932850337,0.2607190033548613,15,13,1846162,461752,25.01145619940179
15,6,0.02,xgboost,100,10,0.5,0.559829831123352,True,0.7567470946529699,0.5172413793103449,0.00016700438664855598,0.0003339009649737888,0.5424398849765026,0.2676099616376688,15,14,1846162,461752,25.01145619940179
20,12,0.015,xgboost,100,15,0.45,0.7161378860473633,True,0.6688273039323598,0.45454545454545453,0.00016413623307345098,0.0003281539698426502,0.539412263452757,0.3556828311900969,20,24,1839733,624545,33.94758913385801
20,12,0.015,random_forest,100,10,0.5,0.5718253584388622,True,0.6688381750632564,0.5,0.00016413623307345098,0.0003281647386988268,0.5479646657402817,0.3624622187428357,20,20,1839733,624545,33.94758913385801
20,9,0.015,random_forest,200,15,0.45,0.5904829981166927,True,0.6848975531802135,0.4634146341463415,0.00016388069485414618,0.00032764552203416134,0.5494283626200064,0.34703046840950746,19,22,1839733,594146,32.29522979693249
30,6,0.015,random_forest,100,10,0.5,0.5887363751965006,True,0.7128777366319344,0.5,0.00016205137981983698,0.00032399775107443373,0.551610458833634,0.32110704691645103,17,17,1826832,538684,29.48733107368384
20,9,0.02,xgboost,100,15,0.5,0.6823899745941162,True,0.7249304927068301,0.5,0.00015808558358281215,0.0003160712345544877,0.538366517484154,0.29876275600991975,16,16,1839733,519163,28.219475326039156
20,9,0.02,xgboost,100,10,0.45,0.6081456542015076,True,0.7249223393586577,0.45714285714285713,0.00015808558358281215,0.00031606186911087845,0.5491246903995078,0.30522790859835003,16,19,1839733,519163,28.219475326039156
30,12,0.015,random_forest,200,5,0.45,0.5469967235136002,True,0.6707912865693946,0.4523809523809524,0.00015796737557990654,0.0003158244680851064,0.5428655041615241,0.3571565526969444,19,23,1826832,616358,33.739172512852846
30,12,0.025,random_forest,100,15,0.5,0.606778203489136,True,0.7392101640268552,0.5172413793103449,0.00015742246943380384,0.0003147491449314896,0.5552098605132814,0.29200355934461625,15,14,1826832,489397,26.78938183697242
30,12,0.025,random_forest,100,15,0.45,0.606778203489136,True,0.7392101640268552,0.5172413793103449,0.00015742246943380384,0.0003147491449314896,0.5552098605132814,0.29200355934461625,15,14,1826832,489397,26.78938183697242
30,12,0.025,xgboost,100,15,0.45,0.7235644459724426,True,0.7392046900787428,0.4838709677419355,0.00015742246943380384,0.00031474254060178774,0.5506578003751819,0.29199605057696604,15,16,1826832,489397,26.78938183697242
30,6,0.03,random_forest,100,15,0.45,0.6351800407666363,True,0.8254850602271141,0.5882352941176471,0.0001568258448992394,0.0003135680913110282,0.5578455909657386,0.20305170170804812,10,7,1826832,325559,17.820960000700666
30,6,0.03,random_forest,100,15,0.5,0.6351800407666363,True,0.8254850602271141,0.5882352941176471,0.0001568258448992394,0.0003135680913110282,0.5578455909657386,0.20305170170804812,10,7,1826832,325559,17.820960000700666
20,6,0.02,xgboost,200,10,0.45,0.6139351725578308,True,0.7565355880058813,0.5185185185185185,0.00015627965127312102,0.000312465126659971,0.5472368670373141,0.2710888734994511,14,13,1839733,460574,25.034828423472323
20,6,0.02,random_forest,200,5,0.45,0.5524434677243003,True,0.7565274346577089,0.4666666666666667,0.00015627965127312102,0.0003124546661756665,0.5465444093417313,0.26847864783276343,14,16,1839733,460574,25.034828423472323
20,6,0.02,xgboost,200,10,0.5,0.6139351725578308,True,0.7565355880058813,0.5185185185185185,0.00015627965127312102,0.000312465126659971,0.5472368670373141,0.2710888734994511,14,13,1839733,460574,25.034828423472323
15,9,0.015,random_forest,100,5,0.45,0.5503253978560112,True,0.6849794032494387,0.47368421052631576,0.00015475351204498168,0.0003094059405940594,0.5359816650520456,0.33839723528801796,18,20,1846162,596128,32.2901240519521
15,12,0.025,xgboost,200,5,0.45,0.4813203513622284,True,0.737214712661111,0.45454545454545453,0.00015459773668913488,0.0003090903471084598,0.5496346783927046,0.2923978319891002,15,18,1846162,498421,26.997684926891573
15,6,0.03,xgboost,100,5,0.45,0.4404580295085907,True,0.8247041840788879,0.5,0.0001544998068752414,0.00030890416248358944,0.5508361159438175,0.1999078717660736,10,10,1846162,330255,17.888733491427082
15,6,0.03,xgboost,100,5,0.5,0.4404580295085907,True,0.8247041840788879,0.5,0.0001544998068752414,0.00030890416248358944,0.5508361159438175,0.1999078717660736,10,10,1846162,330255,17.888733491427082
30,12,0.03,random_forest,200,15,0.45,0.6082651484292532,True,0.7677814361997662,0.52,0.00015321877283549018,0.0003063472799896313,0.5579349166879061,0.26394916257950163,13,12,1826832,435410,23.83415661648143
30,12,0.03,random_forest,200,15,0.5,0.6082651484292532,True,0.7677814361997662,0.52,0.00015321877283549018,0.0003063472799896313,0.5579349166879061,0.26394916257950163,13,12,1826832,435410,23.83415661648143
30,6,0.015,xgboost,100,10,0.5,0.6348235011100769,True,0.7128832105800469,0.5333333333333333,0.00015251894571278776,0.00030495068375661124,0.554960526449917,0.3232146670758068,16,14,1826832,538684,29.48733107368384
20,6,0.015,random_forest,100,5,0.5,0.5538485584417298,True,0.7116269462721533,0.5161290322580645,0.00015079118248560416,0.0003014942810303567,0.5417489633523724,0.31345445894472007,16,15,1839733,544756,29.6106011035297
20,6,0.015,random_forest,100,5,0.45,0.5538485584417298,True,0.7116269462721533,0.5161290322580645,0.00015079118248560416,0.0003014942810303567,0.5417489633523724,0.31345445894472007,16,15,1839733,544756,29.6106011035297
20,9,0.02,random_forest,100,10,0.5,0.5791678677285887,True,0.7249332104895542,0.5172413793103449,0.00014820523460888638,0.00029632556301856976,0.5492165363323821,0.3045605924093145,15,14,1839733,519163,28.219475326039156
20,9,0.02,random_forest,100,10,0.45,0.5791678677285887,True,0.7249332104895542,0.5172413793103449,0.00014820523460888638,0.00029632556301856976,0.5492165363323821,0.3045605924093145,15,14,1839733,519163,28.219475326039156
15,9,0.02,random_forest,200,5,0.5,0.5532095574067784,True,0.724992078172861,0.5,0.00014772212483504362,0.00029535698814633953,0.5380678719866485,0.29814530289503627,15,15,1846162,520900,28.215292049126784
15,9,0.02,random_forest,200,5,0.45,0.5532095574067784,True,0.724992078172861,0.5,0.00014772212483504362,0.00029535698814633953,0.5380678719866485,0.29814530289503627,15,15,1846162,520900,28.215292049126784
15,12,0.015,xgboost,200,15,0.45,0.761558473110199,True,0.6686997099392524,0.45,0.0001471513942594606,0.00029420658205503295,0.5297530273904234,0.3498317711980836,18,22,1846162,627091,33.96727914451711
20,9,0.025,random_forest,100,10,0.45,0.5816414925700607,True,0.7598567184947832,0.4642857142857143,0.00014712872631793386,0.0002941642341547304,0.5524809186087785,0.2699814714806387,13,15,1839733,453265,24.63754251296248
30,6,0.02,random_forest,200,5,0.5,0.549832152544003,True,0.7576464212695728,0.52,0.00014681136997594552,0.0002935398649716621,0.5479398913790902,0.2695918142608374,13,12,1826832,455341,24.92517100641986
15,12,0.02,random_forest,200,15,0.45,0.5890475050633722,True,0.7045713682146504,0.5,0.00014667864542270952,0.00029327125758381144,0.5463160042410379,0.32490294850766027,16,16,1846162,559995,30.332928529565663
15,12,0.02,random_forest,200,15,0.5,0.5890475050633722,True,0.7045713682146504,0.5,0.00014667864542270952,0.00029327125758381144,0.5463160042410379,0.32490294850766027,16,16,1846162,559995,30.332928529565663
10,12,0.015,xgboost,200,10,0.45,0.628227710723877,True,0.6686396761133603,0.46153846153846156,0.00014662039978495674,0.00029314767314034447,0.5317066021538066,0.3511476941418532,18,21,1852497,629336,33.97230872708566
30,6,0.025,random_forest,100,10,0.45,0.6038300529852392,True,0.7946393626134818,0.4782608695652174,0.00014660606949127694,0.00029312228528792603,0.5585530122585152,0.23791094250870892,11,12,1826832,384467,21.045558650165972
15,9,0.015,random_forest,200,10,0.5,0.5760050183994327,True,0.6849929448342916,0.5483870967741935,0.00014615609470914936,0.0002922343031501139,0.5414428007916023,0.34230911631383204,17,14,1846162,596128,32.2901240519521
10,9,0.025,xgboost,200,15,0.45,0.6694404482841492,True,0.7598974358974359,0.48148148148148145,0.0001461380217408411,0.0002921873595253079,0.5262915893884811,0.25412751580561105,13,14,1852497,456265,24.629729494838585
30,9,0.03,xgboost,100,15,0.45,0.6897560954093933,True,0.7916560608921988,0.4583333333333333,0.00014450867052023122,0.00028892624500945576,0.5486995664414234,0.23512376535215251,11,13,1826832,390516,21.37667831524738
20,9,0.03,xgboost,100,10,0.45,0.5478062629699707,True,0.7904589519686259,0.5,0.00014267185473411154,0.000285262311662042,0.5542355742131695,0.23811379258909285,11,11,1839733,395554,21.50061992691331
20,9,0.03,xgboost,100,10,0.5,0.5478062629699707,True,0.7904589519686259,0.5,0.00014267185473411154,0.000285262311662042,0.5542355742131695,0.23811379258909285,11,11,1839733,395554,21.50061992691331
15,9,0.03,xgboost,200,5,0.5,0.4805057644844055,True,0.7904927241064585,0.5,0.00014219786186124074,0.00028431486579045997,0.5512569724595104,0.236660968726022,11,11,1846162,396901,21.498709214034303
15,9,0.03,xgboost,200,5,0.45,0.4805057644844055,True,0.7904927241064585,0.5,0.00014219786186124074,0.00028431486579045997,0.5512569724595104,0.236660968726022,11,11,1846162,396901,21.498709214034303
15,6,0.015,random_forest,200,10,0.5,0.5751921880339913,True,0.7118621574994651,0.5357142857142857,0.00014098804421385067,0.00028190189813944745,0.5396721142909413,0.31272203224122175,15,13,1846162,546205,29.585973495283728
20,12,0.015,random_forest,100,5,0.5,0.5491258807559802,True,0.6688408928459806,0.5151515151515151,0.00013951579811243331,0.00027895604801325864,0.5411381311793934,0.3588847784665427,17,16,1839733,624545,33.94758913385801
15,12,0.03,xgboost,200,10,0.45,0.6097312569618225,True,0.7659472474020469,0.46153846153846156,0.00013885995973061168,0.0002776363888760354,0.5444599233827864,0.2585364801532773,12,14,1846162,443601,24.028281375090593
20,12,0.02,random_forest,100,10,0.45,0.5745339925441706,True,0.704669422498349,0.46875,0.00013804019730545534,0.0002759991168028262,0.5496607222745911,0.3262235555931051,15,17,1839733,557719,30.31521421858498
15,12,0.02,random_forest,100,15,0.5,0.595199393726952,True,0.704574076531621,0.5172413793103449,0.00013751123008379017,0.0002749493634922235,0.545624327473957,0.3244630367680862,15,14,1846162,559995,30.332928529565663
30,12,0.025,xgboost,100,15,0.5,0.7261150479316711,True,0.739207427052799,0.5,0.00013643280684263,0.0002727911783529708,0.5506578003751819,0.29199605057696604,13,13,1826832,489397,26.78938183697242
15,12,0.025,xgboost,200,15,0.45,0.7151170969009399,True,0.7372201292950522,0.48148148148148145,0.00013398470513058356,0.00026789486157048213,0.5331504110549551,0.28187652668776825,13,14,1846162,498421,26.997684926891573
15,6,0.02,random_forest,200,10,0.45,0.5781489983808691,True,0.7567416780190286,0.48,0.00013360350931884476,0.00026713266475963623,0.543416049499279,0.2676711058710933,12,13,1846162,461752,25.01145619940179
30,6,0.015,xgboost,100,15,0.5,0.7545105814933777,True,0.7128777366319344,0.5,0.0001334540774986893,0.0002668369340436278,0.5437125725528325,0.3157921749098674,14,14,1826832,538684,29.48733107368384
30,6,0.025,random_forest,200,10,0.5,0.6027984355278625,True,0.7946585214318753,0.7142857142857143,0.00013327824499206995,0.0002665067626091012,0.5586133628325503,0.23790449477634698,10,4,1826832,384467,21.045558650165972
30,6,0.025,random_forest,100,10,0.5,0.6081628451909048,True,0.7946530474837629,0.625,0.00013327824499206995,0.0002664996602129332,0.5585530122585152,0.23791094250870892,10,6,1826832,384467,21.045558650165972
30,6,0.025,random_forest,200,10,0.45,0.6027984355278625,True,0.7946585214318753,0.7142857142857143,0.00013327824499206995,0.0002665067626091012,0.5586133628325503,0.23790449477634698,10,4,1826832,384467,21.045558650165972
15,12,0.015,random_forest,200,10,0.5,0.571818539155093,True,0.6687240847919877,0.5925925925925926,0.00013080123934174276,0.00026154474867184306,0.5436232040573502,0.36070570274598873,16,11,1846162,627091,33.96727914451711
15,12,0.015,xgboost,200,5,0.45,0.517221987247467,True,0.6687078348901642,0.48484848484848486,0.00013080123934174276,0.00026153192324038054,0.5458614072479937,0.36129586104140377,16,17,1846162,627091,33.96727914451711
15,9,0.03,xgboost,100,10,0.5,0.5495942234992981,True,0.7904927241064585,0.5,0.00012927078351021885,0.0002584747405559792,0.5468165198058249,0.23511772032040806,10,10,1846162,396901,21.498709214034303
15,9,0.03,xgboost,100,5,0.5,0.4681425392627716,True,0.7904927241064585,0.5,0.00012927078351021885,0.0002584747405559792,0.5510933451072728,0.23671533567403089,10,10,1846162,396901,21.498709214034303
15,9,0.03,xgboost,200,10,0.45,0.6063379645347595,True,0.7904873074725174,0.45454545454545453,0.00012927078351021885,0.00025846805980950905,0.5436490077307509,0.233117524271274,10,12,1846162,396901,21.498709214034303
15,12,0.02,random_forest,200,5,0.5,0.5517420518223362,True,0.7045713682146504,0.5,0.00012834381474487083,0.0002566217578590413,0.5402510653709478,0.32130005418430974,14,14,1846162,559995,30.332928529565663
15,9,0.02,xgboost,200,15,0.45,0.7205356359481812,True,0.7249866615389199,0.4642857142857143,0.0001280258415237045,0.00025598109678054545,0.5304034438579247,0.2934463384841316,13,15,1846162,520900,28.215292049126784
20,12,0.03,xgboost,200,5,0.45,0.5168472528457642,True,0.7660505453231036,0.4583333333333333,0.00012778958863369694,0.00025550793816707894,0.5576761775948695,0.26656042114529827,11,13,1839733,441791,24.013865055418368
15,12,0.03,random_forest,200,15,0.5,0.5933521674228754,True,0.7659553723529587,0.5238095238095238,0.00012728829641972736,0.00025451474450190306,0.5491735328949536,0.26151226726630294,11,10,1846162,443601,24.028281375090593
30,6,0.03,random_forest,200,15,0.45,0.6288684033403192,True,0.8254741123308892,0.47058823529411764,0.0001254606759193915,0.00025085447304882256,0.5591008578346469,0.20365618110269637,8,9,1826832,325559,17.820960000700666
30,12,0.015,random_forest,200,10,0.45,0.5727393846644195,True,0.670796760517507,0.46875,0.00012471108598413675,0.0002493558307705095,0.5512356838366401,0.3622024261248176,15,17,1826832,616358,33.739172512852846
15,12,0.025,xgboost,100,5,0.45,0.4647475779056549,True,0.7372201292950522,0.48,0.00012367818935130788,0.0002472926605599118,0.5498546152033458,0.29246351057495135,12,13,1846162,498421,26.997684926891573
15,12,0.025,xgboost,100,15,0.45,0.6584715843200684,True,0.7372201292950522,0.48,0.00012367818935130788,0.0002472926605599118,0.5369505459884032,0.2845466831869377,12,13,1846162,498421,26.997684926891573
15,12,0.015,xgboost,200,5,0.5,0.5202285051345825,True,0.6687105432071347,0.5,0.00012262616188288384,0.0002451921898114472,0.5458614072479937,0.36129586104140377,15,15,1846162,627091,33.96727914451711
15,6,0.02,xgboost,100,15,0.45,0.6730027794837952,True,0.7567470946529699,0.5238095238095238,0.0001224698835422744,0.0002448825120493327,0.5332353047963113,0.26232942020653616,11,10,1846162,461752,25.01145619940179
15,6,0.02,xgboost,100,15,0.5,0.6730027794837952,True,0.7567470946529699,0.5238095238095238,0.0001224698835422744,0.0002448825120493327,0.5332353047963113,0.26232942020653616,11,10,1846162,461752,25.01145619940179
10,6,0.015,random_forest,100,5,0.45,0.5319614330675223,True,0.7115978407557355,0.5416666666666666,0.0001216601937204623,0.00024326574911816165,0.5285271334394493,0.30451681119887614,13,11,1852497,548533,29.6104663057484
10,6,0.015,random_forest,100,5,0.5,0.5319614330675223,True,0.7115978407557355,0.5416666666666666,0.0001216601937204623,0.00024326574911816165,0.5285271334394493,0.30451681119887614,13,11,1852497,548533,29.6104663057484
15,9,0.015,random_forest,100,5,0.5,0.5504956106721581,True,0.6849875282003505,0.5185185185185185,0.00012036384270165242,0.0002406718181896322,0.5359816650520456,0.33839723528801796,14,13,1846162,596128,32.2901240519521
15,12,0.02,random_forest,100,5,0.45,0.5521555495642978,True,0.7045659515807092,0.4642857142857143,0.00011917639940595148,0.00023829163229768124,0.5400567343560437,0.3211851424856137,13,15,1846162,559995,30.332928529565663
15,6,0.025,xgboost,100,5,0.45,0.4540289640426636,True,0.7937941624936016,0.45,0.00011820951980666176,0.00023635695152056306,0.5496804489991816,0.2329276850025728,9,11,1846162,389946,21.121981711247443
15,6,0.025,xgboost,100,15,0.5,0.6669440269470215,True,0.7938077040784546,0.6,0.00011820951980666176,0.0002363724704862707,0.5338065000490541,0.22421750322962022,9,6,1846162,389946,21.121981711247443
15,6,0.025,xgboost,200,5,0.45,0.4788000285625458,True,0.7937968708105722,0.47368421052631576,0.00011820951980666176,0.00023636005515067954,0.5498038377388963,0.23293069275688555,9,10,1846162,389946,21.121981711247443
15,9,0.02,xgboost,200,15,0.5,0.7248958349227905,True,0.7249947864898316,0.5217391304347826,0.00011817769986803491,0.00023630187564613794,0.5304034438579247,0.2934463384841316,12,11,1846162,520900,28.215292049126784
20,9,0.03,xgboost,200,5,0.45,0.49931275844573975,True,0.7904535164031776,0.45,0.00011673151750972762,0.00023340248962655603,0.558077691794729,0.24052087202645966,9,11,1839733,395554,21.50061992691331
30,9,0.025,random_forest,100,10,0.45,0.5929667403189235,True,0.7611908026723815,0.45454545454545453,0.00011461186691270015,0.00022916595052307128,0.556854813184743,0.27116663886112263,10,12,1826832,447586,24.500665633183566
10,12,0.015,random_forest,200,10,0.45,0.5675548124579596,True,0.6686450742240216,0.4827586206896552,0.00011403808872163302,0.00022802231361211775,0.534993489839633,0.3546426974861537,14,15,1852497,629336,33.97230872708566
15,12,0.025,xgboost,100,5,0.5,0.46960970759391785,True,0.7372228376120228,0.5,0.00011337167357203224,0.00022669194625340037,0.5498546152033458,0.29246351057495135,11,11,1846162,498421,26.997684926891573
30,6,0.02,random_forest,200,10,0.45,0.5964456833900917,True,0.7576409473214604,0.47619047619047616,0.00011293182305841963,0.00022581009371118888,0.555091493448789,0.275601602682861,10,11,1826832,455341,24.92517100641986
15,6,0.015,random_forest,100,10,0.5,0.5814240227134767,True,0.7118594491824946,0.5217391304347826,0.00011279043537108053,0.00022553211483343513,0.5395651341100424,0.31280434349045194,12,11,1846162,546205,29.585973495283728
30,12,0.02,random_forest,100,15,0.5,0.607656314741504,True,0.7066155399912964,0.5714285714285714,0.00011194447554013209,0.00022384509919135958,0.554142320165464,0.32676000004579164,12,9,1826832,550114,30.11300437040735
30,12,0.02,random_forest,100,15,0.45,0.607656314741504,True,0.7066155399912964,0.5714285714285714,0.00011194447554013209,0.00022384509919135958,0.554142320165464,0.32676000004579164,12,9,1826832,550114,30.11300437040735
15,9,0.015,xgboost,200,10,0.5,0.6939389109611511,True,0.684990236517321,0.5416666666666666,0.00011176642536582011,0.00022348673692172807,0.5377040264830713,0.33881537452751753,13,11,1846162,596128,32.2901240519521
30,9,0.02,xgboost,100,15,0.45,0.7390149831771851,True,0.7263518599107199,0.4782608695652174,0.00011002090397175464,0.00021999120035198593,0.5450666434577774,0.30177323191568184,11,12,1826832,512809,28.07094467362078
15,12,0.02,xgboost,100,15,0.45,0.6997668743133545,True,0.7045713682146504,0.5,0.00011000898406703215,0.0002199695708760288,0.5343957902981529,0.31684818270993925,12,12,1846162,559995,30.332928529565663
15,12,0.02,xgboost,100,15,0.5,0.6997668743133545,True,0.7045713682146504,0.5,0.00011000898406703215,0.0002199695708760288,0.5343957902981529,0.31684818270993925,12,12,1846162,559995,30.332928529565663
30,6,0.03,random_forest,200,15,0.5,0.6298833064821756,True,0.8254795862790016,0.5384615384615384,0.00010977809142946757,0.0002195114302737621,0.5591008578346469,0.20365618110269637,7,6,1826832,325559,17.820960000700666
10,12,0.02,random_forest,100,5,0.45,0.5399318371869806,True,0.7045209176788124,0.46153846153846156,0.00010961606971582034,0.00021918008383638206,0.53194365824528,0.3154034563859104,12,14,1852497,561956,30.335055873234886
30,12,0.015,random_forest,100,10,0.5,0.5787804906454224,True,0.6708022344656195,0.5,0.00010808294118625185,0.00021611916478255088,0.5510677189424158,0.36207735785904016,13,13,1826832,616358,33.739172512852846
30,12,0.015,random_forest,100,10,0.45,0.5787804906454224,True,0.6708022344656195,0.5,0.00010808294118625185,0.00021611916478255088,0.5510677189424158,0.36207735785904016,13,13,1826832,616358,33.739172512852846
30,12,0.015,random_forest,200,10,0.5,0.5750547601599539,True,0.6708022344656195,0.5,0.00010808294118625185,0.00021611916478255088,0.5512356838366401,0.3622024261248176,13,13,1826832,616358,33.739172512852846
10,6,0.03,xgboost,100,10,0.45,0.5150262117385864,True,0.8245155195681512,0.5,0.00010766414937631696,0.00021528194245821225,0.5357966319181986,0.1918263339549579,7,7,1852497,331689,17.904968267155088
10,6,0.03,xgboost,100,10,0.5,0.5150262117385864,True,0.8245155195681512,0.5,0.00010766414937631696,0.00021528194245821225,0.5357966319181986,0.1918263339549579,7,7,1852497,331689,17.904968267155088
10,12,0.015,random_forest,200,10,0.5,0.5688703303003203,True,0.6686504723346829,0.52,0.00010589251095580209,0.0002117419029081936,0.534993489839633,0.3546426974861537,13,12,1852497,629336,33.97230872708566
30,9,0.03,xgboost,200,15,0.45,0.7440748810768127,True,0.7916670087884237,0.5714285714285714,0.00010509721492380452,0.00021015577797042057,0.5445726895812231,0.23308078197811852,8,6,1826832,390516,21.37667831524738
30,9,0.03,xgboost,200,15,0.5,0.7440748810768127,True,0.7916670087884237,0.5714285714285714,0.00010509721492380452,0.00021015577797042057,0.5445726895812231,0.23308078197811852,8,6,1826832,390516,21.37667831524738
30,12,0.025,random_forest,100,10,0.5,0.5920141915180072,True,0.7392238488971363,0.7142857142857143,0.00010494831295586924,0.0002098657908267663,0.5554016527955353,0.29279960176547504,10,4,1826832,489397,26.78938183697242
30,12,0.025,random_forest,200,10,0.5,0.5837442029619203,True,0.739207427052799,0.5,0.00010494831295586924,0.0002098525785635591,0.5554423678386439,0.29257845680068273,10,10,1826832,489397,26.78938183697242
30,9,0.015,random_forest,100,15,0.5,0.6070119841753208,True,0.6864221454044838,0.5217391304347826,0.0001047376322312607,0.0002094332213447358,0.5521509953269526,0.3477217363297098,12,11,1826832,587045,32.13459146763359
20,12,0.03,xgboost,200,15,0.45,0.7216196656227112,True,0.7660505453231036,0.45,0.00010455511797302479,0.00020906166157562804,0.5371801852635156,0.25408852121382663,9,11,1839733,441791,24.013865055418368
15,12,0.03,random_forest,100,15,0.45,0.6003592260305477,True,0.7659499557190176,0.47368421052631576,0.00010414496979795876,0.00020824415470226872,0.5479412622280324,0.2608723535611182,9,10,1846162,443601,24.028281375090593
15,12,0.03,xgboost,100,5,0.45,0.46417346596717834,True,0.7659499557190176,0.47368421052631576,0.00010414496979795876,0.00020824415470226872,0.5511177683393611,0.2626509347742857,9,10,1846162,443601,24.028281375090593
15,9,0.015,xgboost,100,10,0.5,0.6614346504211426,True,0.6849848198833799,0.5,0.0001031690080299878,0.00020629544946621054,0.5406208203682171,0.3410274681630727,12,12,1846162,596128,32.2901240519521
15,9,0.015,xgboost,100,15,0.5,0.7496540546417236,True,0.6849875282003505,0.5217391304347826,0.0001031690080299878,0.00020629722272363907,0.5334785123387353,0.3365220716335563,12,11,1846162,596128,32.2901240519521
10,9,0.015,xgboost,200,15,0.45,0.742229700088501,True,0.6849311740890688,0.48,0.00010279957509508961,0.00020555512731570697,0.5256525535218712,0.3310192225633411,12,13,1852497,598190,32.29101045777672
20,9,0.025,xgboost,200,5,0.45,0.5019064545631409,True,0.7598567184947832,0.45,0.00010185834898933882,0.00020367059675484848,0.5559391425540516,0.273013321244884,9,11,1839733,453265,24.63754251296248
20,9,0.025,xgboost,100,5,0.45,0.45460590720176697,True,0.7598567184947832,0.45,0.00010185834898933882,0.00020367059675484848,0.5548683149771475,0.2722476672941596,9,11,1839733,453265,24.63754251296248
20,6,0.02,xgboost,100,10,0.5,0.5870283246040344,True,0.7565355880058813,0.5294117647058824,0.00010046549010414922,0.00020089285714285714,0.5514273830655335,0.2738780653659042,9,8,1839733,460574,25.034828423472323
20,9,0.02,xgboost,200,15,0.5,0.7540304660797119,True,0.7249386460550025,0.5882352941176471,9.88034897392576e-05,0.00019757379381198878,0.536010021583113,0.2966816631887358,10,7,1839733,519163,28.219475326039156
20,9,0.02,random_forest,100,15,0.45,0.6003696698389474,True,0.7249250571413818,0.45454545454545453,9.88034897392576e-05,0.00019756403544298796,0.5491726915059352,0.30473856919275294,10,12,1839733,519163,28.219475326039156
15,9,0.02,xgboost,100,5,0.5,0.4716432988643646,True,0.7249974948068022,0.5555555555555556,9.848141655669575e-05,0.00019692792437967703,0.5458798837656035,0.3033839684098166,10,8,1846162,520900,28.215292049126784
10,12,0.015,xgboost,200,15,0.45,0.7539148330688477,True,0.6686477732793522,0.5,9.774693318997116e-05,0.00019545565599804544,0.5243624341227804,0.346489874204952,12,12,1852497,629336,33.97230872708566
10,12,0.015,xgboost,200,15,0.5,0.7539148330688477,True,0.6686477732793522,0.5,9.774693318997116e-05,0.00019545565599804544,0.5243624341227804,0.346489874204952,12,12,1852497,629336,33.97230872708566
30,9,0.015,random_forest,100,5,0.5,0.5479482899314334,True,0.6864221454044838,0.5238095238095238,9.600949621198897e-05,0.00019198380354820975,0.5433126833605907,0.3413956004500182,11,10,1826832,587045,32.13459146763359
30,6,0.015,xgboost,100,5,0.5,0.5199507474899292,True,0.7128804736059907,0.5263157894736842,9.532434107049235e-05,0.00019061415881971712,0.5558000784504591,0.32433069898114425,10,9,1826832,538684,29.48733107368384
20,6,0.015,random_forest,200,5,0.5,0.5537683274642599,True,0.7116323818376016,0.5882352941176471,9.42444890535026e-05,0.0001884587840639252,0.5416471010730624,0.3132895068426382,10,7,1839733,544756,29.6106011035297
30,6,0.025,xgboost,100,10,0.5,0.6029123067855835,True,0.7946448365615942,0.5384615384615384,9.329477149444896e-05,0.00018655721976440487,0.5602484439151608,0.2388650582885935,7,6,1826832,384467,21.045558650165972
30,6,0.025,xgboost,100,10,0.45,0.6029123067855835,True,0.7946448365615942,0.5384615384615384,9.329477149444896e-05,0.00018655721976440487,0.5602484439151608,0.2388650582885935,7,6,1826832,384467,21.045558650165972
15,12,0.025,xgboost,100,10,0.45,0.6085014343261719,True,0.7372174209780816,0.45,9.275864201348092e-05,0.00018547905117160935,0.5456298525543295,0.28981757586100265,9,11,1846162,498421,26.997684926891573
15,12,0.03,xgboost,100,5,0.5,0.4826206862926483,True,0.7659526640359882,0.5,9.257330648707446e-05,0.00018511234005136868,0.5511177683393611,0.2626509347742857,8,8,1846162,443601,24.028281375090593
15,12,0.03,xgboost,100,15,0.45,0.6604231595993042,True,0.7659526640359882,0.5,9.257330648707446e-05,0.00018511234005136868,0.536291253255375,0.2542231462927738,8,8,1846162,443601,24.028281375090593
15,12,0.03,xgboost,100,15,0.5,0.6604231595993042,True,0.7659526640359882,0.5,9.257330648707446e-05,0.00018511234005136868,0.536291253255375,0.2542231462927738,8,8,1846162,443601,24.028281375090593
10,12,0.025,xgboost,200,15,0.45,0.6951267719268799,True,0.7371713900134953,0.45,9.242523825172527e-05,0.0001848125179678837,0.5248703164358886,0.27659477988750525,9,11,1852497,500144,26.998370307752182
20,12,0.02,xgboost,100,15,0.45,0.723516047000885,True,0.704669422498349,0.45454545454545453,9.20267982036369e-05,0.0001840163406510498,0.5412225889501963,0.3207018368707317,10,12,1839733,557719,30.31521421858498
30,9,0.03,xgboost,100,15,0.5,0.7221667766571045,True,0.7916670087884237,0.5833333333333334,9.196006305832895e-05,0.00018389113644722325,0.5486995664414234,0.23512376535215251,7,5,1826832,390516,21.37667831524738
30,9,0.03,random_forest,100,15,0.45,0.6250965484890421,True,0.7916670087884237,0.5833333333333334,9.196006305832895e-05,0.00018389113644722325,0.5591277679384952,0.23935983663128363,7,5,1826832,390516,21.37667831524738
30,9,0.03,random_forest,100,15,0.5,0.625096548489042,True,0.7916670087884237,0.5833333333333334,9.196006305832895e-05,0.00018389113644722325,0.5591277679384952,0.23935983663128363,7,5,1826832,390516,21.37667831524738
15,6,0.025,xgboost,200,5,0.5,0.4926378130912781,True,0.7937995791275427,0.5,9.194073762740359e-05,0.00018384766907419565,0.5498038377388963,0.23293069275688555,7,7,1846162,389946,21.121981711247443
15,6,0.025,xgboost,200,15,0.45,0.7212269306182861,True,0.7937995791275427,0.5,9.194073762740359e-05,0.00018384766907419565,0.5306372239813787,0.22257496728365697,7,7,1846162,389946,21.121981711247443
15,6,0.025,xgboost,200,15,0.5,0.7212269306182861,True,0.7937995791275427,0.5,9.194073762740359e-05,0.00018384766907419565,0.5306372239813787,0.22257496728365697,7,7,1846162,389946,21.121981711247443
30,9,0.025,random_forest,100,10,0.5,0.5989062106535481,True,0.7611962766204939,0.5,9.168949353016011e-05,0.00018334536537293594,0.556854813184743,0.27116663886112263,8,8,1826832,447586,24.500665633183566
15,12,0.02,xgboost,100,10,0.45,0.6110490560531616,True,0.7045686598976798,0.47619047619047616,9.167415338919345e-05,0.00018331301614071108,0.5427796826101849,0.322121265984085,10,11,1846162,559995,30.332928529565663
10,12,0.02,random_forest,100,5,0.5,0.5399879751879804,True,0.7045263157894737,0.5,9.134672476318362e-05,0.00018266007872649393,0.53194365824528,0.3154034563859104,10,10,1852497,561956,30.335055873234886
20,9,0.025,random_forest,200,10,0.5,0.5828065855969192,True,0.7598675896256798,0.5714285714285714,9.054075465719006e-05,0.00018105282216086544,0.5527094278044441,0.27016073707691884,8,6,1839733,453265,24.63754251296248
20,9,0.025,random_forest,100,10,0.5,0.5882227791837377,True,0.7598648718429556,0.5333333333333333,9.054075465719006e-05,0.00018105077342627274,0.5524809186087785,0.2699814714806387,8,7,1839733,453265,24.63754251296248
15,9,0.025,xgboost,100,10,0.45,0.6301597356796265,True,0.7599131171915836,0.6153846153846154,9.024150883802778e-05,0.00018045655508436344,0.5453952448043033,0.2666492557978999,8,5,1846162,454794,24.634566197332628
15,9,0.025,xgboost,100,10,0.5,0.6301597356796265,True,0.7599131171915836,0.6153846153846154,9.024150883802778e-05,0.00018045655508436344,0.5453952448043033,0.2666492557978999,8,5,1846162,454794,24.634566197332628
10,9,0.025,xgboost,200,15,0.5,0.7104688286781311,True,0.7599028340080972,0.5333333333333333,8.993109030205605e-05,0.00017983185721350537,0.5262915893884811,0.25412751580561105,8,7,1852497,456265,24.629729494838585
10,12,0.015,random_forest,100,10,0.45,0.5731551232175524,True,0.668642375168691,0.4583333333333333,8.960135542414023e-05,0.000179167684664875,0.5349242100787475,0.35471917064636116,11,13,1852497,629336,33.97230872708566
15,6,0.02,xgboost,200,10,0.5,0.6202236413955688,True,0.7567443863359993,0.5,8.906900621256319e-05,0.0001781062849255293,0.5400906495136769,0.26628438130580134,8,8,1846162,461752,25.01145619940179
20,9,0.02,random_forest,100,15,0.5,0.6022599539406416,True,0.7249359282722784,0.5625,8.892314076533183e-05,0.00017781817104132298,0.5491726915059352,0.30473856919275294,9,7,1839733,519163,28.219475326039156
30,9,0.015,xgboost,200,15,0.5,0.8200264573097229,True,0.6864221454044838,0.5263157894736842,8.728136019271724e-05,0.00017453377664912602,0.5430572596689571,0.34278095936321357,10,9,1826832,587045,32.13459146763359
15,9,0.015,random_forest,200,5,0.45,0.5503783711507616,True,0.6849821115664093,0.47619047619047616,8.597417335832315e-05,0.00017191730777496025,0.5359628367288156,0.33851441089087164,10,11,1846162,596128,32.2901240519521
10,9,0.015,random_forest,200,10,0.45,0.5779984086393886,True,0.6849284750337382,0.45454545454545453,8.566631257924134e-05,0.00017130034088767837,0.5328392216676378,0.3352901725169136,10,12,1852497,598190,32.29101045777672
15,12,0.02,xgboost,100,10,0.5,0.6421278715133667,True,0.7045767848485915,0.5625,8.250673805027411e-05,0.00016498927569707968,0.5427796826101849,0.322121265984085,9,7,1846162,559995,30.332928529565663
30,12,0.03,random_forest,100,15,0.5,0.6217178227382392,True,0.7677786992257101,0.5,8.250241614218702e-05,0.00016497761018147538,0.5569924388882368,0.2636789358733137,7,7,1826832,435410,23.83415661648143
30,12,0.03,random_forest,100,15,0.45,0.6217178227382392,True,0.7677786992257101,0.5,8.250241614218702e-05,0.00016497761018147538,0.5569924388882368,0.2636789358733137,7,7,1826832,435410,23.83415661648143
15,12,0.025,random_forest,100,15,0.45,0.5994927340742756,True,0.7372201292950522,0.47058823529411764,8.245212623420526e-05,0.00016487536452912627,0.5469223848087394,0.2908472989155131,8,9,1846162,498421,26.997684926891573
15,12,0.025,xgboost,100,10,0.5,0.6306580901145935,True,0.7372228376120228,0.5,8.245212623420526e-05,0.00016487706353949836,0.5456298525543295,0.28981757586100265,8,8,1846162,498421,26.997684926891573
20,12,0.015,random_forest,200,10,0.5,0.5715560795196157,True,0.6688408928459806,0.5263157894736842,8.206811653672549e-05,0.00016411064339577744,0.5479986893752102,0.3625954422758733,10,9,1839733,624545,33.94758913385801
10,12,0.015,random_forest,100,10,0.5,0.5745557985479306,True,0.6686477732793522,0.5,8.14557776583093e-05,0.00016288501946475984,0.5349242100787475,0.35471917064636116,10,10,1852497,629336,33.97230872708566
15,12,0.03,random_forest,100,15,0.5,0.6066758764483017,True,0.7659553723529587,0.5384615384615384,8.100164317619014e-05,0.00016197891960060626,0.5479412622280324,0.2608723535611182,7,6,1846162,443601,24.028281375090593
15,12,0.03,xgboost,100,10,0.45,0.602057695388794,True,0.7659499557190176,0.4666666666666667,8.100164317619014e-05,0.00016197517152013698,0.546560328819311,0.25959577194785655,7,8,1846162,443601,24.028281375090593
30,6,0.025,xgboost,200,15,0.45,0.6947985291481018,True,0.7946393626134818,0.46153846153846156,7.996694699524196e-05,0.0001599061883694899,0.5470310007452698,0.23188503607868854,6,7,1826832,384467,21.045558650165972
30,9,0.03,random_forest,200,10,0.5,0.6130359637220824,True,0.7916615348403112,0.5,7.882291119285339e-05,0.00015762097409761992,0.560594424276763,0.24039699014048085,6,6,1826832,390516,21.37667831524738
30,9,0.03,random_forest,100,10,0.5,0.6211810371749492,True,0.7916642718143675,0.5454545454545454,7.882291119285339e-05,0.00015762304448910431,0.5605894513192836,0.2404933490869246,6,5,1826832,390516,21.37667831524738
30,9,0.03,random_forest,200,10,0.45,0.6130359637220824,True,0.7916615348403112,0.5,7.882291119285339e-05,0.00015762097409761992,0.560594424276763,0.24039699014048085,6,6,1826832,390516,21.37667831524738
30,9,0.03,random_forest,100,10,0.45,0.6211810371749492,True,0.7916642718143675,0.5454545454545454,7.882291119285339e-05,0.00015762304448910431,0.5605894513192836,0.2404933490869246,6,5,1826832,390516,21.37667831524738
15,9,0.02,random_forest,100,15,0.45,0.604617870250272,True,0.7249893698558905,0.47058823529411764,7.87851332453566e-05,0.00015754389074331177,0.543615986379472,0.3020909111585291,8,9,1846162,520900,28.215292049126784
30,9,0.015,random_forest,200,5,0.5,0.5464485553684693,True,0.6864194084304275,0.5,7.855322417344552e-05,0.0001570817697879396,0.5428356898657911,0.3410244934437451,9,9,1826832,587045,32.13459146763359
30,9,0.015,xgboost,200,5,0.45,0.5829059481620789,True,0.6864194084304275,0.5,7.855322417344552e-05,0.0001570817697879396,0.5582502125139901,0.3533725766894654,9,9,1826832,587045,32.13459146763359
30,9,0.015,xgboost,200,5,0.5,0.5829059481620789,True,0.6864194084304275,0.5,7.855322417344552e-05,0.0001570817697879396,0.5582502125139901,0.3533725766894654,9,9,1826832,587045,32.13459146763359
20,6,0.02,random_forest,200,5,0.5,0.5532159695038943,True,0.7565355880058813,0.5384615384615384,7.813982563656051e-05,0.00015625697575784634,0.5465444093417313,0.26847864783276343,7,6,1839733,460574,25.034828423472323
15,6,0.02,xgboost,100,5,0.45,0.4873385429382324,True,0.7567416780190286,0.4666666666666667,7.793538043599279e-05,0.00015584473411775184,0.5466221893123077,0.27067713894215456,7,8,1846162,461752,25.01145619940179
20,9,0.03,random_forest,100,10,0.45,0.591853363680405,True,0.7904562341859018,0.46153846153846156,7.782101167315176e-05,0.00015561578462775408,0.5553413121585576,0.23836900330351962,6,7,1839733,395554,21.50061992691331
20,6,0.03,random_forest,100,15,0.45,0.61972041562456,True,0.8245671251566122,0.45454545454545453,7.746053385799935e-05,0.00015489467162329616,0.5543385778285669,0.20028687716019017,5,6,1839733,329417,17.905696098292523
20,6,0.03,xgboost,200,15,0.45,0.661786675453186,True,0.8245671251566122,0.45454545454545453,7.746053385799935e-05,0.00015489467162329616,0.5362757574594845,0.19203513475376846,5,6,1839733,329417,17.905696098292523
15,9,0.015,random_forest,100,10,0.5,0.5777280894776201,True,0.6849875282003505,0.5294117647058824,7.737675602249084e-05,0.00015473089718131883,0.5411244138702598,0.3421188483388721,9,8,1846162,596128,32.2901240519521
15,9,0.015,random_forest,200,5,0.5,0.550511698524949,True,0.6849875282003505,0.5294117647058824,7.737675602249084e-05,0.00015473089718131883,0.5359628367288156,0.33851441089087164,9,8,1846162,596128,32.2901240519521
20,6,0.015,random_forest,200,15,0.5,0.600014208190762,True,0.7116296640548775,0.5714285714285714,7.539559124280208e-05,0.00015077128937722033,0.5494945433808579,0.3187612914329119,8,6,1839733,544756,29.6106011035297
15,6,0.015,xgboost,100,10,0.5,0.713068425655365,True,0.7118594491824946,0.5333333333333333,7.519362358072035e-05,0.00015036604734650915,0.5400576566392761,0.31363647802574063,8,7,1846162,546205,29.585973495283728
20,12,0.02,xgboost,100,15,0.5,0.7769476771354675,True,0.7046775758465214,0.5333333333333333,7.362143856290952e-05,0.0001472225544953487,0.5412225889501963,0.3207018368707317,8,7,1839733,557719,30.31521421858498
20,12,0.02,xgboost,200,15,0.45,0.8112596869468689,True,0.7046721402810731,0.47058823529411764,7.362143856290952e-05,0.0001472198452351377,0.5376879932191907,0.31810622864681115,8,9,1839733,557719,30.31521421858498
15,12,0.02,random_forest,100,10,0.45,0.5780879506884731,True,0.7045686598976798,0.47058823529411764,7.333932271135476e-05,0.00014665578969559758,0.5449246274961568,0.32410843913609955,8,9,1846162,559995,30.332928529565663
10,12,0.015,xgboost,100,10,0.45,0.624027669429779,True,0.668642375168691,0.45,7.331019989247837e-05,0.00014659651751828385,0.5334417266143265,0.3530512028783906,9,11,1852497,629336,33.97230872708566
15,12,0.025,random_forest,100,15,0.5,0.6037436691676991,True,0.7372228376120228,0.5,7.21456104549296e-05,0.0001442704039571311,0.5469223848087394,0.2908472989155131,7,7,1846162,498421,26.997684926891573
30,9,0.015,xgboost,100,15,0.5,0.7953254580497742,True,0.6864194084304275,0.5,6.98250881541738e-05,0.00013963067685970608,0.5455313603630724,0.3451749480866152,8,8,1826832,587045,32.13459146763359
20,12,0.03,xgboost,200,10,0.45,0.6841470003128052,True,0.7660532631058278,0.46153846153846156,6.970341198201652e-05,0.00013938577335873253,0.5504969794278933,0.2621713741437886,6,7,1839733,441791,24.013865055418368
15,12,0.03,xgboost,200,5,0.5,0.5438482761383057,True,0.7659580806699293,0.6,6.942997986530584e-05,0.00013884389318276485,0.5512699216470184,0.26318879663604017,6,4,1846162,443601,24.028281375090593
15,12,0.03,xgboost,100,10,0.5,0.6416248083114624,True,0.7659553723529587,0.5454545454545454,6.942997986530584e-05,0.00013884228673246248,0.546560328819311,0.25959577194785655,6,5,1846162,443601,24.028281375090593
10,12,0.03,xgboost,200,5,0.5,0.5221568942070007,True,0.7658974358974359,0.5454545454545454,6.91754288876591e-05,0.00013833331412037303,0.5420306749036559,0.257352848070743,6,5,1852497,445120,24.028109087356146
10,12,0.03,xgboost,200,5,0.45,0.5221568942070007,True,0.7658974358974359,0.5454545454545454,6.91754288876591e-05,0.00013833331412037303,0.5420306749036559,0.257352848070743,6,5,1852497,445120,24.028109087356146
20,9,0.015,xgboost,100,5,0.45,0.51557457447052,True,0.6849029887456617,0.47058823529411764,6.90023978333247e-05,0.00013798456297701696,0.549581159978064,0.34766065406663926,8,9,1839733,594146,32.29522979693249
15,9,0.02,xgboost,100,10,0.45,0.6251040697097778,True,0.7249974948068022,0.5833333333333334,6.893699158968702e-05,0.0001378576914744865,0.5426804575658953,0.30143981285015986,7,5,1846162,520900,28.215292049126784
15,9,0.02,xgboost,100,10,0.5,0.6251040697097778,True,0.7249974948068022,0.5833333333333334,6.893699158968702e-05,0.0001378576914744865,0.5426804575658953,0.30143981285015986,7,5,1846162,520900,28.215292049126784
30,9,0.025,random_forest,200,15,0.45,0.6094461890855404,True,0.7611935396464377,0.46153846153846156,6.876712014762008e-05,0.0001375137513751375,0.5569693612172191,0.2715091598705345,6,7,1826832,447586,24.500665633183566
30,9,0.025,random_forest,100,15,0.45,0.6198888541114832,True,0.7611935396464377,0.46153846153846156,6.876712014762008e-05,0.0001375137513751375,0.5565945544170868,0.27120540311094127,6,7,1826832,447586,24.500665633183566
10,9,0.015,random_forest,200,10,0.5,0.5793044530844891,True,0.6849365721997301,0.5333333333333333,6.853305006339308e-05,0.00013704848946868013,0.5328392216676378,0.3352901725169136,8,7,1852497,598190,32.29101045777672
15,9,0.025,xgboost,200,10,0.5,0.7000963091850281,True,0.7599131171915836,0.6666666666666666,6.768113162852083e-05,0.00013534852244529664,0.5422200975715271,0.26440908875408603,6,3,1846162,454794,24.634566197332628
15,9,0.025,xgboost,200,10,0.45,0.7000963091850281,True,0.7599131171915836,0.6666666666666666,6.768113162852083e-05,0.00013534852244529664,0.5422200975715271,0.26440908875408603,6,3,1846162,454794,24.634566197332628
20,6,0.02,random_forest,200,10,0.45,0.5845528376062512,True,0.756530152440433,0.46153846153846156,6.697699340276615e-05,0.00013393455064958257,0.5519739948555109,0.271691330795946,6,7,1839733,460574,25.034828423472323
15,6,0.02,random_forest,100,10,0.45,0.5811553530000722,True,0.7567416780190286,0.46153846153846156,6.680175465942238e-05,0.00013358417472810055,0.5431665845188789,0.26749225079372063,6,7,1846162,461752,25.01145619940179
20,6,0.015,xgboost,200,10,0.45,0.6972995400428772,True,0.7116215107067051,0.4666666666666667,6.597114233745181e-05,0.00013192363506153295,0.5460557174477484,0.318109387748341,7,8,1839733,544756,29.6106011035297
20,6,0.015,random_forest,100,15,0.5,0.6071552946656164,True,0.7116269462721533,0.5384615384615384,6.597114233745181e-05,0.00013192612137203166,0.5477832014934132,0.317642396612322,7,6,1839733,544756,29.6106011035297
20,6,0.025,random_forest,100,15,0.5,0.6123969114646701,True,0.7936387577558724,0.5555555555555556,6.58492578788637e-05,0.0001316829075585989,0.5525266140882886,0.23246230807874133,5,4,1839733,388950,21.141654794472895
20,6,0.025,random_forest,100,15,0.45,0.6123969114646701,True,0.7936387577558724,0.5555555555555556,6.58492578788637e-05,0.0001316829075585989,0.5525266140882886,0.23246230807874133,5,4,1839733,388950,21.141654794472895
15,6,0.015,xgboost,200,10,0.45,0.7419173121452332,True,0.7118540325485534,0.4666666666666667,6.579442063313031e-05,0.0001315702914281955,0.5380282979502091,0.3130108769467024,7,8,1846162,546205,29.585973495283728
30,9,0.03,random_forest,100,5,0.45,0.5583062106956214,True,0.791658797866255,0.45454545454545453,6.568575932737782e-05,0.00013135253707425359,0.554246407719498,0.23562226300339958,5,6,1826832,390516,21.37667831524738
15,6,0.025,random_forest,100,10,0.45,0.6151951584348317,True,0.7937968708105722,0.45454545454545453,6.567195544814542e-05,0.00013132493729234245,0.5453745742331295,0.2295510322425999,5,6,1846162,389946,21.121981711247443
15,9,0.03,xgboost,200,10,0.5,0.6748199462890625,True,0.7904927241064585,0.5,6.463539175510943e-05,0.000129254074734706,0.5436490077307509,0.233117524271274,5,5,1846162,396901,21.498709214034303
15,9,0.03,xgboost,200,15,0.45,0.749870777130127,True,0.7905035573743409,0.8333333333333334,6.463539175510943e-05,0.0001292607577265618,0.5312766154012265,0.22639902261140882,5,1,1846162,396901,21.498709214034303
15,9,0.03,xgboost,100,15,0.5,0.6574729681015015,True,0.7904927241064585,0.5,6.463539175510943e-05,0.000129254074734706,0.534304562809756,0.2276211613539227,5,5,1846162,396901,21.498709214034303
15,9,0.03,xgboost,200,15,0.5,0.749870777130127,True,0.7905035573743409,0.8333333333333334,6.463539175510943e-05,0.0001292607577265618,0.5312766154012265,0.22639902261140882,5,1,1846162,396901,21.498709214034303
20,12,0.02,xgboost,100,10,0.45,0.6587020754814148,True,0.7046721402810731,0.4666666666666667,6.441875874254584e-05,0.0001288197351834301,0.5504426288494765,0.32657574650387994,7,8,1839733,557719,30.31521421858498
20,12,0.02,xgboost,200,15,0.5,0.8265420198440552,True,0.7046748580637973,0.5,6.441875874254584e-05,0.00012882092051749204,0.5376879932191907,0.31810622864681115,7,7,1839733,557719,30.31521421858498
20,12,0.02,random_forest,200,5,0.5,0.5522603337786385,True,0.7046775758465214,0.5384615384615384,6.441875874254584e-05,0.00012882210587336786,0.5435688729926359,0.32281041473382716,7,6,1839733,557719,30.31521421858498
30,6,0.03,random_forest,200,10,0.5,0.622032032565005,True,0.8254795862790016,0.5714285714285714,6.273033795969576e-05,0.00012544690459762904,0.5616802788439459,0.20578536167209455,4,3,1826832,325559,17.820960000700666
30,6,0.03,random_forest,100,5,0.45,0.568124198156791,True,0.8254768493049455,0.5,6.273033795969576e-05,0.0001254449375127405,0.5552921335092431,0.20175297466934106,4,4,1826832,325559,17.820960000700666
30,6,0.03,random_forest,200,10,0.45,0.622032032565005,True,0.8254795862790016,0.5714285714285714,6.273033795969576e-05,0.00012544690459762904,0.5616802788439459,0.20578536167209455,4,3,1826832,325559,17.820960000700666
30,6,0.03,random_forest,100,10,0.5,0.6279652118365342,True,0.8254768493049455,0.5,6.273033795969576e-05,0.0001254449375127405,0.5609433486859774,0.20514355002808765,4,4,1826832,325559,17.820960000700666
30,6,0.03,random_forest,100,10,0.45,0.6279652118365342,True,0.8254768493049455,0.5,6.273033795969576e-05,0.0001254449375127405,0.5609433486859774,0.20514355002808765,4,4,1826832,325559,17.820960000700666
30,6,0.03,random_forest,100,5,0.5,0.568124198156791,True,0.8254768493049455,0.5,6.273033795969576e-05,0.0001254449375127405,0.5552921335092431,0.20175297466934106,4,4,1826832,325559,17.820960000700666
20,6,0.03,random_forest,100,10,0.5,0.6347812433671247,True,0.8245752785047846,0.6666666666666666,6.196842708639948e-05,0.00012392533498567114,0.557227182693331,0.20142341428683808,4,2,1839733,329417,17.905696098292523
20,6,0.03,xgboost,100,15,0.45,0.6744559407234192,True,0.8245698429393363,0.5,6.196842708639948e-05,0.0001239214957324535,0.5390134187305337,0.19303298451353654,4,4,1839733,329417,17.905696098292523
20,6,0.03,random_forest,100,15,0.5,0.6224679165212994,True,0.8245698429393363,0.5,6.196842708639948e-05,0.0001239214957324535,0.5543385778285669,0.20028687716019017,4,4,1839733,329417,17.905696098292523
20,6,0.03,xgboost,100,15,0.5,0.6744559407234192,True,0.8245698429393363,0.5,6.196842708639948e-05,0.0001239214957324535,0.5390134187305337,0.19303298451353654,4,4,1839733,329417,17.905696098292523
20,6,0.03,random_forest,100,10,0.45,0.6347812433671247,True,0.8245752785047846,0.6666666666666666,6.196842708639948e-05,0.00012392533498567114,0.557227182693331,0.20142341428683808,4,2,1839733,329417,17.905696098292523
15,12,0.025,xgboost,100,15,0.5,0.689142107963562,True,0.7372228376120228,0.5,6.183909467565394e-05,0.00012366289494837075,0.5369505459884032,0.2845466831869377,6,6,1846162,498421,26.997684926891573
10,12,0.025,xgboost,100,15,0.5,0.6985763311386108,True,0.7371848852901485,0.6666666666666666,6.161682550115019e-05,0.00012322226215536275,0.5270467601752952,0.27699529716672966,6,3,1852497,500144,26.998370307752182
10,12,0.025,xgboost,100,15,0.45,0.6985763311386108,True,0.7371848852901485,0.6666666666666666,6.161682550115019e-05,0.00012322226215536275,0.5270467601752952,0.27699529716672966,6,3,1852497,500144,26.998370307752182
10,6,0.03,xgboost,200,5,0.45,0.5163097977638245,True,0.8245155195681512,0.5,6.152237107218112e-05,0.00012302960399846214,0.5400343972522611,0.19464876866821054,4,4,1852497,331689,17.904968267155088
10,6,0.03,xgboost,200,5,0.5,0.5163097977638245,True,0.8245155195681512,0.5,6.152237107218112e-05,0.00012302960399846214,0.5400343972522611,0.19464876866821054,4,4,1852497,331689,17.904968267155088
30,9,0.015,random_forest,200,15,0.5,0.6026910853105996,True,0.6864194084304275,0.5,6.109695213490208e-05,0.00012217897474386052,0.5531837002927973,0.3485631109628985,7,7,1826832,587045,32.13459146763359
15,9,0.015,random_forest,200,15,0.5,0.6041384361170682,True,0.6849848198833799,0.5,6.018192135082621e-05,0.00012034935699057837,0.5430328507711738,0.3438449154135402,7,7,1846162,596128,32.2901240519521
15,9,0.02,random_forest,200,10,0.5,0.5832767270374489,True,0.724992078172861,0.5,5.9088849934017454e-05,0.00011816373554955985,0.5431252614099494,0.30109175592917975,6,6,1846162,520900,28.215292049126784
15,9,0.02,random_forest,200,15,0.45,0.599591312615397,True,0.7249893698558905,0.46153846153846156,5.9088849934017454e-05,0.00011816257200531731,0.5443345656441689,0.30255553749279207,6,7,1846162,520900,28.215292049126784
15,9,0.02,xgboost,200,5,0.5,0.5431056022644043,True,0.724992078172861,0.5,5.9088849934017454e-05,0.00011816373554955985,0.5461514915105362,0.3036508622035171,6,6,1846162,520900,28.215292049126784
15,9,0.02,xgboost,200,5,0.45,0.5431056022644043,True,0.724992078172861,0.5,5.9088849934017454e-05,0.00011816373554955985,0.5461514915105362,0.3036508622035171,6,6,1846162,520900,28.215292049126784
15,9,0.02,random_forest,200,10,0.45,0.5832767270374489,True,0.724992078172861,0.5,5.9088849934017454e-05,0.00011816373554955985,0.5431252614099494,0.30109175592917975,6,6,1846162,520900,28.215292049126784
20,12,0.03,random_forest,200,15,0.45,0.6026121884145144,True,0.7660532631058278,0.45454545454545453,5.808617665168043e-05,0.00011615750958299454,0.5536034954719496,0.2632096597779742,5,6,1839733,441791,24.013865055418368
15,12,0.03,xgboost,200,10,0.5,0.7170029878616333,True,0.7659553723529587,0.5555555555555556,5.785831655442153e-05,0.00011570458305853495,0.5444599233827864,0.2585364801532773,5,4,1846162,443601,24.028281375090593
15,12,0.03,xgboost,200,15,0.5,0.774506151676178,True,0.7659634973038705,0.8333333333333334,5.785831655442153e-05,0.0001157085994631121,0.532546935119943,0.2524295727125244,5,1,1846162,443601,24.028281375090593
15,12,0.03,xgboost,200,15,0.45,0.774506151676178,True,0.7659634973038705,0.8333333333333334,5.785831655442153e-05,0.0001157085994631121,0.532546935119943,0.2524295727125244,5,1,1846162,443601,24.028281375090593
30,9,0.025,random_forest,100,15,0.5,0.6268648444762388,True,0.7612017505686064,0.625,5.730593345635007e-05,0.00011460135917211978,0.5565945544170868,0.27120540311094127,5,3,1826832,447586,24.500665633183566
30,9,0.025,random_forest,200,15,0.5,0.6153234042409713,True,0.7612017505686064,0.625,5.730593345635007e-05,0.00011460135917211978,0.5569693612172191,0.2715091598705345,5,3,1826832,447586,24.500665633183566
15,12,0.015,xgboost,200,15,0.5,0.815029501914978,True,0.6687186681580466,0.6363636363636364,5.722554221201246e-05,0.00011444079323818398,0.5297530273904234,0.3498317711980836,7,4,1846162,627091,33.96727914451711
30,6,0.02,random_forest,100,10,0.5,0.6045348417462298,True,0.7576464212695728,0.5555555555555556,5.6465911529209815e-05,0.0001129203459879401,0.555037516159437,0.2754358023769852,5,4,1826832,455341,24.92517100641986
15,6,0.015,random_forest,200,5,0.45,0.5446746066779832,True,0.7118540325485534,0.46153846153846156,5.6395217685540266e-05,0.0001127766552323669,0.53477042668173,0.3091345886061233,6,7,1846162,546205,29.585973495283728
15,6,0.02,random_forest,100,10,0.5,0.5913744627840857,True,0.7567470946529699,0.5555555555555556,5.566812888285199e-05,0.00011132510269740724,0.5431665845188789,0.26749225079372063,5,4,1846162,461752,25.01145619940179
15,6,0.02,xgboost,100,5,0.5,0.498972624540329,True,0.7567443863359993,0.5,5.566812888285199e-05,0.00011132386338335486,0.5466221893123077,0.27067713894215456,5,5,1846162,461752,25.01145619940179
15,12,0.02,xgboost,200,15,0.5,0.770284116268158,True,0.7045767848485915,0.6,5.5004492033516074e-05,0.00010999890001099989,0.5311774307799442,0.3152967472064746,6,4,1846162,559995,30.332928529565663
10,12,0.02,xgboost,200,15,0.5,0.7577446699142456,True,0.7045263157894737,0.5,5.480803485791017e-05,0.00010960405535004795,0.5254275524393338,0.31041822214903564,6,6,1852497,561956,30.335055873234886
10,12,0.02,xgboost,200,15,0.45,0.7577446699142456,True,0.7045263157894737,0.5,5.480803485791017e-05,0.00010960405535004795,0.5254275524393338,0.31041822214903564,6,6,1852497,561956,30.335055873234886
30,6,0.025,random_forest,100,5,0.45,0.556414731947701,True,0.7946420995875381,0.5,5.331129799682798e-05,0.00010661122882767628,0.551994094108136,0.23266069495210281,4,4,1826832,384467,21.045558650165972
30,6,0.025,random_forest,200,5,0.45,0.5565151164560522,True,0.7946448365615942,0.5714285714285714,5.331129799682798e-05,0.00010661264959087396,0.5519518451395062,0.23279575033502672,4,3,1826832,384467,21.045558650165972
30,6,0.025,random_forest,200,5,0.5,0.5565151164560522,True,0.7946448365615942,0.5714285714285714,5.331129799682798e-05,0.00010661264959087396,0.5519518451395062,0.23279575033502672,4,3,1826832,384467,21.045558650165972
30,6,0.025,xgboost,200,10,0.45,0.7082787752151489,True,0.7946448365615942,0.5714285714285714,5.331129799682798e-05,0.00010661264959087396,0.5575405312594972,0.23723525663504322,4,3,1826832,384467,21.045558650165972
30,6,0.025,xgboost,200,10,0.5,0.7082787752151489,True,0.7946448365615942,0.5714285714285714,5.331129799682798e-05,0.00010661264959087396,0.5575405312594972,0.23723525663504322,4,3,1826832,384467,21.045558650165972
30,6,0.025,random_forest,100,5,0.5,0.556414731947701,True,0.7946420995875381,0.5,5.331129799682798e-05,0.00010661122882767628,0.551994094108136,0.23266069495210281,4,4,1826832,384467,21.045558650165972
20,6,0.025,random_forest,200,10,0.5,0.6125894607016806,True,0.7936387577558724,0.5714285714285714,5.2679406303090966e-05,0.00010534910058205378,0.5545137088012869,0.2333112758963168,4,3,1839733,388950,21.141654794472895
20,6,0.025,random_forest,200,10,0.45,0.6125894607016805,True,0.7936387577558724,0.5714285714285714,5.2679406303090966e-05,0.00010534910058205378,0.5545137088012869,0.2333112758963168,4,3,1839733,388950,21.141654794472895
30,9,0.03,random_forest,100,5,0.5,0.5602528441387147,True,0.7916615348403112,0.5,5.254860746190226e-05,0.00010508617065994115,0.554246407719498,0.23562226300339958,4,4,1826832,390516,21.37667831524738
30,9,0.015,xgboost,100,5,0.5,0.5364578366279602,True,0.6864194084304275,0.5,5.236881611563035e-05,0.0001047266634085038,0.5564902258480637,0.3516201147558473,6,6,1826832,587045,32.13459146763359
20,9,0.03,random_forest,200,10,0.45,0.6079812873268698,True,0.79046166975135,0.5714285714285714,5.1880674448767835e-05,0.0001037519291374324,0.5552657381285824,0.23835842759819612,4,3,1839733,395554,21.50061992691331
20,9,0.03,random_forest,200,10,0.5,0.6079812873268698,True,0.79046166975135,0.5714285714285714,5.1880674448767835e-05,0.0001037519291374324,0.5552657381285824,0.23835842759819612,4,3,1839733,395554,21.50061992691331
20,12,0.025,random_forest,200,15,0.45,0.6047999547955419,True,0.7373290174943674,0.45454545454545453,5.173412796953895e-05,0.0001034564810312542,0.5530929244907419,0.29398633972811633,5,6,1839733,496389,26.981578305112752
15,9,0.015,random_forest,100,15,0.5,0.6127718923120237,True,0.6849875282003505,0.5454545454545454,5.15845040149939e-05,0.0001031592520954223,0.5420082952973485,0.3432723269429218,6,5,1846162,596128,32.2901240519521
15,12,0.025,xgboost,200,5,0.5,0.568326473236084,True,0.7372228376120228,0.5,5.153257889637829e-05,0.000103054536460695,0.5496346783927046,0.2923978319891002,5,5,1846162,498421,26.997684926891573
10,9,0.015,xgboost,200,15,0.5,0.759339451789856,True,0.6849338731443995,0.5,5.1399787547544804e-05,0.00010278900842869869,0.5256525535218712,0.3310192225633411,6,6,1852497,598190,32.29101045777672
10,12,0.025,xgboost,100,10,0.5,0.653446614742279,True,0.7371848852901485,0.7142857142857143,5.1347354584291814e-05,0.00010268732735693088,0.5361116903299826,0.28371914437598267,5,2,1852497,500144,26.998370307752182
10,12,0.025,random_forest,200,15,0.45,0.6114209400738816,True,0.7371740890688259,0.45454545454545453,5.1347354584291814e-05,0.0001026831096552928,0.5392507999033642,0.2856388666598194,5,6,1852497,500144,26.998370307752182
10,12,0.025,xgboost,100,10,0.45,0.653446614742279,True,0.7371848852901485,0.7142857142857143,5.1347354584291814e-05,0.00010268732735693088,0.5361116903299826,0.28371914437598267,5,2,1852497,500144,26.998370307752182
30,9,0.02,xgboost,200,5,0.45,0.5504478216171265,True,0.7263545968847761,0.5,5.0009501805343014e-05,0.00010000900081007291,0.5610381899550281,0.3123162391982171,5,5,1826832,512809,28.07094467362078
30,9,0.02,xgboost,200,5,0.5,0.5504478216171265,True,0.7263545968847761,0.5,5.0009501805343014e-05,0.00010000900081007291,0.5610381899550281,0.3123162391982171,5,5,1826832,512809,28.07094467362078
20,9,0.02,xgboost,200,5,0.45,0.5443013906478882,True,0.7249304927068301,0.5,4.94017448696288e-05,9.879372857411011e-05,0.5529862784591144,0.30795075903273267,5,5,1839733,519163,28.219475326039156
20,9,0.02,xgboost,100,10,0.5,0.6836752891540527,True,0.7249332104895542,0.5555555555555556,4.94017448696288e-05,9.879470460383324e-05,0.5491246903995078,0.30522790859835003,5,4,1839733,519163,28.219475326039156
20,9,0.02,xgboost,200,5,0.5,0.5443013906478882,True,0.7249304927068301,0.5,4.94017448696288e-05,9.879372857411011e-05,0.5529862784591144,0.30795075903273267,5,5,1839733,519163,28.219475326039156
20,12,0.015,xgboost,100,15,0.5,0.7896341681480408,True,0.6688381750632564,0.5,4.924086992203529e-05,9.847204214603403e-05,0.539412263452757,0.3556828311900969,6,6,1839733,624545,33.94758913385801
15,12,0.015,xgboost,100,10,0.45,0.6607319712638855,True,0.6687078348901642,0.46153846153846156,4.905046475315354e-05,9.809050483913158e-05,0.5415487433871438,0.3584990545118283,6,7,1846162,627091,33.96727914451711
30,12,0.03,xgboost,100,15,0.45,0.7408289909362793,True,0.7677786992257101,0.5,4.714423779553544e-05,9.427958611261696e-05,0.5495577757735213,0.2615196976353292,4,4,1826832,435410,23.83415661648143
30,12,0.03,xgboost,100,15,0.5,0.7408289909362793,True,0.7677786992257101,0.5,4.714423779553544e-05,9.427958611261696e-05,0.5495577757735213,0.2615196976353292,4,4,1826832,435410,23.83415661648143
20,6,0.015,xgboost,200,15,0.5,0.781399667263031,True,0.7116350996203258,0.8333333333333334,4.71222445267513e-05,9.423916014060483e-05,0.5353260947396513,0.31065552870739244,5,1,1839733,544756,29.6106011035297
20,6,0.015,xgboost,200,10,0.5,0.7100149393081665,True,0.7116269462721533,0.5555555555555556,4.71222445267513e-05,9.423649591013607e-05,0.5460557174477484,0.318109387748341,5,4,1839733,544756,29.6106011035297
20,6,0.015,xgboost,200,15,0.45,0.781399667263031,True,0.7116350996203258,0.8333333333333334,4.71222445267513e-05,9.423916014060483e-05,0.5353260947396513,0.31065552870739244,5,1,1839733,544756,29.6106011035297
15,6,0.015,xgboost,200,10,0.5,0.7690552473068237,True,0.711856740865524,0.5,4.699601473795022e-05,9.398319580459014e-05,0.5380282979502091,0.3130108769467024,5,5,1846162,546205,29.585973495283728
15,6,0.015,random_forest,100,5,0.45,0.5452680244844025,True,0.7118540325485534,0.45454545454545453,4.699601473795022e-05,9.398231252878208e-05,0.5347686113951529,0.30916803532113013,5,6,1846162,546205,29.585973495283728
10,6,0.015,random_forest,200,5,0.45,0.5327487192804433,True,0.7115924426450743,0.5,4.679238220017781e-05,9.357600711177654e-05,0.5286586468244201,0.30454160625460974,5,5,1852497,548533,29.6104663057484
10,6,0.015,random_forest,200,5,0.5,0.5327487192804433,True,0.7115924426450743,0.5,4.679238220017781e-05,9.357600711177654e-05,0.5286586468244201,0.30454160625460974,5,5,1852497,548533,29.6104663057484
30,12,0.02,random_forest,100,10,0.5,0.5917693785936116,True,0.7066073290691277,0.5,4.664353147505504e-05,9.327836128574893e-05,0.5532889789332878,0.3261073910229055,5,5,1826832,550114,30.11300437040735
30,12,0.02,random_forest,200,5,0.5,0.5487018852878943,True,0.7066073290691277,0.5,4.664353147505504e-05,9.327836128574893e-05,0.5460364015703045,0.32186561121534213,5,5,1826832,550114,30.11300437040735
30,12,0.02,random_forest,200,10,0.5,0.5862237734811113,True,0.7066073290691277,0.5,4.664353147505504e-05,9.327836128574893e-05,0.5535050655432003,0.3259424345250893,5,5,1826832,550114,30.11300437040735
20,6,0.03,random_forest,200,10,0.45,0.6491129882648563,True,0.8245752785047846,0.75,4.647632031479961e-05,9.294688085758989e-05,0.5574787082022817,0.2014441877460009,3,1,1839733,329417,17.905696098292523
20,6,0.03,random_forest,200,15,0.45,0.6360359923040949,True,0.8245779962875088,1.0,4.647632031479961e-05,9.294832073367208e-05,0.5554547782544376,0.20038081853149334,3,0,1839733,329417,17.905696098292523
20,6,0.03,random_forest,200,10,0.5,0.6491129882648563,True,0.8245752785047846,0.75,4.647632031479961e-05,9.294688085758989e-05,0.5574787082022817,0.2014441877460009,3,1,1839733,329417,17.905696098292523
20,6,0.03,random_forest,200,15,0.5,0.6360359923040949,True,0.8245779962875088,1.0,4.647632031479961e-05,9.294832073367208e-05,0.5554547782544376,0.20038081853149334,3,0,1839733,329417,17.905696098292523
20,12,0.03,random_forest,200,10,0.45,0.6017468196651465,True,0.7660559808885519,0.5,4.646894132134435e-05,9.292924599533031e-05,0.5541766547016693,0.26327582567984525,4,4,1839733,441791,24.013865055418368
20,12,0.03,random_forest,200,10,0.5,0.6017468196651464,True,0.7660559808885519,0.5,4.646894132134435e-05,9.292924599533031e-05,0.5541766547016693,0.26327582567984525,4,4,1839733,441791,24.013865055418368
20,12,0.03,xgboost,200,5,0.5,0.5819970965385437,True,0.7660559808885519,0.5,4.646894132134435e-05,9.292924599533031e-05,0.5576761775948695,0.26656042114529827,4,4,1839733,441791,24.013865055418368
20,12,0.03,random_forest,200,15,0.5,0.6121560538979489,True,0.7660586986712761,0.5714285714285714,4.646894132134435e-05,9.293032548846502e-05,0.5536034954719496,0.2632096597779742,4,3,1839733,441791,24.013865055418368
20,12,0.03,random_forest,100,10,0.45,0.623081973543005,True,0.7660614164540002,0.6666666666666666,4.646894132134435e-05,9.293140500667945e-05,0.5539384721146323,0.2632560949816386,4,2,1839733,441791,24.013865055418368
20,12,0.03,random_forest,100,10,0.5,0.623081973543005,True,0.7660614164540002,0.6666666666666666,4.646894132134435e-05,9.293140500667945e-05,0.5539384721146323,0.2632560949816386,4,2,1839733,441791,24.013865055418368
15,6,0.03,random_forest,100,10,0.45,0.6610967549152117,True,0.8247041840788879,0.5,4.634994206257242e-05,9.269129165314919e-05,0.5483815384167021,0.19781926816579815,3,3,1846162,330255,17.888733491427082
15,6,0.03,xgboost,100,10,0.5,0.6688920259475708,True,0.8247041840788879,0.5,4.634994206257242e-05,9.269129165314919e-05,0.5469772719960758,0.19789830414140597,3,3,1846162,330255,17.888733491427082
15,6,0.03,xgboost,100,10,0.45,0.6688920259475708,True,0.8247041840788879,0.5,4.634994206257242e-05,9.269129165314919e-05,0.5469772719960758,0.19789830414140597,3,3,1846162,330255,17.888733491427082
15,6,0.03,random_forest,100,10,0.5,0.6610967549152117,True,0.8247041840788879,0.5,4.634994206257242e-05,9.269129165314919e-05,0.5483815384167021,0.19781926816579815,3,3,1846162,330255,17.888733491427082
10,6,0.03,xgboost,200,10,0.45,0.5997792482376099,True,0.8245182186234817,0.6,4.614177830413584e-05,9.227646027498385e-05,0.5315637111111184,0.1897800356640333,3,2,1852497,331689,17.904968267155088
10,6,0.03,xgboost,100,5,0.45,0.48736339807510376,True,0.8245155195681512,0.5,4.614177830413584e-05,9.227504113928918e-05,0.5402548637604517,0.19474678598443734,3,3,1852497,331689,17.904968267155088
10,6,0.03,xgboost,200,10,0.5,0.5997792482376099,True,0.8245182186234817,0.6,4.614177830413584e-05,9.227646027498385e-05,0.5315637111111184,0.1897800356640333,3,2,1852497,331689,17.904968267155088
10,6,0.03,xgboost,100,5,0.5,0.48736339807510376,True,0.8245155195681512,0.5,4.614177830413584e-05,9.227504113928918e-05,0.5402548637604517,0.19474678598443734,3,3,1852497,331689,17.904968267155088
10,12,0.03,xgboost,100,5,0.5,0.5160067677497864,True,0.7658974358974359,0.5714285714285714,4.611695259177273e-05,9.222646207763162e-05,0.5424034321106764,0.25770751216665533,4,3,1852497,445120,24.028109087356146
10,12,0.03,xgboost,100,5,0.45,0.5160067677497864,True,0.7658974358974359,0.5714285714285714,4.611695259177273e-05,9.222646207763162e-05,0.5424034321106764,0.25770751216665533,4,3,1852497,445120,24.028109087356146
20,12,0.02,random_forest,200,15,0.5,0.6009189895476866,True,0.7046748580637973,0.5,4.601339910181845e-05,9.201833005134622e-05,0.5512413151427491,0.3268519938172584,5,5,1839733,557719,30.31521421858498
20,12,0.02,random_forest,100,10,0.5,0.5820045603785735,True,0.7046748580637973,0.5,4.601339910181845e-05,9.201833005134622e-05,0.5496607222745911,0.3262235555931051,5,5,1839733,557719,30.31521421858498
15,12,0.02,xgboost,200,10,0.5,0.7620832920074463,True,0.7045822014825327,0.8333333333333334,4.583707669459673e-05,9.166911117629803e-05,0.540394248677404,0.3211203654868871,5,1,1846162,559995,30.332928529565663
15,12,0.02,xgboost,200,10,0.45,0.7620832920074463,True,0.7045822014825327,0.8333333333333334,4.583707669459673e-05,9.166911117629803e-05,0.540394248677404,0.3211203654868871,5,1,1846162,559995,30.332928529565663
10,12,0.02,xgboost,200,10,0.45,0.686896800994873,True,0.7045290148448043,0.5555555555555556,4.567336238159181e-05,9.133921557881661e-05,0.533034532596363,0.31598880301573035,5,4,1852497,561956,30.335055873234886
10,12,0.02,xgboost,200,10,0.5,0.686896800994873,True,0.7045290148448043,0.5555555555555556,4.567336238159181e-05,9.133921557881661e-05,0.533034532596363,0.31598880301573035,5,4,1852497,561956,30.335055873234886
20,9,0.025,random_forest,200,15,0.5,0.6083212409571973,True,0.7598648718429556,0.5714285714285714,4.527037732859503e-05,9.053358230068466e-05,0.553719529443734,0.2708171947192982,4,3,1839733,453265,24.63754251296248
30,6,0.02,xgboost,100,5,0.5,0.506820797920227,True,0.7576436842955165,0.5,4.5172729223367855e-05,9.033729688223405e-05,0.5588339469661936,0.27787862089334103,4,4,1826832,455341,24.92517100641986
30,6,0.02,xgboost,100,5,0.45,0.506820797920227,True,0.7576436842955165,0.5,4.5172729223367855e-05,9.033729688223405e-05,0.5588339469661936,0.27787862089334103,4,4,1826832,455341,24.92517100641986
30,6,0.02,random_forest,200,10,0.5,0.6025005280493734,True,0.7576464212695728,0.5714285714285714,4.5172729223367855e-05,9.033831699715434e-05,0.555091493448789,0.275601602682861,4,3,1826832,455341,24.92517100641986
15,9,0.025,random_forest,200,15,0.5,0.6068504562420151,True,0.7599049922406719,0.5,4.512075441901389e-05,9.023336604292853e-05,0.547342774963147,0.2669811574775294,4,4,1846162,454794,24.634566197332628
15,9,0.025,random_forest,200,15,0.45,0.6068504562420151,True,0.7599049922406719,0.5,4.512075441901389e-05,9.023336604292853e-05,0.547342774963147,0.2669811574775294,4,4,1846162,454794,24.634566197332628
20,6,0.02,random_forest,100,15,0.45,0.6192477821038875,True,0.7565328702231572,0.5,4.465132893517743e-05,8.929468361777411e-05,0.5510699085858006,0.2716199489339569,4,4,1839733,460574,25.034828423472323
20,6,0.02,random_forest,100,5,0.5,0.5527294582156833,True,0.7565383057886054,0.6666666666666666,4.465132893517743e-05,8.929667704740537e-05,0.5467236993716557,0.26851886141671133,4,2,1839733,460574,25.034828423472323
20,6,0.02,random_forest,100,15,0.5,0.6192477821038875,True,0.7565328702231572,0.5,4.465132893517743e-05,8.929468361777411e-05,0.5510699085858006,0.2716199489339569,4,4,1839733,460574,25.034828423472323
20,9,0.015,random_forest,200,15,0.5,0.5988584552650734,True,0.6849057065283859,0.5,4.3126498645827944e-05,8.624555835374478e-05,0.5494283626200064,0.34703046840950746,5,5,1839733,594146,32.29522979693249
20,9,0.015,random_forest,200,5,0.45,0.5523676803063677,True,0.6849029887456617,0.45454545454545453,4.3126498645827944e-05,8.624481453052636e-05,0.540902504338973,0.34187664065333534,5,6,1839733,594146,32.29522979693249
20,9,0.015,random_forest,100,5,0.45,0.551744987687713,True,0.6849111420938342,0.625,4.3126498645827944e-05,8.624704603867317e-05,0.5407585008615834,0.3418099585051991,5,3,1839733,594146,32.29522979693249
20,9,0.015,random_forest,100,5,0.5,0.551744987687713,True,0.6849111420938342,0.625,4.3126498645827944e-05,8.624704603867317e-05,0.5407585008615834,0.3418099585051991,5,3,1839733,594146,32.29522979693249
15,9,0.015,xgboost,100,5,0.5,0.5358896851539612,True,0.6849848198833799,0.5,4.298708667916158e-05,8.596678243526702e-05,0.5441018458767231,0.34421662335680936,5,5,1846162,596128,32.2901240519521
30,12,0.025,random_forest,200,15,0.45,0.6359201400918697,True,0.7392183749490239,1.0,4.1979325182347696e-05,8.395512598516093e-05,0.5564335124873543,0.29287407120940273,4,0,1826832,489397,26.78938183697242
30,12,0.025,random_forest,200,15,0.5,0.6359201400918697,True,0.7392183749490239,1.0,4.1979325182347696e-05,8.395512598516093e-05,0.5564335124873543,0.29287407120940273,4,0,1826832,489397,26.78938183697242
20,12,0.025,random_forest,200,15,0.5,0.6082498254209676,True,0.7373317352770915,0.5,4.1387302375631155e-05,8.276775368316503e-05,0.5530929244907419,0.29398633972811633,4,4,1839733,496389,26.981578305112752
15,12,0.025,random_forest,100,10,0.5,0.6233226952992418,True,0.7372282542459639,0.6666666666666666,4.122606311710263e-05,8.244702778464837e-05,0.5471031363794376,0.29088865254738905,4,2,1846162,498421,26.997684926891573
15,12,0.025,random_forest,200,15,0.45,0.6256140239349491,True,0.7372282542459639,0.6666666666666666,4.122606311710263e-05,8.244702778464837e-05,0.5480745935405291,0.2913112152302247,4,2,1846162,498421,26.997684926891573
15,12,0.025,random_forest,200,15,0.5,0.6256140239349491,True,0.7372282542459639,0.6666666666666666,4.122606311710263e-05,8.244702778464837e-05,0.5480745935405291,0.2913112152302247,4,2,1846162,498421,26.997684926891573
15,12,0.025,random_forest,200,10,0.45,0.601746937057329,True,0.7372255459289934,0.5714285714285714,4.122606311710263e-05,8.244617810435624e-05,0.5472581340986132,0.29109215887034534,4,3,1846162,498421,26.997684926891573
15,12,0.025,random_forest,100,10,0.45,0.6233226952992418,True,0.7372282542459639,0.6666666666666666,4.122606311710263e-05,8.244702778464837e-05,0.5471031363794376,0.29088865254738905,4,2,1846162,498421,26.997684926891573
15,12,0.025,random_forest,200,10,0.5,0.601746937057329,True,0.7372255459289934,0.5714285714285714,4.122606311710263e-05,8.244617810435624e-05,0.5472581340986132,0.29109215887034534,4,3,1846162,498421,26.997684926891573
10,12,0.025,xgboost,200,15,0.5,0.762108564376831,True,0.7371794871794872,0.5714285714285714,4.107788366743346e-05,8.214986188554471e-05,0.5248703164358886,0.27659477988750525,4,3,1852497,500144,26.998370307752182
20,6,0.025,xgboost,100,5,0.45,0.5530078411102295,True,0.7936360399731484,0.5,3.950955472731822e-05,7.901286592833532e-05,0.5572749645981134,0.2364797429697173,3,3,1839733,388950,21.141654794472895
20,6,0.025,xgboost,100,5,0.5,0.5530078411102295,True,0.7936360399731484,0.5,3.950955472731822e-05,7.901286592833532e-05,0.5572749645981134,0.2364797429697173,3,3,1839733,388950,21.141654794472895
30,9,0.03,random_forest,200,5,0.45,0.5560059466976475,True,0.7916642718143675,0.6,3.9411455596426693e-05,7.881773399014778e-05,0.5537991436017838,0.2353377705936577,3,2,1826832,390516,21.37667831524738
30,9,0.03,random_forest,200,5,0.5,0.5560059466976474,True,0.7916642718143675,0.6,3.9411455596426693e-05,7.881773399014778e-05,0.5537991436017838,0.2353377705936577,3,2,1826832,390516,21.37667831524738
15,6,0.025,xgboost,200,10,0.5,0.6773400902748108,True,0.7938022874445133,0.6,3.940317326888726e-05,7.88011715107498e-05,0.5423111209448839,0.228784029574362,3,2,1846162,389946,21.121981711247443
15,6,0.025,xgboost,100,10,0.5,0.6376519203186035,True,0.7937995791275427,0.5,3.940317326888726e-05,7.880013658690341e-05,0.5456446531719489,0.23055170801061609,3,3,1846162,389946,21.121981711247443
15,6,0.025,xgboost,200,10,0.45,0.6773400902748108,True,0.7938022874445133,0.6,3.940317326888726e-05,7.88011715107498e-05,0.5423111209448839,0.228784029574362,3,2,1846162,389946,21.121981711247443
15,9,0.02,random_forest,100,10,0.5,0.5896611338301623,True,0.7249947864898316,0.5714285714285714,3.93925666226783e-05,7.877970240967415e-05,0.5427616946451125,0.3008791860993661,4,3,1846162,520900,28.215292049126784
15,9,0.02,random_forest,100,10,0.45,0.5896611338301624,True,0.7249947864898316,0.5714285714285714,3.93925666226783e-05,7.877970240967415e-05,0.5427616946451125,0.3008791860993661,4,3,1846162,520900,28.215292049126784
15,9,0.02,xgboost,200,10,0.5,0.7133128046989441,True,0.7249947864898316,0.5714285714285714,3.93925666226783e-05,7.877970240967415e-05,0.5394837390523844,0.2995711396795776,4,3,1846162,520900,28.215292049126784
15,9,0.02,xgboost,200,10,0.45,0.7133128046989441,True,0.7249947864898316,0.5714285714285714,3.93925666226783e-05,7.877970240967415e-05,0.5394837390523844,0.2995711396795776,4,3,1846162,520900,28.215292049126784
10,9,0.02,xgboost,200,15,0.45,0.7641991972923279,True,0.7249797570850203,0.6666666666666666,3.925532645710865e-05,7.850603024444815e-05,0.5247349910045551,0.2893801640225589,4,2,1852497,522645,28.21300115465774
10,9,0.02,xgboost,200,15,0.5,0.7641991972923279,True,0.7249797570850203,0.6666666666666666,3.925532645710865e-05,7.850603024444815e-05,0.5247349910045551,0.2893801640225589,4,2,1852497,522645,28.21300115465774
20,9,0.03,random_forest,200,15,0.45,0.6172320116673233,True,0.79046166975135,0.6,3.891050583657588e-05,7.781596524220219e-05,0.5546523830748867,0.23803580830963197,3,2,1839733,395554,21.50061992691331
20,9,0.03,random_forest,200,15,0.5,0.6172320116673233,True,0.79046166975135,0.6,3.891050583657588e-05,7.781596524220219e-05,0.5546523830748867,0.23803580830963197,3,2,1839733,395554,21.50061992691331
15,9,0.03,random_forest,200,10,0.5,0.6312642667608347,True,0.7904927241064585,0.5,3.8781235053065655e-05,7.755645463593708e-05,0.5491754257153622,0.23501345782739846,3,3,1846162,396901,21.498709214034303
15,9,0.03,random_forest,200,10,0.45,0.6312642667608348,True,0.7904927241064585,0.5,3.8781235053065655e-05,7.755645463593708e-05,0.5491754257153622,0.23501345782739846,3,3,1846162,396901,21.498709214034303
15,9,0.03,random_forest,100,10,0.45,0.6310674023656343,True,0.7904954324234291,0.6,3.8781235053065655e-05,7.755745714950493e-05,0.5490727413732005,0.23500658084964035,3,2,1846162,396901,21.498709214034303
15,9,0.03,random_forest,100,10,0.5,0.6310674023656343,True,0.7904954324234291,0.6,3.8781235053065655e-05,7.755745714950493e-05,0.5490727413732005,0.23500658084964035,3,2,1846162,396901,21.498709214034303
20,6,0.015,xgboost,100,5,0.5,0.5424038767814636,True,0.7116242284894292,0.5,3.769779562140104e-05,7.53899071761768e-05,0.5502271755418154,0.3203309714793585,4,4,1839733,544756,29.6106011035297
20,6,0.015,xgboost,100,5,0.45,0.5424038767814636,True,0.7116242284894292,0.5,3.769779562140104e-05,7.53899071761768e-05,0.5502271755418154,0.3203309714793585,4,4,1839733,544756,29.6106011035297
15,6,0.015,random_forest,200,5,0.5,0.5452526740792301,True,0.7118594491824946,0.5714285714285714,3.759681179036018e-05,7.518867658530625e-05,0.53477042668173,0.3091345886061233,4,3,1846162,546205,29.585973495283728
10,6,0.015,xgboost,100,15,0.5,0.7362827062606812,True,0.7115924426450743,0.5,3.743390576014225e-05,7.486220675069949e-05,0.5235893708973598,0.3021689921551837,4,4,1852497,548533,29.6104663057484
30,12,0.02,random_forest,100,5,0.5,0.5513622703797076,True,0.7066073290691277,0.5,3.7314825180044035e-05,7.462408119100033e-05,0.5461419691660921,0.3219161969479112,4,4,1826832,550114,30.11300437040735
15,12,0.02,xgboost,100,5,0.45,0.5896932482719421,True,0.7045794931655621,0.8,3.666966135567738e-05,7.333596120527652e-05,0.5474846630719374,0.32534426384724435,4,1,1846162,559995,30.332928529565663
15,12,0.02,xgboost,100,5,0.5,0.5896932482719421,True,0.7045794931655621,0.8,3.666966135567738e-05,7.333596120527652e-05,0.5474846630719374,0.32534426384724435,4,1,1846162,559995,30.332928529565663
15,12,0.02,random_forest,100,5,0.5,0.5525996630194023,True,0.7045713682146504,0.5,3.666966135567738e-05,7.333394444953707e-05,0.5400567343560437,0.3211851424856137,4,4,1846162,559995,30.332928529565663
15,12,0.03,random_forest,200,10,0.5,0.6311064547248622,True,0.7659553723529587,0.6,3.471498993265292e-05,6.942596299596172e-05,0.5485349674215032,0.26102589472826115,3,2,1846162,443601,24.028281375090593
15,12,0.03,random_forest,200,10,0.45,0.6311064547248622,True,0.7659553723529587,0.6,3.471498993265292e-05,6.942596299596172e-05,0.5485349674215032,0.26102589472826115,3,2,1846162,443601,24.028281375090593
10,12,0.03,xgboost,200,10,0.5,0.7221346497535706,True,0.7659001349527665,0.75,3.458771444382955e-05,6.917223887479825e-05,0.5352344120113963,0.25314561188571016,3,1,1852497,445120,24.028109087356146
30,6,0.02,random_forest,100,15,0.5,0.6379295161116042,True,0.7576436842955165,0.5,3.387954691752589e-05,6.775450285133533e-05,0.5557370661359091,0.2762949208100319,3,3,1826832,455341,24.92517100641986
30,6,0.02,xgboost,200,5,0.5,0.5693792104721069,True,0.7576436842955165,0.5,3.387954691752589e-05,6.775450285133533e-05,0.559437349193544,0.27839773370793924,3,3,1826832,455341,24.92517100641986
30,6,0.02,xgboost,200,5,0.45,0.5693792104721069,True,0.7576436842955165,0.5,3.387954691752589e-05,6.775450285133533e-05,0.559437349193544,0.27839773370793924,3,3,1826832,455341,24.92517100641986
15,9,0.025,random_forest,200,10,0.5,0.6128802732436625,True,0.7599077005576425,0.6,3.3840565814260416e-05,6.76773145641581e-05,0.5463202489546075,0.26623080775944924,3,2,1846162,454794,24.634566197332628
15,9,0.025,random_forest,100,10,0.5,0.6245379640324294,True,0.7599077005576425,0.6,3.3840565814260416e-05,6.76773145641581e-05,0.5459594249960334,0.26600785190688614,3,2,1846162,454794,24.634566197332628
15,9,0.025,random_forest,200,10,0.45,0.6128802732436625,True,0.7599077005576425,0.6,3.3840565814260416e-05,6.76773145641581e-05,0.5463202489546075,0.26623080775944924,3,2,1846162,454794,24.634566197332628
15,9,0.025,random_forest,100,10,0.45,0.6245379640324294,True,0.7599077005576425,0.6,3.3840565814260416e-05,6.76773145641581e-05,0.5459594249960334,0.26600785190688614,3,2,1846162,454794,24.634566197332628
15,9,0.025,xgboost,200,15,0.5,0.7600399255752563,True,0.7599077005576425,0.6,3.3840565814260416e-05,6.76773145641581e-05,0.5322366494285238,0.2587799656398502,3,2,1846162,454794,24.634566197332628
15,9,0.025,xgboost,200,15,0.45,0.7600399255752563,True,0.7599077005576425,0.6,3.3840565814260416e-05,6.76773145641581e-05,0.5322366494285238,0.2587799656398502,3,2,1846162,454794,24.634566197332628
20,6,0.02,random_forest,100,10,0.5,0.6096884932188346,True,0.7565355880058813,0.6,3.3488496701383076e-05,6.697325534669822e-05,0.5518237932782459,0.271970901386821,3,2,1839733,460574,25.034828423472323
15,6,0.02,random_forest,100,15,0.5,0.607265489828395,True,0.7567498029699404,0.75,3.340087732971119e-05,6.67987798089555e-05,0.5426051971548361,0.26782973257411985,3,1,1846162,461752,25.01145619940179
15,6,0.02,random_forest,100,15,0.45,0.607265489828395,True,0.7567498029699404,0.75,3.340087732971119e-05,6.67987798089555e-05,0.5426051971548361,0.26782973257411985,3,1,1846162,461752,25.01145619940179
20,12,0.015,xgboost,200,15,0.45,0.8381363153457642,True,0.6688381750632564,0.5,3.282724661469019e-05,6.565018299988511e-05,0.5365944433982197,0.35438277338620067,4,4,1839733,624545,33.94758913385801
20,12,0.015,xgboost,200,15,0.5,0.8381363153457642,True,0.6688381750632564,0.5,3.282724661469019e-05,6.565018299988511e-05,0.5365944433982197,0.35438277338620067,4,4,1839733,624545,33.94758913385801
15,12,0.015,xgboost,100,10,0.5,0.6940987706184387,True,0.6687132515241053,0.5714285714285714,3.270030983543569e-05,6.539687729910896e-05,0.5415487433871438,0.3584990545118283,4,3,1846162,627091,33.96727914451711
15,12,0.015,random_forest,100,15,0.5,0.614099543662864,True,0.6687105432071347,0.5,3.270030983543569e-05,6.539634270953396e-05,0.5441931695240928,0.36062835563432377,4,4,1846162,627091,33.96727914451711
10,12,0.015,xgboost,100,15,0.5,0.7330618500709534,True,0.6686477732793522,0.5,3.258231106332372e-05,6.516037597536937e-05,0.5264058187597911,0.34722434201169255,4,4,1852497,629336,33.97230872708566
10,12,0.015,xgboost,100,15,0.45,0.7330618500709534,True,0.6686477732793522,0.5,3.258231106332372e-05,6.516037597536937e-05,0.5264058187597911,0.34722434201169255,4,4,1852497,629336,33.97230872708566
30,6,0.03,random_forest,200,5,0.5,0.5699337021535226,True,0.8254795862790016,0.6666666666666666,3.136516897984788e-05,6.272738677706687e-05,0.5550602639793152,0.20154323955704234,2,1,1826832,325559,17.820960000700666
30,6,0.03,random_forest,200,5,0.45,0.5699337021535226,True,0.8254795862790016,0.6666666666666666,3.136516897984788e-05,6.272738677706687e-05,0.5550602639793152,0.20154323955704234,2,1,1826832,325559,17.820960000700666
20,12,0.025,random_forest,200,10,0.45,0.587144507621861,True,0.7373344530598157,0.6,3.104047678172337e-05,6.207774202559672e-05,0.5522867027420105,0.2929853925277453,3,2,1839733,496389,26.981578305112752
20,12,0.025,random_forest,200,10,0.5,0.587144507621861,True,0.7373344530598157,0.6,3.104047678172337e-05,6.207774202559672e-05,0.5522867027420105,0.2929853925277453,3,2,1839733,496389,26.981578305112752
20,12,0.025,random_forest,200,5,0.45,0.5564638865652216,True,0.7373344530598157,0.6,3.104047678172337e-05,6.207774202559672e-05,0.54581983768213,0.28966797310816694,3,2,1839733,496389,26.981578305112752
20,12,0.025,random_forest,200,5,0.5,0.5564638865652215,True,0.7373344530598157,0.6,3.104047678172337e-05,6.207774202559672e-05,0.54581983768213,0.28966797310816694,3,2,1839733,496389,26.981578305112752
20,6,0.03,random_forest,200,5,0.45,0.6012201611787125,True,0.8245752785047846,1.0,3.098421354319974e-05,6.196650710291087e-05,0.5522904356109111,0.19898568062271277,2,0,1839733,329417,17.905696098292523
20,6,0.03,random_forest,100,5,0.45,0.6031780984338743,True,0.8245752785047846,1.0,3.098421354319974e-05,6.196650710291087e-05,0.5525638566048943,0.1991563171473702,2,0,1839733,329417,17.905696098292523
20,6,0.03,random_forest,100,5,0.5,0.6031780984338743,True,0.8245752785047846,1.0,3.098421354319974e-05,6.196650710291087e-05,0.5525638566048943,0.1991563171473702,2,0,1839733,329417,17.905696098292523
20,6,0.03,random_forest,200,5,0.5,0.6012201611787125,True,0.8245752785047846,1.0,3.098421354319974e-05,6.196650710291087e-05,0.5522904356109111,0.19898568062271277,2,0,1839733,329417,17.905696098292523
10,12,0.025,xgboost,200,10,0.5,0.7544562220573425,True,0.7371848852901485,1.0,3.080841275057509e-05,6.161492724304008e-05,0.5334718592566714,0.2818794728695648,3,0,1852497,500144,26.998370307752182
10,12,0.025,xgboost,200,10,0.45,0.7544562220573425,True,0.7371848852901485,1.0,3.080841275057509e-05,6.161492724304008e-05,0.5334718592566714,0.2818794728695648,3,0,1852497,500144,26.998370307752182
10,6,0.03,random_forest,100,15,0.5,0.6767092686487457,True,0.8245182186234817,0.6666666666666666,3.076118553609056e-05,6.151953245155337e-05,0.5361600187190589,0.19215496727398476,2,1,1852497,331689,17.904968267155088
10,6,0.03,random_forest,100,15,0.45,0.6767092686487457,True,0.8245182186234817,0.6666666666666666,3.076118553609056e-05,6.151953245155337e-05,0.5361600187190589,0.19215496727398476,2,1,1852497,331689,17.904968267155088
30,9,0.02,xgboost,100,5,0.5,0.5297962427139282,True,0.7263545968847761,0.5,3.000570108320581e-05,6.000780101413184e-05,0.5589009116746764,0.3108766451211299,3,3,1826832,512809,28.07094467362078
30,9,0.02,xgboost,100,5,0.45,0.5297962427139282,True,0.7263545968847761,0.5,3.000570108320581e-05,6.000780101413184e-05,0.5589009116746764,0.3108766451211299,3,3,1826832,512809,28.07094467362078
20,9,0.02,xgboost,200,10,0.45,0.7652313113212585,True,0.7249359282722784,0.75,2.9641046921777278e-05,5.9279751025045694e-05,0.5457832999204361,0.30284988026231635,3,1,1839733,519163,28.219475326039156
20,9,0.02,xgboost,200,10,0.5,0.7652313113212585,True,0.7249359282722784,0.75,2.9641046921777278e-05,5.9279751025045694e-05,0.5457832999204361,0.30284988026231635,3,1,1839733,519163,28.219475326039156
15,9,0.02,random_forest,200,15,0.5,0.6139904099606008,True,0.724992078172861,0.5,2.9544424967008727e-05,5.908535864812699e-05,0.5443345656441689,0.30255553749279207,3,3,1846162,520900,28.215292049126784
10,9,0.02,random_forest,100,5,0.45,0.5394655809239832,True,0.7249824561403508,1.0,2.9441494842831487e-05,5.888125613346418e-05,0.5299083872160018,0.29172503747750683,3,0,1852497,522645,28.21300115465774
10,9,0.02,random_forest,100,5,0.5,0.5394655809239832,True,0.7249824561403508,1.0,2.9441494842831487e-05,5.888125613346418e-05,0.5299083872160018,0.29172503747750683,3,0,1852497,522645,28.21300115465774
30,6,0.015,xgboost,200,10,0.5,0.7606515884399414,True,0.7128777366319344,0.5,2.8597302321147704e-05,5.719133360658082e-05,0.5524231527869712,0.3220474991494414,3,3,1826832,538684,29.48733107368384
20,6,0.015,xgboost,100,15,0.45,0.7703012824058533,True,0.7116242284894292,0.5,2.827334671605078e-05,5.6543496084362897e-05,0.5388159429740907,0.3126668945121854,3,3,1839733,544756,29.6106011035297
20,6,0.015,random_forest,100,10,0.5,0.5905260332628439,True,0.7116242284894292,0.5,2.827334671605078e-05,5.6543496084362897e-05,0.5476949693377298,0.3170381696119774,3,3,1839733,544756,29.6106011035297
20,6,0.015,xgboost,100,15,0.5,0.7703012824058533,True,0.7116242284894292,0.5,2.827334671605078e-05,5.6543496084362897e-05,0.5388159429740907,0.3126668945121854,3,3,1839733,544756,29.6106011035297
15,6,0.015,xgboost,100,5,0.45,0.5782584547996521,True,0.711856740865524,0.5,2.8197608842770133e-05,5.639203744431286e-05,0.5437078975437932,0.31629039153568944,3,3,1846162,546205,29.585973495283728
15,6,0.015,xgboost,100,5,0.5,0.5782584547996521,True,0.711856740865524,0.5,2.8197608842770133e-05,5.639203744431286e-05,0.5437078975437932,0.31629039153568944,3,3,1846162,546205,29.585973495283728
10,6,0.015,random_forest,200,10,0.5,0.5873604614373338,True,0.7115951417004048,0.6,2.8075429320106688e-05,5.614823133071308e-05,0.532606719645386,0.30809438134104267,3,2,1852497,548533,29.6104663057484
10,6,0.015,xgboost,200,5,0.5,0.5663981437683105,True,0.7115924426450743,0.5,2.8075429320106688e-05,5.614770589831651e-05,0.5356543074182164,0.3107831141961644,3,3,1852497,548533,29.6104663057484
10,6,0.015,xgboost,200,5,0.45,0.5663981437683105,True,0.7115924426450743,0.5,2.8075429320106688e-05,5.614770589831651e-05,0.5356543074182164,0.3107831141961644,3,3,1852497,548533,29.6104663057484
20,12,0.02,random_forest,100,15,0.5,0.6296482663050483,True,0.7046775758465214,0.6,2.760803946109107e-05,5.521353835960578e-05,0.5501919037307791,0.3262353741898318,3,2,1839733,557719,30.31521421858498
20,12,0.02,random_forest,100,5,0.5,0.5535519046686713,True,0.7046748580637973,0.5,2.760803946109107e-05,5.5213030275144935e-05,0.543010792252722,0.3225027638651212,3,3,1839733,557719,30.31521421858498
20,12,0.02,random_forest,100,5,0.45,0.5535519046686713,True,0.7046748580637973,0.5,2.760803946109107e-05,5.5213030275144935e-05,0.543010792252722,0.3225027638651212,3,3,1839733,557719,30.31521421858498
15,12,0.02,xgboost,200,5,0.5,0.6122390031814575,True,0.7045713682146504,0.5,2.7502246016758037e-05,5.500146670577882e-05,0.5474757948342155,0.32555878789428916,3,3,1846162,559995,30.332928529565663
15,12,0.02,random_forest,100,10,0.5,0.6085111184907394,True,0.7045713682146504,0.5,2.7502246016758037e-05,5.500146670577882e-05,0.5449246274961568,0.32410843913609955,3,3,1846162,559995,30.332928529565663
15,12,0.02,xgboost,200,5,0.45,0.6122390031814575,True,0.7045713682146504,0.5,2.7502246016758037e-05,5.500146670577882e-05,0.5474757948342155,0.32555878789428916,3,3,1846162,559995,30.332928529565663
10,12,0.02,random_forest,200,15,0.5,0.6511779632209462,True,0.7045290148448043,0.6,2.7404017428955086e-05,5.480553170500009e-05,0.5370707534576041,0.3190872498611018,3,2,1852497,561956,30.335055873234886
20,6,0.025,random_forest,200,5,0.5,0.5859562333469874,True,0.7936387577558724,0.6666666666666666,2.6339703151545483e-05,5.267732504543419e-05,0.5494645547070378,0.23037672275863239,2,1,1839733,388950,21.141654794472895
20,6,0.025,random_forest,200,5,0.45,0.5859562333469873,True,0.7936387577558724,0.6666666666666666,2.6339703151545483e-05,5.267732504543419e-05,0.5494645547070378,0.23037672275863239,2,1,1839733,388950,21.141654794472895
20,6,0.025,xgboost,200,5,0.5,0.6172098517417908,True,0.7936360399731484,0.5,2.6339703151545483e-05,5.267663132942648e-05,0.5577752616500292,0.23715096613899128,2,2,1839733,388950,21.141654794472895
20,6,0.025,random_forest,100,5,0.5,0.5920000294138431,True,0.7936387577558724,0.6666666666666666,2.6339703151545483e-05,5.267732504543419e-05,0.5495918347541886,0.23041766271060604,2,1,1839733,388950,21.141654794472895
20,6,0.025,random_forest,100,5,0.45,0.5920000294138432,True,0.7936387577558724,0.6666666666666666,2.6339703151545483e-05,5.267732504543419e-05,0.5495918347541886,0.23041766271060604,2,1,1839733,388950,21.141654794472895
20,6,0.025,xgboost,200,5,0.45,0.6172098517417908,True,0.7936360399731484,0.5,2.6339703151545483e-05,5.267663132942648e-05,0.5577752616500292,0.23715096613899128,2,2,1839733,388950,21.141654794472895
30,9,0.03,xgboost,200,10,0.5,0.8072971105575562,True,0.7916642718143675,0.6666666666666666,2.627430373095113e-05,5.2546536526411205e-05,0.5587546022134438,0.240328687255841,2,1,1826832,390516,21.37667831524738
30,9,0.03,xgboost,200,10,0.45,0.8072971105575562,True,0.7916642718143675,0.6666666666666666,2.627430373095113e-05,5.2546536526411205e-05,0.5587546022134438,0.240328687255841,2,1,1826832,390516,21.37667831524738
15,6,0.025,xgboost,100,5,0.5,0.5105497241020203,True,0.7937995791275427,0.5,2.626878217925817e-05,5.253480430785395e-05,0.5496804489991816,0.2329276850025728,2,2,1846162,389946,21.121981711247443
20,9,0.03,random_forest,200,5,0.5,0.5936673383154862,True,0.79046166975135,0.6666666666666666,2.5940337224383918e-05,5.18786558240276e-05,0.5494036910274276,0.23468705252644442,2,1,1839733,395554,21.50061992691331
20,9,0.03,random_forest,200,5,0.45,0.5936673383154862,True,0.79046166975135,0.6666666666666666,2.5940337224383918e-05,5.18786558240276e-05,0.5494036910274276,0.23468705252644442,2,1,1839733,395554,21.50061992691331
20,9,0.03,random_forest,100,5,0.45,0.5990664530830326,True,0.79046166975135,0.6666666666666666,2.5940337224383918e-05,5.18786558240276e-05,0.5493310148800741,0.23468389722971392,2,1,1839733,395554,21.50061992691331
20,9,0.03,random_forest,100,15,0.5,0.6314980315059667,True,0.7904643875340742,1.0,2.5940337224383918e-05,5.187932868148686e-05,0.5524757092903625,0.23677891386529137,2,0,1839733,395554,21.50061992691331
20,9,0.03,random_forest,100,5,0.5,0.5990664530830326,True,0.79046166975135,0.6666666666666666,2.5940337224383918e-05,5.18786558240276e-05,0.5493310148800741,0.23468389722971392,2,1,1839733,395554,21.50061992691331
20,9,0.03,random_forest,100,15,0.45,0.6314980315059668,True,0.7904643875340742,1.0,2.5940337224383918e-05,5.187932868148686e-05,0.5524757092903625,0.23677891386529137,2,0,1839733,395554,21.50061992691331
20,9,0.015,xgboost,100,5,0.5,0.5683794021606445,True,0.6849057065283859,0.5,2.5875899187496765e-05,5.1749120264955494e-05,0.549581159978064,0.34766065406663926,3,3,1839733,594146,32.29522979693249
15,9,0.03,random_forest,200,15,0.5,0.6157288563314635,True,0.7904927241064585,0.5,2.585415670204377e-05,5.1705639792660386e-05,0.5485608985874941,0.23528660998055473,2,2,1846162,396901,21.498709214034303
15,9,0.03,random_forest,200,15,0.45,0.6157288563314635,True,0.7904927241064585,0.5,2.585415670204377e-05,5.1705639792660386e-05,0.5485608985874941,0.23528660998055473,2,2,1846162,396901,21.498709214034303
10,9,0.015,xgboost,200,10,0.45,0.6967886686325073,True,0.6849365721997301,0.6,2.5699893773772402e-05,5.139758602670961e-05,0.530188196660337,0.33332004958308625,3,2,1852497,598190,32.29101045777672
10,9,0.015,random_forest,100,10,0.5,0.5898694738265822,True,0.6849338731443995,0.5,2.5699893773772402e-05,5.139714574517295e-05,0.5328002119454411,0.3351820374416397,3,3,1852497,598190,32.29101045777672
10,9,0.015,xgboost,200,10,0.5,0.6967886686325073,True,0.6849365721997301,0.6,2.5699893773772402e-05,5.139758602670961e-05,0.530188196660337,0.33332004958308625,3,2,1852497,598190,32.29101045777672
10,9,0.015,random_forest,100,10,0.45,0.5898694738265822,True,0.6849338731443995,0.5,2.5699893773772402e-05,5.139714574517295e-05,0.5328002119454411,0.3351820374416397,3,3,1852497,598190,32.29101045777672
20,12,0.015,xgboost,100,5,0.5,0.5723170042037964,True,0.6688408928459806,0.6,2.4620434961017644e-05,4.92388494522178e-05,0.5507131039597333,0.3643811426783854,3,2,1839733,624545,33.94758913385801
10,12,0.015,random_forest,100,15,0.5,0.6366843918756429,True,0.6686477732793522,0.5,2.443673329749279e-05,4.88710780959828e-05,0.5343906100594599,0.3542835943819703,3,3,1852497,629336,33.97230872708566
30,12,0.03,random_forest,200,5,0.5,0.5531461686844427,True,0.7677786992257101,0.5,2.357211889776772e-05,4.714201532115498e-05,0.5501341468353812,0.25933691667354597,2,2,1826832,435410,23.83415661648143
20,12,0.03,xgboost,100,10,0.45,0.6740180253982544,True,0.7660586986712761,0.6666666666666666,2.3234470660672174e-05,4.646732185590484e-05,0.5530682730473625,0.26384325446280704,2,1,1839733,441791,24.013865055418368
20,12,0.03,xgboost,100,10,0.5,0.6740180253982544,True,0.7660586986712761,0.6666666666666666,2.3234470660672174e-05,4.646732185590484e-05,0.5530682730473625,0.26384325446280704,2,1,1839733,441791,24.013865055418368
20,12,0.03,xgboost,200,10,0.5,0.7265908122062683,True,0.7660614164540002,1.0,2.3234470660672174e-05,4.646786166517582e-05,0.5504969794278933,0.2621713741437886,2,0,1839733,441791,24.013865055418368
20,12,0.03,random_forest,100,5,0.5,0.5881124841970751,True,0.7660586986712761,0.6666666666666666,2.3234470660672174e-05,4.646732185590484e-05,0.5472568244569582,0.25986010952569577,2,1,1839733,441791,24.013865055418368
20,12,0.03,xgboost,200,15,0.5,0.8030350804328918,True,0.7660586986712761,0.6666666666666666,2.3234470660672174e-05,4.646732185590484e-05,0.5371801852635156,0.25408852121382663,2,1,1839733,441791,24.013865055418368
20,12,0.03,random_forest,200,5,0.45,0.5925261262412872,True,0.7660586986712761,0.6666666666666666,2.3234470660672174e-05,4.646732185590484e-05,0.5476787427119849,0.25982931302625945,2,1,1839733,441791,24.013865055418368
20,12,0.03,random_forest,200,5,0.5,0.5925261262412872,True,0.7660586986712761,0.6666666666666666,2.3234470660672174e-05,4.646732185590484e-05,0.5476787427119849,0.25982931302625945,2,1,1839733,441791,24.013865055418368
20,12,0.03,random_forest,100,5,0.45,0.5881124841970748,True,0.7660586986712761,0.6666666666666666,2.3234470660672174e-05,4.646732185590484e-05,0.5472568244569582,0.25986010952569577,2,1,1839733,441791,24.013865055418368
10,12,0.03,random_forest,200,10,0.45,0.6758119716900475,True,0.7658974358974359,0.6666666666666666,2.3058476295886366e-05,4.6115357566953736e-05,0.5398948709212363,0.25562308797547423,2,1,1852497,445120,24.028109087356146
10,12,0.03,xgboost,100,15,0.45,0.8476897478103638,True,0.7659001349527665,1.0,2.3058476295886366e-05,4.611588922963407e-05,0.5277628156574122,0.24893453091695716,2,0,1852497,445120,24.028109087356146
10,12,0.03,random_forest,100,15,0.45,0.7407766831598256,True,0.7659001349527665,1.0,2.3058476295886366e-05,4.611588922963407e-05,0.5389557191893803,0.25563192647188204,2,0,1852497,445120,24.028109087356146
10,12,0.03,random_forest,200,15,0.45,0.7164975076132514,True,0.7659001349527665,1.0,2.3058476295886366e-05,4.611588922963407e-05,0.5402574474701706,0.2564257952142929,2,0,1852497,445120,24.028109087356146
10,12,0.03,xgboost,100,15,0.5,0.8476897478103638,True,0.7659001349527665,1.0,2.3058476295886366e-05,4.611588922963407e-05,0.5277628156574122,0.24893453091695716,2,0,1852497,445120,24.028109087356146
10,12,0.03,random_forest,200,10,0.5,0.6758119716900475,True,0.7658974358974359,0.6666666666666666,2.3058476295886366e-05,4.6115357566953736e-05,0.5398948709212363,0.25562308797547423,2,1,1852497,445120,24.028109087356146
10,12,0.03,xgboost,200,15,0.45,0.8672442436218262,True,0.7659001349527665,1.0,2.3058476295886366e-05,4.611588922963407e-05,0.5250560131176542,0.2479481903880407,2,0,1852497,445120,24.028109087356146
10,12,0.03,xgboost,200,15,0.5,0.8672442436218262,True,0.7659001349527665,1.0,2.3058476295886366e-05,4.611588922963407e-05,0.5250560131176542,0.2479481903880407,2,0,1852497,445120,24.028109087356146
10,12,0.03,xgboost,100,10,0.5,0.8561399579048157,True,0.7659001349527665,1.0,2.3058476295886366e-05,4.611588922963407e-05,0.5386530828433922,0.25528041461915496,2,0,1852497,445120,24.028109087356146
10,12,0.03,random_forest,100,15,0.5,0.7407766831598256,True,0.7659001349527665,1.0,2.3058476295886366e-05,4.611588922963407e-05,0.5389557191893803,0.25563192647188204,2,0,1852497,445120,24.028109087356146
10,12,0.03,random_forest,200,15,0.5,0.7164975076132514,True,0.7659001349527665,1.0,2.3058476295886366e-05,4.611588922963407e-05,0.5402574474701706,0.2564257952142929,2,0,1852497,445120,24.028109087356146
10,12,0.03,random_forest,100,10,0.5,0.6676904178106929,True,0.7658974358974359,0.6666666666666666,2.3058476295886366e-05,4.6115357566953736e-05,0.5395920535497459,0.25530889652951694,2,1,1852497,445120,24.028109087356146
10,12,0.03,random_forest,100,10,0.45,0.6676904178106929,True,0.7658974358974359,0.6666666666666666,2.3058476295886366e-05,4.6115357566953736e-05,0.5395920535497459,0.25530889652951694,2,1,1852497,445120,24.028109087356146
30,9,0.025,xgboost,200,15,0.45,0.8485488295555115,True,0.7611990135945501,0.6666666666666666,2.2922373382540027e-05,4.584317051367272e-05,0.5439547418334367,0.2652321157104505,2,1,1826832,447586,24.500665633183566
30,9,0.025,xgboost,200,15,0.5,0.8485488295555115,True,0.7611990135945501,0.6666666666666666,2.2922373382540027e-05,4.584317051367272e-05,0.5439547418334367,0.2652321157104505,2,1,1826832,447586,24.500665633183566
20,9,0.025,xgboost,200,5,0.5,0.572948157787323,True,0.7598621540602315,0.5,2.2635188664297515e-05,4.526832801430479e-05,0.5559391425540516,0.273013321244884,2,2,1839733,453265,24.63754251296248
20,9,0.025,random_forest,100,15,0.45,0.628325642447298,True,0.7598621540602315,0.5,2.2635188664297515e-05,4.526832801430479e-05,0.552591691937927,0.2702275193863779,2,2,1839733,453265,24.63754251296248
20,9,0.025,random_forest,100,5,0.5,0.5788057950793579,True,0.7598648718429556,0.6666666666666666,2.2635188664297515e-05,4.526884032548296e-05,0.5459180351436741,0.2657877345020996,2,1,1839733,453265,24.63754251296248
20,9,0.025,random_forest,100,5,0.45,0.5788057950793579,True,0.7598648718429556,0.6666666666666666,2.2635188664297515e-05,4.526884032548296e-05,0.5459180351436741,0.2657877345020996,2,1,1839733,453265,24.63754251296248
20,9,0.025,random_forest,200,5,0.45,0.5772372326111415,True,0.7598648718429556,0.6666666666666666,2.2635188664297515e-05,4.526884032548296e-05,0.5461811702340014,0.26593830813697783,2,1,1839733,453265,24.63754251296248
20,9,0.025,random_forest,100,15,0.5,0.628325642447298,True,0.7598621540602315,0.5,2.2635188664297515e-05,4.526832801430479e-05,0.552591691937927,0.2702275193863779,2,2,1839733,453265,24.63754251296248
20,9,0.025,random_forest,200,5,0.5,0.5772372326111415,True,0.7598648718429556,0.6666666666666666,2.2635188664297515e-05,4.526884032548296e-05,0.5461811702340014,0.26593830813697783,2,1,1839733,453265,24.63754251296248
20,6,0.02,xgboost,200,15,0.5,0.7691842317581177,True,0.7565355880058813,0.6666666666666666,2.2325664467588716e-05,4.464983367936954e-05,0.5363785210393168,0.26433577833177774,2,1,1839733,460574,25.034828423472323
20,6,0.02,random_forest,200,10,0.5,0.6250475601362968,True,0.7565355880058813,0.6666666666666666,2.2325664467588716e-05,4.464983367936954e-05,0.5519739948555109,0.271691330795946,2,1,1839733,460574,25.034828423472323
20,6,0.02,random_forest,200,15,0.5,0.617259935990391,True,0.7565328702231572,0.5,2.2325664467588716e-05,4.464933528302098e-05,0.5521687401291089,0.27230925445542886,2,2,1839733,460574,25.034828423472323
20,6,0.02,xgboost,200,15,0.45,0.7691842317581177,True,0.7565355880058813,0.6666666666666666,2.2325664467588716e-05,4.464983367936954e-05,0.5363785210393168,0.26433577833177774,2,1,1839733,460574,25.034828423472323
15,6,0.02,random_forest,200,10,0.5,0.6130332230667543,True,0.7567470946529699,0.6666666666666666,2.2267251553140797e-05,4.453301566448826e-05,0.543416049499279,0.2676711058710933,2,1,1846162,461752,25.01145619940179
10,6,0.02,random_forest,100,5,0.5,0.5394452615180841,True,0.7565209176788125,1.0,2.21702453137644e-05,4.433950760976799e-05,0.5299912862545222,0.258991675868699,2,0,1852497,463746,25.03356280738916
10,6,0.02,random_forest,100,5,0.45,0.5394452615180843,True,0.7565209176788125,1.0,2.21702453137644e-05,4.433950760976799e-05,0.5299912862545222,0.258991675868699,2,0,1852497,463746,25.03356280738916
30,12,0.025,random_forest,100,5,0.45,0.5528253938502475,True,0.739207427052799,0.5,2.0989662591173848e-05,4.197756299258047e-05,0.5481612383483129,0.2887658554668082,2,2,1826832,489397,26.78938183697242
30,12,0.025,random_forest,100,5,0.5,0.5528253938502475,True,0.739207427052799,0.5,2.0989662591173848e-05,4.197756299258047e-05,0.5481612383483129,0.2887658554668082,2,2,1826832,489397,26.78938183697242
20,12,0.025,random_forest,100,10,0.5,0.6209585972332405,True,0.7373317352770915,0.5,2.0693651187815577e-05,4.1385589537722965e-05,0.5522587613663967,0.2928044443992188,2,2,1839733,496389,26.981578305112752
20,12,0.025,random_forest,100,10,0.45,0.6209585972332407,True,0.7373317352770915,0.5,2.0693651187815577e-05,4.1385589537722965e-05,0.5522587613663967,0.2928044443992188,2,2,1839733,496389,26.981578305112752
20,12,0.025,random_forest,100,5,0.5,0.5586057886520222,True,0.7373317352770915,0.5,2.0693651187815577e-05,4.1385589537722965e-05,0.5453303857195562,0.28954698855908,2,2,1839733,496389,26.981578305112752
20,12,0.025,random_forest,100,5,0.45,0.5586057886520222,True,0.7373317352770915,0.5,2.0693651187815577e-05,4.1385589537722965e-05,0.5453303857195562,0.28954698855908,2,2,1839733,496389,26.981578305112752
15,12,0.025,xgboost,200,15,0.5,0.8318786025047302,True,0.7372255459289934,0.6666666666666666,2.0613031558551315e-05,4.1224788465304186e-05,0.5331504110549551,0.28187652668776825,2,1,1846162,498421,26.997684926891573
10,12,0.025,random_forest,100,15,0.5,0.7262505026949667,True,0.7371821862348178,1.0,2.053894183371673e-05,4.107703998849843e-05,0.5382577683030059,0.28502277664112646,2,0,1852497,500144,26.998370307752182
10,12,0.025,xgboost,100,5,0.5,0.5482313632965088,True,0.7371767881241565,0.5,2.053894183371673e-05,4.1076196344218524e-05,0.540333452813649,0.287008028923712,2,2,1852497,500144,26.998370307752182
10,12,0.025,xgboost,100,5,0.45,0.5482313632965088,True,0.7371767881241565,0.5,2.053894183371673e-05,4.1076196344218524e-05,0.540333452813649,0.287008028923712,2,2,1852497,500144,26.998370307752182
10,12,0.025,random_forest,200,15,0.5,0.7180747233424882,True,0.7371821862348178,1.0,2.053894183371673e-05,4.107703998849843e-05,0.5392507999033642,0.2856388666598194,2,0,1852497,500144,26.998370307752182
10,12,0.025,random_forest,200,5,0.5,0.5412655728810682,True,0.7371794871794872,0.6666666666666666,2.053894183371673e-05,4.107661816202672e-05,0.5341690354252658,0.28271855119419625,2,1,1852497,500144,26.998370307752182
10,12,0.025,random_forest,200,5,0.45,0.5412655728810681,True,0.7371794871794872,0.6666666666666666,2.053894183371673e-05,4.107661816202672e-05,0.5341690354252658,0.28271855119419625,2,1,1852497,500144,26.998370307752182
10,12,0.025,random_forest,100,15,0.45,0.7262505026949667,True,0.7371821862348178,1.0,2.053894183371673e-05,4.107703998849843e-05,0.5382577683030059,0.28502277664112646,2,0,1852497,500144,26.998370307752182
30,9,0.02,xgboost,100,10,0.45,0.7425810694694519,True,0.7263573338588324,0.6666666666666666,2.0003800722137207e-05,4.0006401024163864e-05,0.5563097224958464,0.3093754907591347,2,1,1826832,512809,28.07094467362078
30,9,0.02,xgboost,100,10,0.5,0.7425810694694519,True,0.7263573338588324,0.6666666666666666,2.0003800722137207e-05,4.0006401024163864e-05,0.5563097224958464,0.3093754907591347,2,1,1826832,512809,28.07094467362078
15,9,0.02,random_forest,100,15,0.5,0.6365041029866254,True,0.7249947864898316,0.6666666666666666,1.969628331133915e-05,3.939140282633315e-05,0.543615986379472,0.3020909111585291,2,1,1846162,520900,28.215292049126784
10,9,0.02,random_forest,100,15,0.45,0.6306765500773396,True,0.724974358974359,0.5,1.9627663228554325e-05,3.9253785536942716e-05,0.5343816275231277,0.29511715936502814,2,2,1852497,522645,28.21300115465774
10,9,0.02,random_forest,100,15,0.5,0.6306765500773396,True,0.724974358974359,0.5,1.9627663228554325e-05,3.9253785536942716e-05,0.5343816275231277,0.29511715936502814,2,2,1852497,522645,28.21300115465774
20,6,0.015,xgboost,200,5,0.5,0.614704966545105,True,0.7116269462721533,0.6666666666666666,1.884889781070052e-05,3.7696729808689094e-05,0.5513805043003605,0.3216838846589847,2,1,1839733,544756,29.6106011035297
20,6,0.015,xgboost,200,5,0.45,0.614704966545105,True,0.7116269462721533,0.6666666666666666,1.884889781070052e-05,3.7696729808689094e-05,0.5513805043003605,0.3216838846589847,2,1,1839733,544756,29.6106011035297
15,6,0.015,xgboost,200,15,0.5,0.8869906663894653,True,0.711856740865524,0.5,1.879840589518009e-05,3.759539832324523e-05,0.5302589163681869,0.3074972009660993,2,2,1846162,546205,29.585973495283728
15,6,0.015,xgboost,200,15,0.45,0.8869906663894653,True,0.711856740865524,0.5,1.879840589518009e-05,3.759539832324523e-05,0.5302589163681869,0.3074972009660993,2,2,1846162,546205,29.585973495283728
15,6,0.015,xgboost,200,5,0.5,0.6229651570320129,True,0.7118621574994651,1.0,1.879840589518009e-05,3.7596105043517494e-05,0.5440451991600262,0.3168926088954967,2,0,1846162,546205,29.585973495283728
15,6,0.015,xgboost,100,15,0.5,0.8660435080528259,True,0.7118594491824946,0.6666666666666666,1.879840589518009e-05,3.759575168006015e-05,0.5319835617919284,0.3084636857794361,2,1,1846162,546205,29.585973495283728
15,6,0.015,xgboost,100,15,0.45,0.8660435080528259,True,0.7118594491824946,0.6666666666666666,1.879840589518009e-05,3.759575168006015e-05,0.5319835617919284,0.3084636857794361,2,1,1846162,546205,29.585973495283728
20,12,0.02,random_forest,200,10,0.45,0.6199043718323342,True,0.7046775758465214,0.6666666666666666,1.840535964072738e-05,3.6809703037720745e-05,0.5501579233848822,0.3263605910046736,2,1,1839733,557719,30.31521421858498
20,12,0.02,random_forest,200,10,0.5,0.6199043718323342,True,0.7046775758465214,0.6666666666666666,1.840535964072738e-05,3.6809703037720745e-05,0.5501579233848822,0.3263605910046736,2,1,1839733,557719,30.31521421858498
15,12,0.02,random_forest,200,10,0.5,0.6291686751049985,True,0.704574076531621,0.6666666666666666,1.833483067783869e-05,3.666865288536462e-05,0.5451061971937644,0.32412484053870877,2,1,1846162,559995,30.332928529565663
10,12,0.02,random_forest,200,10,0.45,0.6289229462395757,True,0.7045263157894737,0.5,1.8269344952636724e-05,3.6537354878193596e-05,0.5363402672144403,0.3179168490991315,2,2,1852497,561956,30.335055873234886
10,12,0.02,random_forest,100,15,0.5,0.6744191107734544,True,0.7045290148448043,0.6666666666666666,1.8269344952636724e-05,3.653768862581753e-05,0.5360136986577213,0.3182594542131259,2,1,1852497,561956,30.335055873234886
10,12,0.02,random_forest,100,10,0.5,0.6367856080860878,True,0.7045290148448043,0.6666666666666666,1.8269344952636724e-05,3.653768862581753e-05,0.5363141529073456,0.3177677793036147,2,1,1852497,561956,30.335055873234886
10,12,0.02,random_forest,100,10,0.45,0.6367856080860878,True,0.7045290148448043,0.6666666666666666,1.8269344952636724e-05,3.653768862581753e-05,0.5363141529073456,0.3177677793036147,2,1,1852497,561956,30.335055873234886
10,12,0.02,xgboost,100,10,0.5,0.8157894015312195,True,0.7045317139001349,1.0,1.8269344952636724e-05,3.653802237953871e-05,0.5357185251374545,0.3179804128413241,2,0,1852497,561956,30.335055873234886
10,12,0.02,xgboost,100,10,0.45,0.8157894015312195,True,0.7045317139001349,1.0,1.8269344952636724e-05,3.653802237953871e-05,0.5357185251374545,0.3179804128413241,2,0,1852497,561956,30.335055873234886
10,12,0.02,random_forest,200,10,0.5,0.6289229462395758,True,0.7045263157894737,0.5,1.8269344952636724e-05,3.6537354878193596e-05,0.5363402672144403,0.3179168490991315,2,2,1852497,561956,30.335055873234886
20,9,0.015,random_forest,200,5,0.5,0.5528616373423084,True,0.6849057065283859,0.5,1.7250599458331175e-05,3.450000862500216e-05,0.540902504338973,0.34187664065333534,2,2,1839733,594146,32.29522979693249
10,9,0.015,xgboost,100,5,0.5,0.5731026530265808,True,0.6849365721997301,0.6666666666666666,1.713326251584827e-05,3.426564440827515e-05,0.5363921893796084,0.3385453681086722,2,1,1852497,598190,32.29101045777672
10,9,0.015,xgboost,100,10,0.45,0.6920307278633118,True,0.6849338731443995,0.5,1.713326251584827e-05,3.426535087719298e-05,0.532691408068837,0.3346375997787319,2,2,1852497,598190,32.29101045777672
10,9,0.015,xgboost,100,10,0.5,0.6920307278633118,True,0.6849338731443995,0.5,1.713326251584827e-05,3.426535087719298e-05,0.532691408068837,0.3346375997787319,2,2,1852497,598190,32.29101045777672
10,9,0.015,xgboost,100,5,0.45,0.5731026530265808,True,0.6849365721997301,0.6666666666666666,1.713326251584827e-05,3.426564440827515e-05,0.5363921893796084,0.3385453681086722,2,1,1852497,598190,32.29101045777672
20,12,0.015,xgboost,100,10,0.5,0.7280305027961731,True,0.6688381750632564,0.5,1.6413623307345096e-05,3.2826169021944295e-05,0.5491517842790617,0.36292313446022173,2,2,1839733,624545,33.94758913385801
20,12,0.015,xgboost,100,10,0.45,0.7280305027961731,True,0.6688381750632564,0.5,1.6413623307345096e-05,3.2826169021944295e-05,0.5491517842790617,0.36292313446022173,2,2,1839733,624545,33.94758913385801
10,12,0.015,xgboost,100,10,0.5,0.7748900651931763,True,0.6686477732793522,0.5,1.629115553166186e-05,3.2581249490917975e-05,0.5334417266143265,0.3530512028783906,2,2,1852497,629336,33.97230872708566
10,12,0.015,xgboost,100,5,0.5,0.5976967811584473,True,0.6686504723346829,0.6666666666666666,1.629115553166186e-05,3.258151487753423e-05,0.5363259963313584,0.35638418667144306,2,1,1852497,629336,33.97230872708566
20,6,0.03,xgboost,100,10,0.5,0.804096519947052,True,0.8245698429393363,0.5,1.549210677159987e-05,3.098325355145544e-05,0.5543491660180544,0.20212812018239482,1,1,1839733,329417,17.905696098292523
20,6,0.03,xgboost,200,10,0.5,0.8396615982055664,True,0.8245725607220605,1.0,1.549210677159987e-05,3.098373353989156e-05,0.5505911501087974,0.1999288017048686,1,0,1839733,329417,17.905696098292523
20,6,0.03,xgboost,100,5,0.45,0.6112084984779358,True,0.8245698429393363,0.5,1.549210677159987e-05,3.098325355145544e-05,0.5598179290087841,0.20476887206075783,1,1,1839733,329417,17.905696098292523
20,6,0.03,xgboost,200,10,0.45,0.8396615982055664,True,0.8245725607220605,1.0,1.549210677159987e-05,3.098373353989156e-05,0.5505911501087974,0.1999288017048686,1,0,1839733,329417,17.905696098292523
20,6,0.03,xgboost,100,5,0.5,0.6112084984779358,True,0.8245698429393363,0.5,1.549210677159987e-05,3.098325355145544e-05,0.5598179290087841,0.20476887206075783,1,1,1839733,329417,17.905696098292523
20,6,0.03,xgboost,100,10,0.45,0.804096519947052,True,0.8245698429393363,0.5,1.549210677159987e-05,3.098325355145544e-05,0.5543491660180544,0.20212812018239482,1,1,1839733,329417,17.905696098292523
15,6,0.03,random_forest,200,10,0.45,0.6525765095226387,True,0.8247041840788879,0.5,1.544998068752414e-05,3.089900659693791e-05,0.5486906161154955,0.19826551197292536,1,1,1846162,330255,17.888733491427082
15,6,0.03,random_forest,200,10,0.5,0.6525765095226387,True,0.8247041840788879,0.5,1.544998068752414e-05,3.089900659693791e-05,0.5486906161154955,0.19826551197292536,1,1,1846162,330255,17.888733491427082
30,6,0.025,xgboost,100,5,0.5,0.5669494867324829,True,0.7946420995875381,0.5,1.3327824499206994e-05,2.6654938493729425e-05,0.5619834623587223,0.239683431812164,1,1,1826832,384467,21.045558650165972
30,6,0.025,xgboost,100,5,0.45,0.5669494867324829,True,0.7946420995875381,0.5,1.3327824499206994e-05,2.6654938493729425e-05,0.5619834623587223,0.239683431812164,1,1,1826832,384467,21.045558650165972
20,6,0.025,random_forest,100,10,0.45,0.6455892056868301,True,0.7936360399731484,0.5,1.3169851575772741e-05,2.633900938985685e-05,0.5539817721027994,0.23294599129922863,1,1,1839733,388950,21.141654794472895
20,6,0.025,random_forest,200,15,0.45,0.6589673176461851,True,0.7936360399731484,0.5,1.3169851575772741e-05,2.633900938985685e-05,0.5535036616524174,0.23293433358268695,1,1,1839733,388950,21.141654794472895
20,6,0.025,xgboost,100,10,0.45,0.6681561470031738,True,0.7936360399731484,0.5,1.3169851575772741e-05,2.633900938985685e-05,0.5527726326037058,0.23436350400219008,1,1,1839733,388950,21.141654794472895
20,6,0.025,random_forest,100,10,0.5,0.6455892056868301,True,0.7936360399731484,0.5,1.3169851575772741e-05,2.633900938985685e-05,0.5539817721027994,0.23294599129922863,1,1,1839733,388950,21.141654794472895
20,6,0.025,random_forest,200,15,0.5,0.6589673176461851,True,0.7936360399731484,0.5,1.3169851575772741e-05,2.633900938985685e-05,0.5535036616524174,0.23293433358268695,1,1,1839733,388950,21.141654794472895
20,6,0.025,xgboost,100,10,0.5,0.6681561470031738,True,0.7936360399731484,0.5,1.3169851575772741e-05,2.633900938985685e-05,0.5527726326037058,0.23436350400219008,1,1,1839733,388950,21.141654794472895
30,9,0.03,xgboost,100,10,0.5,0.774730920791626,True,0.7916615348403112,0.5,1.3137151865475564e-05,2.6273613410052286e-05,0.5619456452059519,0.24216266155905813,1,1,1826832,390516,21.37667831524738
30,9,0.03,xgboost,100,10,0.45,0.774730920791626,True,0.7916615348403112,0.5,1.3137151865475564e-05,2.6273613410052286e-05,0.5619456452059519,0.24216266155905813,1,1,1826832,390516,21.37667831524738
15,6,0.025,random_forest,100,15,0.45,0.6386572587972622,True,0.7938022874445133,1.0,1.3134391089629086e-05,2.6268437159331206e-05,0.5447056377774104,0.22960792894561113,1,0,1846162,389946,21.121981711247443
15,6,0.025,random_forest,200,10,0.5,0.6343348434198532,True,0.7937995791275427,0.5,1.3134391089629086e-05,2.6268092148467256e-05,0.5455557680824257,0.2296339196474433,1,1,1846162,389946,21.121981711247443
15,6,0.025,random_forest,200,10,0.45,0.6343348434198532,True,0.7937995791275427,0.5,1.3134391089629086e-05,2.6268092148467256e-05,0.5455557680824257,0.2296339196474433,1,1,1846162,389946,21.121981711247443
15,6,0.025,random_forest,100,15,0.5,0.6386572587972621,True,0.7938022874445133,1.0,1.3134391089629086e-05,2.6268437159331206e-05,0.5447056377774104,0.22960792894561113,1,0,1846162,389946,21.121981711247443
15,6,0.025,random_forest,100,10,0.5,0.6366661740494053,True,0.7937995791275427,0.5,1.3134391089629086e-05,2.6268092148467256e-05,0.5453745742331295,0.2295510322425999,1,1,1846162,389946,21.121981711247443
20,9,0.03,xgboost,200,5,0.5,0.6538254618644714,True,0.7904589519686259,0.5,1.2970168612191959e-05,2.593966434074343e-05,0.558077691794729,0.24052087202645966,1,1,1839733,395554,21.50061992691331
20,9,0.03,random_forest,100,10,0.5,0.6535522398854415,True,0.79046166975135,1.0,1.2970168612191959e-05,2.5940000778200023e-05,0.5553413121585576,0.23836900330351962,1,0,1839733,395554,21.50061992691331
15,9,0.03,random_forest,100,15,0.5,0.6304248209355172,True,0.7904927241064585,0.5,1.2927078351021885e-05,2.5853488281906435e-05,0.547279712565257,0.2348414618027206,1,1,1846162,396901,21.498709214034303
15,9,0.03,random_forest,100,15,0.45,0.6304248209355172,True,0.7904927241064585,0.5,1.2927078351021885e-05,2.5853488281906435e-05,0.547279712565257,0.2348414618027206,1,1,1846162,396901,21.498709214034303
10,9,0.03,xgboost,100,5,0.45,0.5087227821350098,True,0.7905101214574899,0.5,1.2883941455370026e-05,2.5767218944059367e-05,0.5428729061319097,0.23174532750445329,1,1,1852497,398143,21.49223453533258
10,9,0.03,xgboost,100,5,0.5,0.5087227821350098,True,0.7905101214574899,0.5,1.2883941455370026e-05,2.5767218944059367e-05,0.5428729061319097,0.23174532750445329,1,1,1852497,398143,21.49223453533258
30,12,0.03,random_forest,100,10,0.5,0.6235419272820617,True,0.7677786992257101,0.5,1.178605944888386e-05,2.3571563266075805e-05,0.5570084861400221,0.26349285725463556,1,1,1826832,435410,23.83415661648143
30,12,0.03,random_forest,200,10,0.45,0.625770267127763,True,0.7677786992257101,0.5,1.178605944888386e-05,2.3571563266075805e-05,0.5571684539749939,0.2632139931733195,1,1,1826832,435410,23.83415661648143
30,12,0.03,random_forest,200,10,0.5,0.6257702671277628,True,0.7677786992257101,0.5,1.178605944888386e-05,2.3571563266075805e-05,0.5571684539749939,0.2632139931733195,1,1,1826832,435410,23.83415661648143
30,12,0.03,random_forest,100,10,0.45,0.6235419272820617,True,0.7677786992257101,0.5,1.178605944888386e-05,2.3571563266075805e-05,0.5570084861400221,0.26349285725463556,1,1,1826832,435410,23.83415661648143
20,12,0.03,xgboost,100,5,0.45,0.5844632983207703,True,0.7660559808885519,0.5,1.1617235330336087e-05,2.323393083258791e-05,0.5561729304524656,0.2651808442793951,1,1,1839733,441791,24.013865055418368
20,12,0.03,xgboost,100,5,0.5,0.5844632983207703,True,0.7660559808885519,0.5,1.1617235330336087e-05,2.323393083258791e-05,0.5561729304524656,0.2651808442793951,1,1,1839733,441791,24.013865055418368
20,12,0.03,random_forest,100,15,0.5,0.7017339439789682,True,0.7660586986712761,1.0,1.1617235330336087e-05,2.3234200743494423e-05,0.5528904985549608,0.26289418025034395,1,0,1839733,441791,24.013865055418368
20,12,0.03,random_forest,100,15,0.45,0.7017339439789683,True,0.7660586986712761,1.0,1.1617235330336087e-05,2.3234200743494423e-05,0.5528904985549608,0.26289418025034395,1,0,1839733,441791,24.013865055418368
15,12,0.03,random_forest,100,10,0.5,0.7105761214951904,True,0.7659553723529587,1.0,1.1571663310884307e-05,2.3143058818083987e-05,0.5482727783218931,0.2608313901668066,1,0,1846162,443601,24.028281375090593
15,12,0.03,random_forest,100,5,0.45,0.5811362680051663,True,0.7659553723529587,1.0,1.1571663310884307e-05,2.3143058818083987e-05,0.5439414176548875,0.2582710954036321,1,0,1846162,443601,24.028281375090593
15,12,0.03,random_forest,100,5,0.5,0.5811362680051664,True,0.7659553723529587,1.0,1.1571663310884307e-05,2.3143058818083987e-05,0.5439414176548875,0.2582710954036321,1,0,1846162,443601,24.028281375090593
15,12,0.03,random_forest,100,10,0.45,0.7105761214951904,True,0.7659553723529587,1.0,1.1571663310884307e-05,2.3143058818083987e-05,0.5482727783218931,0.2608313901668066,1,0,1846162,443601,24.028281375090593
30,9,0.025,random_forest,200,10,0.45,0.619209278348213,True,0.7611962766204939,0.5,1.1461186691270014e-05,2.2921847959382486e-05,0.5569503462613835,0.2709405927818717,1,1,1826832,447586,24.500665633183566
30,9,0.025,random_forest,200,5,0.5,0.5489821853559054,True,0.7611962766204939,0.5,1.1461186691270014e-05,2.2921847959382486e-05,0.5493354461245012,0.2655687656369218,1,1,1826832,447586,24.500665633183566
30,9,0.025,random_forest,200,5,0.45,0.5489821853559055,True,0.7611962766204939,0.5,1.1461186691270014e-05,2.2921847959382486e-05,0.5493354461245012,0.2655687656369218,1,1,1826832,447586,24.500665633183566
30,9,0.025,random_forest,200,10,0.5,0.619209278348213,True,0.7611962766204939,0.5,1.1461186691270014e-05,2.2921847959382486e-05,0.5569503462613835,0.2709405927818717,1,1,1826832,447586,24.500665633183566
30,6,0.02,xgboost,200,10,0.5,0.7349160313606262,True,0.7576436842955165,0.5,1.1293182305841964e-05,2.2585854479339588e-05,0.5554506894106026,0.27704086717939413,1,1,1826832,455341,24.92517100641986
30,6,0.02,xgboost,100,10,0.45,0.6822973489761353,True,0.7576436842955165,0.5,1.1293182305841964e-05,2.2585854479339588e-05,0.5582443070630373,0.2784567181782122,1,1,1826832,455341,24.92517100641986
30,6,0.02,xgboost,200,15,0.5,0.8633317947387695,True,0.7576464212695728,1.0,1.1293182305841964e-05,2.2586109542631283e-05,0.5438969534909208,0.2689877720414527,1,0,1826832,455341,24.92517100641986
30,6,0.02,xgboost,100,10,0.5,0.6822973489761353,True,0.7576436842955165,0.5,1.1293182305841964e-05,2.2585854479339588e-05,0.5582443070630373,0.2784567181782122,1,1,1826832,455341,24.92517100641986
30,6,0.02,xgboost,100,15,0.45,0.7923272848129272,True,0.7576464212695728,1.0,1.1293182305841964e-05,2.2586109542631283e-05,0.5475718054906473,0.2708018297628375,1,0,1826832,455341,24.92517100641986
30,6,0.02,xgboost,100,15,0.5,0.7923272848129272,True,0.7576464212695728,1.0,1.1293182305841964e-05,2.2586109542631283e-05,0.5475718054906473,0.2708018297628375,1,0,1826832,455341,24.92517100641986
30,6,0.02,xgboost,200,10,0.45,0.7349160313606262,True,0.7576436842955165,0.5,1.1293182305841964e-05,2.2585854479339588e-05,0.5554506894106026,0.27704086717939413,1,1,1826832,455341,24.92517100641986
30,6,0.02,xgboost,200,15,0.45,0.8633317947387695,True,0.7576464212695728,1.0,1.1293182305841964e-05,2.2586109542631283e-05,0.5438969534909208,0.2689877720414527,1,0,1826832,455341,24.92517100641986
15,9,0.025,xgboost,100,15,0.45,0.7769246101379395,True,0.7599049922406719,0.5,1.1280188604753472e-05,2.2559868250369417e-05,0.5351662431627406,0.2605612169641337,1,1,1846162,454794,24.634566197332628
15,9,0.025,xgboost,100,15,0.5,0.7769246101379395,True,0.7599049922406719,0.5,1.1280188604753472e-05,2.2559868250369417e-05,0.5351662431627406,0.2605612169641337,1,1,1846162,454794,24.634566197332628
10,9,0.025,xgboost,200,5,0.45,0.5709502696990967,True,0.7599028340080972,1.0,1.1241386287757006e-05,2.248251984082376e-05,0.5406748698562305,0.26301610548402565,1,0,1852497,456265,24.629729494838585
10,9,0.025,random_forest,200,15,0.45,0.656311600063304,True,0.7599001349527665,0.5,1.1241386287757006e-05,2.2482267111815555e-05,0.5378092293014871,0.2609536971150873,1,1,1852497,456265,24.629729494838585
10,9,0.025,random_forest,200,15,0.5,0.656311600063304,True,0.7599001349527665,0.5,1.1241386287757006e-05,2.2482267111815555e-05,0.5378092293014871,0.2609536971150873,1,1,1852497,456265,24.629729494838585
10,9,0.025,xgboost,100,5,0.45,0.5506687760353088,True,0.7599028340080972,1.0,1.1241386287757006e-05,2.248251984082376e-05,0.5401992008586995,0.2626764113510966,1,0,1852497,456265,24.629729494838585
10,9,0.025,xgboost,100,5,0.5,0.5506687760353088,True,0.7599028340080972,1.0,1.1241386287757006e-05,2.248251984082376e-05,0.5401992008586995,0.2626764113510966,1,0,1852497,456265,24.629729494838585
10,9,0.025,xgboost,200,5,0.5,0.5709502696990967,True,0.7599028340080972,1.0,1.1241386287757006e-05,2.248251984082376e-05,0.5406748698562305,0.26301610548402565,1,0,1852497,456265,24.629729494838585
15,6,0.02,random_forest,200,15,0.5,0.6139712996945583,True,0.7567470946529699,1.0,1.1133625776570399e-05,2.2267003640655095e-05,0.5438150062625057,0.2687820428200401,1,0,1846162,461752,25.01145619940179
15,6,0.02,random_forest,200,15,0.45,0.6139712996945583,True,0.7567470946529699,1.0,1.1133625776570399e-05,2.2267003640655095e-05,0.5438150062625057,0.2687820428200401,1,0,1846162,461752,25.01145619940179
30,12,0.025,xgboost,200,15,0.5,0.89573734998703,True,0.7392101640268552,1.0,1.0494831295586924e-05,2.098944231051781e-05,0.5472648811847225,0.2901099619836029,1,0,1826832,489397,26.78938183697242
20,12,0.025,xgboost,100,10,0.45,0.7838305830955505,True,0.7373344530598157,1.0,1.0346825593907789e-05,2.069343707643121e-05,0.551531314223294,0.29337994908467974,1,0,1839733,496389,26.981578305112752
20,12,0.025,xgboost,100,10,0.5,0.7838305830955505,True,0.7373344530598157,1.0,1.0346825593907789e-05,2.069343707643121e-05,0.551531314223294,0.29337994908467974,1,0,1839733,496389,26.981578305112752
20,12,0.025,random_forest,100,15,0.5,0.7091278229596594,True,0.7373344530598157,1.0,1.0346825593907789e-05,2.069343707643121e-05,0.5519173070830705,0.29313846905629726,1,0,1839733,496389,26.981578305112752
20,12,0.025,random_forest,100,15,0.45,0.7091278229596594,True,0.7373344530598157,1.0,1.0346825593907789e-05,2.069343707643121e-05,0.5519173070830705,0.29313846905629726,1,0,1839733,496389,26.981578305112752
20,12,0.025,xgboost,200,10,0.45,0.803826630115509,True,0.7373344530598157,1.0,1.0346825593907789e-05,2.069343707643121e-05,0.5491726990773872,0.2919743698879108,1,0,1839733,496389,26.981578305112752
20,12,0.025,xgboost,200,10,0.5,0.803826630115509,True,0.7373344530598157,1.0,1.0346825593907789e-05,2.069343707643121e-05,0.5491726990773872,0.2919743698879108,1,0,1839733,496389,26.981578305112752
15,12,0.025,xgboost,200,10,0.5,0.841568648815155,True,0.7372255459289934,1.0,1.0306515779275658e-05,2.061281911220588e-05,0.5422646113201148,0.2880616774915947,1,0,1846162,498421,26.997684926891573
15,12,0.025,random_forest,100,5,0.45,0.5673777527781589,True,0.7372228376120228,0.5,1.0306515779275658e-05,2.061260667023952e-05,0.5426665977135329,0.28810046663876593,1,1,1846162,498421,26.997684926891573
15,12,0.025,xgboost,200,10,0.45,0.841568648815155,True,0.7372255459289934,1.0,1.0306515779275658e-05,2.061281911220588e-05,0.5422646113201148,0.2880616774915947,1,0,1846162,498421,26.997684926891573
15,12,0.025,random_forest,100,5,0.5,0.5673777527781589,True,0.7372228376120228,0.5,1.0306515779275658e-05,2.061260667023952e-05,0.5426665977135329,0.28810046663876593,1,1,1846162,498421,26.997684926891573
10,12,0.025,random_forest,200,10,0.45,0.6527847378686051,True,0.7371767881241565,0.5,1.0269470916858364e-05,2.0538519994249213e-05,0.5387200524519953,0.28527096154314807,1,1,1852497,500144,26.998370307752182
10,12,0.025,random_forest,200,10,0.5,0.6527847378686051,True,0.7371767881241565,0.5,1.0269470916858364e-05,2.0538519994249213e-05,0.5387200524519953,0.28527096154314807,1,1,1852497,500144,26.998370307752182
30,9,0.02,random_forest,100,5,0.45,0.5498528449875515,True,0.7263573338588324,1.0,1.0001900361068604e-05,2.000360064811666e-05,0.5463312198829356,0.30076656467860063,1,0,1826832,512809,28.07094467362078
30,9,0.02,random_forest,200,5,0.45,0.5476847583071297,True,0.7263545968847761,0.5,1.0001900361068604e-05,2.0003400578098278e-05,0.545759635431619,0.30043243413770804,1,1,1826832,512809,28.07094467362078
30,9,0.02,random_forest,200,5,0.5,0.5476847583071298,True,0.7263545968847761,0.5,1.0001900361068604e-05,2.0003400578098278e-05,0.545759635431619,0.30043243413770804,1,1,1826832,512809,28.07094467362078
30,9,0.02,random_forest,100,5,0.5,0.5498528449875514,True,0.7263573338588324,1.0,1.0001900361068604e-05,2.000360064811666e-05,0.5463312198829356,0.30076656467860063,1,0,1826832,512809,28.07094467362078
20,9,0.02,random_forest,200,10,0.45,0.6307004769638354,True,0.7249304927068301,0.5,9.88034897392576e-06,1.976030747038424e-05,0.5494684773413399,0.30466246492885724,1,1,1839733,519163,28.219475326039156
20,9,0.02,random_forest,200,15,0.45,0.6761785390618077,True,0.7249332104895542,1.0,9.88034897392576e-06,1.9760502707188872e-05,0.550435632141281,0.30549335045598563,1,0,1839733,519163,28.219475326039156
20,9,0.02,random_forest,200,15,0.5,0.6761785390618078,True,0.7249332104895542,1.0,9.88034897392576e-06,1.9760502707188872e-05,0.550435632141281,0.30549335045598563,1,0,1839733,519163,28.219475326039156
20,9,0.02,random_forest,200,10,0.5,0.6307004769638351,True,0.7249304927068301,0.5,9.88034897392576e-06,1.976030747038424e-05,0.5494684773413399,0.30466246492885724,1,1,1839733,519163,28.219475326039156
10,9,0.02,xgboost,100,15,0.5,0.8431850075721741,True,0.7249770580296896,1.0,9.813831614277162e-06,1.9627470607862765e-05,0.5267608606925337,0.28991219885832276,1,0,1852497,522645,28.21300115465774
10,9,0.02,xgboost,100,5,0.5,0.5313810110092163,True,0.724974358974359,0.5,9.813831614277162e-06,1.9627277990951825e-05,0.5378066866894702,0.297644175480985,1,1,1852497,522645,28.21300115465774
10,9,0.02,xgboost,200,5,0.45,0.5717079043388367,True,0.7249770580296896,1.0,9.813831614277162e-06,1.9627470607862765e-05,0.538571762410899,0.2978034634808404,1,0,1852497,522645,28.21300115465774
10,9,0.02,xgboost,200,5,0.5,0.5717079043388367,True,0.7249770580296896,1.0,9.813831614277162e-06,1.9627470607862765e-05,0.538571762410899,0.2978034634808404,1,0,1852497,522645,28.21300115465774
10,9,0.02,xgboost,100,15,0.45,0.8431850075721741,True,0.7249770580296896,1.0,9.813831614277162e-06,1.9627470607862765e-05,0.5267608606925337,0.28991219885832276,1,0,1852497,522645,28.21300115465774
10,9,0.02,xgboost,200,10,0.45,0.8136801719665527,True,0.7249770580296896,1.0,9.813831614277162e-06,1.9627470607862765e-05,0.5331147613434901,0.2942855495363644,1,0,1852497,522645,28.21300115465774
10,9,0.02,xgboost,100,10,0.5,0.7751228213310242,True,0.724974358974359,0.5,9.813831614277162e-06,1.9627277990951825e-05,0.5347197425262424,0.2954187095804565,1,1,1852497,522645,28.21300115465774
10,9,0.02,xgboost,100,10,0.45,0.7751228213310242,True,0.724974358974359,0.5,9.813831614277162e-06,1.9627277990951825e-05,0.5347197425262424,0.2954187095804565,1,1,1852497,522645,28.21300115465774
10,9,0.02,xgboost,100,5,0.45,0.5313810110092163,True,0.724974358974359,0.5,9.813831614277162e-06,1.9627277990951825e-05,0.5378066866894702,0.297644175480985,1,1,1852497,522645,28.21300115465774
10,9,0.02,random_forest,200,10,0.5,0.60494469247724,True,0.724974358974359,0.5,9.813831614277162e-06,1.9627277990951825e-05,0.5343841882980637,0.29431697540796137,1,1,1852497,522645,28.21300115465774
10,9,0.02,random_forest,200,10,0.45,0.60494469247724,True,0.724974358974359,0.5,9.813831614277162e-06,1.9627277990951825e-05,0.5343841882980637,0.29431697540796137,1,1,1852497,522645,28.21300115465774
10,9,0.02,xgboost,200,10,0.5,0.8136801719665527,True,0.7249770580296896,1.0,9.813831614277162e-06,1.9627470607862765e-05,0.5331147613434901,0.2942855495363644,1,0,1852497,522645,28.21300115465774
15,6,0.015,random_forest,100,5,0.5,0.547432975271546,True,0.711856740865524,0.5,9.399202947590044e-06,1.8798052521758747e-05,0.5347686113951529,0.30916803532113013,1,1,1846162,546205,29.585973495283728
10,6,0.015,xgboost,100,5,0.5,0.5635589957237244,True,0.7115924426450743,0.5,9.358476440035562e-06,1.871660256230289e-05,0.5357090037010157,0.3110712489793995,1,1,1852497,548533,29.6104663057484
10,6,0.015,xgboost,100,5,0.45,0.5635589957237244,True,0.7115924426450743,0.5,9.358476440035562e-06,1.871660256230289e-05,0.5357090037010157,0.3110712489793995,1,1,1852497,548533,29.6104663057484
10,6,0.015,xgboost,200,15,0.5,0.81353360414505,True,0.7115924426450743,0.5,9.358476440035562e-06,1.871660256230289e-05,0.5220823556593425,0.30111184404041,1,1,1852497,548533,29.6104663057484
10,6,0.015,random_forest,100,10,0.5,0.6084337091532692,True,0.7115924426450743,0.5,9.358476440035562e-06,1.871660256230289e-05,0.53235973094248,0.3079285711329976,1,1,1852497,548533,29.6104663057484
10,6,0.015,xgboost,200,15,0.45,0.81353360414505,True,0.7115924426450743,0.5,9.358476440035562e-06,1.871660256230289e-05,0.5220823556593425,0.30111184404041,1,1,1852497,548533,29.6104663057484
10,6,0.015,random_forest,100,10,0.45,0.6084337091532692,True,0.7115924426450743,0.5,9.358476440035562e-06,1.871660256230289e-05,0.53235973094248,0.3079285711329976,1,1,1852497,548533,29.6104663057484
20,12,0.02,xgboost,100,10,0.5,0.7753384709358215,True,0.7046748580637973,0.5,9.20267982036369e-06,1.840502088969871e-05,0.5504426288494765,0.32657574650387994,1,1,1839733,557719,30.31521421858498
20,9,0.015,xgboost,200,5,0.45,0.6375951766967773,True,0.6849057065283859,0.5,8.625299729165588e-06,1.7250301880282906e-05,0.5506517751486507,0.34853450475366804,1,1,1839733,594146,32.29522979693249
20,9,0.015,random_forest,100,15,0.5,0.6455899847962813,True,0.68490842431111,1.0,8.625299729165588e-06,1.72504506680237e-05,0.5484280204077854,0.3465465247222845,1,0,1839733,594146,32.29522979693249
20,9,0.015,xgboost,200,5,0.5,0.6375951766967773,True,0.6849057065283859,0.5,8.625299729165588e-06,1.7250301880282906e-05,0.5506517751486507,0.34853450475366804,1,1,1839733,594146,32.29522979693249
10,9,0.015,random_forest,200,5,0.5,0.5378653208418384,True,0.6849365721997301,1.0,8.566631257924135e-06,1.71331157427634e-05,0.5288194831424291,0.3325606859264715,1,0,1852497,598190,32.29101045777672
10,9,0.015,xgboost,100,15,0.5,0.9008738994598389,True,0.6849365721997301,1.0,8.566631257924135e-06,1.71331157427634e-05,0.526486998677922,0.3313201260805289,1,0,1852497,598190,32.29101045777672
10,9,0.015,xgboost,100,15,0.45,0.9008738994598389,True,0.6849365721997301,1.0,8.566631257924135e-06,1.71331157427634e-05,0.526486998677922,0.3313201260805289,1,0,1852497,598190,32.29101045777672
10,9,0.015,random_forest,100,5,0.45,0.5419501535582709,True,0.6849365721997301,1.0,8.566631257924135e-06,1.71331157427634e-05,0.5288084981581346,0.3324432788121011,1,0,1852497,598190,32.29101045777672
10,9,0.015,random_forest,100,5,0.5,0.5419501535582709,True,0.6849365721997301,1.0,8.566631257924135e-06,1.71331157427634e-05,0.5288084981581346,0.3324432788121011,1,0,1852497,598190,32.29101045777672
10,9,0.015,random_forest,200,5,0.45,0.5378653208418384,True,0.6849365721997301,1.0,8.566631257924135e-06,1.71331157427634e-05,0.5288194831424291,0.3325606859264715,1,0,1852497,598190,32.29101045777672
10,12,0.015,xgboost,200,10,0.5,0.831659734249115,True,0.6686477732793522,0.5,8.14557776583093e-06,1.6290890134236934e-05,0.5317066021538066,0.3511476941418532,1,1,1852497,629336,33.97230872708566
10,12,0.015,xgboost,200,5,0.5,0.651727557182312,True,0.6686477732793522,0.5,8.14557776583093e-06,1.6290890134236934e-05,0.5362583805457608,0.35591997604509584,1,1,1852497,629336,33.97230872708566
