window_size,horizon,take_profit,stop_loss,classifier,n_estimators,max_depth,min_precision,threshold,met_constraints,accuracy,precision,recall,f1,roc_auc,pr_auc,win_rate,true_positives,false_positives,total_samples,buy_samples,buy_pct
30,12,0.01,0.008,xgboost,200,10,0.5,0.8142310976982117,True,0.5775030621598164,0.5000867980210051,0.22121753153256926,0.3067442200955664,0.5672697560105124,0.4771339654451548,0.5000867980210051,11523,11519,616392,264422,42.898350400394555
30,12,0.01,0.008,xgboost,100,10,0.5,0.8206924200057983,True,0.5774706154332855,0.5,0.18975215496553974,0.2751019385724425,0.5663230146164817,0.4748990219044048,0.5,9884,9884,616392,264422,42.898350400394555
30,12,0.01,0.008,xgboost,200,5,0.5,0.8207213282585144,True,0.5774949504781837,0.5000792267469498,0.18176582387836204,0.2666216102052885,0.5691364914347719,0.47559518389680394,0.5000792267469498,9468,9465,616392,264422,42.898350400394555
30,12,0.01,0.008,xgboost,200,15,0.5,0.7829249501228333,True,0.5774706154332855,0.5,0.17961565781642957,0.26429005240038983,0.5605162011723314,0.4723024657597347,0.5,9356,9356,616392,264422,42.898350400394555
30,12,0.01,0.008,random_forest,200,15,0.5,0.5388306711671507,True,0.5774787271149182,0.5000268514043285,0.17875175180940314,0.26335737519445623,0.56710307167632,0.4752876194707388,0.5000268514043285,9311,9310,616392,264422,42.898350400394555
30,12,0.01,0.008,random_forest,100,15,0.5,0.5400325274019914,True,0.5774787271149182,0.5000283237976548,0.16945996275605213,0.25313297582518424,0.5657940289674233,0.4732794616409498,0.5000283237976548,8827,8826,616392,264422,42.898350400394555
20,12,0.01,0.008,xgboost,200,15,0.5,0.7929182648658752,True,0.5779137646443093,0.5000298062593145,0.1600091564610278,0.24243825599375696,0.5621822701944919,0.4721379393851823,0.5000298062593145,8388,8387,620972,266109,42.85362302970182
30,6,0.01,0.008,xgboost,200,10,0.5,0.8192173838615417,True,0.5896056911558335,0.5001319609395619,0.14981125363163825,0.23055982236551945,0.5677590966409161,0.46426875568041237,0.5001319609395619,7580,7576,616392,254433,41.27779075653156
30,12,0.01,0.008,xgboost,100,5,0.5,0.8206695914268494,True,0.5775111738414491,0.5001624748164034,0.14774712511278773,0.2281107356689786,0.5667717440163834,0.4727708012653137,0.5001624748164034,7696,7691,616392,264422,42.898350400394555
20,12,0.01,0.008,xgboost,200,10,0.5,0.826641857624054,True,0.5779298683521881,0.500102746763477,0.13927358742512685,0.2178720102654392,0.5635775144566814,0.47162161232214705,0.500102746763477,7301,7298,620972,266109,42.85362302970182
30,12,0.01,0.008,random_forest,200,10,0.5,0.5371202979843869,True,0.5774706154332855,0.5,0.13027702585958648,0.20669803993237995,0.5620193536681094,0.46867422255554836,0.5,6786,6786,616392,264422,42.898350400394555
20,12,0.01,0.008,xgboost,100,10,0.5,0.8265751004219055,True,0.5779298683521881,0.5001104809604479,0.1295257716226012,0.20576069334383854,0.5639620930810094,0.4715962680530646,0.5001104809604479,6790,6787,620972,266109,42.85362302970182
30,6,0.01,0.008,xgboost,100,10,0.5,0.8207699060440063,True,0.5895732444293026,0.5,0.12868351878569875,0.20468727895754413,0.5688997165158103,0.4649070679273487,0.5,6511,6511,616392,254433,41.27779075653156
30,12,0.01,0.008,random_forest,100,10,0.5,0.5369381531859866,True,0.5774706154332855,0.5,0.12618787075966134,0.20151759025063232,0.5617409928538923,0.46799093220698795,0.5,6573,6573,616392,264422,42.898350400394555
20,12,0.01,0.008,xgboost,200,5,0.5,0.8240183591842651,True,0.5779540239140062,0.5002364811603343,0.1210560451718744,0.19493764207163483,0.5667951041759137,0.47112019254084464,0.5002364811603343,6346,6340,620972,266109,42.85362302970182
30,6,0.01,0.008,xgboost,200,5,0.5,0.8183049559593201,True,0.5895732444293026,0.5,0.12014546316975315,0.19373755079276553,0.5712749084970334,0.46476908284547963,0.5,6079,6079,616392,254433,41.27779075653156
15,12,0.01,0.008,xgboost,100,10,0.5,0.8281497359275818,True,0.5779724515254346,0.5001678133915086,0.11330330159092206,0.18475414154876102,0.5633313204430757,0.4694725581833163,0.5001678133915086,5961,5957,623262,267143,42.86207084661026
15,12,0.01,0.008,xgboost,200,10,0.5,0.8311541080474854,True,0.5779483847159715,0.500042542329618,0.11170667731082853,0.18261761232987384,0.5613334412600446,0.4691737058661605,0.500042542329618,5877,5876,623262,267143,42.86207084661026
30,12,0.01,0.008,xgboost,100,15,0.5,0.8268172740936279,True,0.5774787271149182,0.5000473260766682,0.10142256522490353,0.16864046988221024,0.5583966455178712,0.4677695127703366,0.5000473260766682,5283,5282,616392,264422,42.898350400394555
10,12,0.01,0.008,xgboost,100,10,0.5,0.8294468522071838,True,0.5778228932707755,0.5000472634464506,0.10015145778114351,0.1668796037792394,0.5606904238601766,0.46814981244077625,0.5000472634464506,5290,5289,625552,268278,42.88660255262552
30,6,0.01,0.008,xgboost,200,15,0.5,0.8082185387611389,True,0.5895732444293026,0.5,0.09935371662351523,0.16576808296648035,0.5640314377762334,0.4618906197805185,0.5,5027,5027,616392,254433,41.27779075653156
10,12,0.01,0.008,xgboost,200,5,0.5,0.8255582451820374,True,0.5778308861730783,0.5000953834414346,0.09926164331692541,0.16564514090736762,0.5646983017504806,0.4681033163785661,0.5000953834414346,5243,5241,625552,268278,42.88660255262552
20,12,0.01,0.008,xgboost,100,15,0.5,0.8278341293334961,True,0.5779218164982487,0.5000973141300117,0.09803136087902026,0.1639286739608919,0.5596412263052567,0.4680343585882021,0.5000973141300117,5139,5137,620972,266109,42.85362302970182
15,6,0.01,0.008,xgboost,200,15,0.5,0.8145620226860046,True,0.5899817894475062,0.5,0.0930933281158286,0.15696235938376274,0.5642652794406129,0.4583819220889377,0.5,4758,4758,623262,257084,41.24814283559723
30,6,0.01,0.008,xgboost,100,5,0.5,0.8167787790298462,True,0.5895732444293026,0.5,0.09257465857659546,0.15622446427082465,0.5692985085015925,0.4619962706149547,0.5,4684,4684,616392,254433,41.27779075653156
20,6,0.01,0.008,xgboost,200,5,0.5,0.8195863962173462,True,0.5899754418454849,0.5000544840361774,0.09011468070065196,0.1527096054974127,0.5698377728938007,0.4611631224858867,0.5000544840361774,4589,4588,620972,256073,41.23744709906405
20,12,0.01,0.008,random_forest,200,15,0.5,0.5445620855660718,True,0.5779137646443093,0.5000530729221951,0.08986684979588723,0.15235354041686205,0.567056401086724,0.4713846078645219,0.5000530729221951,4711,4710,620972,266109,42.85362302970182
30,6,0.01,0.008,random_forest,200,15,0.5,0.5489174680190796,True,0.5895732444293026,0.5,0.08668498132300334,0.1477538782866479,0.5685077794751373,0.46289961228288506,0.5,4386,4386,616392,254433,41.27779075653156
30,6,0.01,0.008,xgboost,100,15,0.5,0.8259087204933167,True,0.589589467792568,0.5001162790697674,0.08500503982449552,0.14531141780833487,0.5628236162441086,0.4589549532536619,0.5001162790697674,4301,4299,616392,254433,41.27779075653156
15,12,0.01,0.008,xgboost,200,15,0.5,0.8260055184364319,True,0.5779403624461505,0.5,0.08405086388778012,0.14391017817915547,0.5575101958783321,0.46641293134951234,0.5,4422,4422,623262,267143,42.86207084661026
20,6,0.01,0.008,xgboost,200,10,0.5,0.8302491903305054,True,0.5899673899915455,0.5,0.08312387086638913,0.1425492507156087,0.5652977160534112,0.4593169403731223,0.5,4233,4233,620972,256073,41.23744709906405
30,6,0.01,0.008,random_forest,100,15,0.5,0.5505439044317977,True,0.5895732444293026,0.5,0.08255430163843706,0.14171091245271497,0.5678706565285733,0.46218284950473776,0.5,4177,4177,616392,254433,41.27779075653156
20,12,0.01,0.008,xgboost,100,5,0.5,0.8244063854217529,True,0.5779137646443093,0.5000600600600601,0.079413223455801,0.13706026635060167,0.5661222338430727,0.46875037110701373,0.5000600600600601,4163,4162,620972,266109,42.85362302970182
15,12,0.01,0.008,xgboost,100,15,0.5,0.8359686136245728,True,0.5779403624461505,0.5,0.07496531143677178,0.13038232036893171,0.5576857097584165,0.46508400034063835,0.5,3944,3944,623262,267143,42.86207084661026
20,12,0.01,0.008,random_forest,100,15,0.5,0.547880826206488,True,0.5779459720600668,0.5003254784533264,0.07330891610392583,0.12788047185664608,0.5664280941303173,0.469946455605389,0.5003254784533264,3843,3838,620972,266109,42.85362302970182
10,12,0.01,0.008,xgboost,200,10,0.5,0.8383206129074097,True,0.5778308861730783,0.5001293661060802,0.07319197273759939,0.12769611890999175,0.5587274847617095,0.4659239102764575,0.5001293661060802,3866,3864,625552,268278,42.88660255262552
20,6,0.01,0.008,xgboost,100,10,0.5,0.8274617791175842,True,0.5899915455533636,0.5002043875187355,0.07208781713926636,0.12601479498137755,0.5666919973661477,0.4591622758485955,0.5002043875187355,3671,3668,620972,256073,41.23744709906405
15,6,0.01,0.008,xgboost,200,5,0.5,0.8217688202857971,True,0.5899898117173273,0.5000704324552754,0.06945803169634122,0.12197426514800117,0.5703894965485276,0.4602366719891514,0.5000704324552754,3550,3549,623262,257084,41.24814283559723
10,12,0.01,0.008,random_forest,200,15,0.5,0.5461964206392526,True,0.5778149003684728,0.5,0.06028019689511549,0.10758937622491045,0.564243956298236,0.4674818867557624,0.5,3184,3184,625552,268278,42.88660255262552
15,12,0.01,0.008,random_forest,100,15,0.5,0.5491402173007551,True,0.5779564069857925,0.5001593879502709,0.059645321320636366,0.1065806232487051,0.5638371935260895,0.46678213914417077,0.5001593879502709,3138,3136,623262,267143,42.86207084661026
10,12,0.01,0.008,xgboost,100,5,0.5,0.8260846734046936,True,0.577838879075381,0.5002427577277877,0.05851950018932223,0.10478143697350803,0.5633912098746467,0.4660184952239723,0.5002427577277877,3091,3088,625552,268278,42.88660255262552
20,6,0.01,0.008,xgboost,200,15,0.5,0.832405149936676,True,0.5899673899915455,0.5,0.05669232581886733,0.10183780733006455,0.5611022303813034,0.4564655380212347,0.5,2887,2887,620972,256073,41.23744709906405
15,12,0.01,0.008,random_forest,200,15,0.5,0.5486848715995366,True,0.5779403624461505,0.5,0.056261998441390584,0.10114298405972903,0.5649141441382228,0.46795720121625073,0.5,2960,2960,623262,267143,42.86207084661026
20,6,0.01,0.008,random_forest,200,15,0.5,0.553090859818153,True,0.5899754418454849,0.5000896860986547,0.05474825229754143,0.09869201224800439,0.5683099622868613,0.45973242193254943,0.5000896860986547,2788,2787,620972,256073,41.23744709906405
15,6,0.01,0.008,xgboost,200,10,0.5,0.8382610082626343,True,0.5900459676060744,0.5007754943776658,0.0505380551751125,0.09181062060140754,0.5653018872415645,0.4582106624812023,0.5007754943776658,2583,2575,623262,257084,41.24814283559723
10,12,0.01,0.008,xgboost,200,15,0.5,0.8442249894142151,True,0.5778149003684728,0.5,0.05030291556228701,0.09140950218460797,0.5542001757003285,0.46317539536782204,0.5,2657,2657,625552,268278,42.88660255262552
10,12,0.01,0.008,xgboost,200,5,0.55,0.832604706287384,False,0.5791497150530329,0.5165379283026342,0.04937523665278304,0.0901346143876687,0.5646983017504806,0.4681033163785661,0.5165379283026342,2608,2441,625552,268278,42.88660255262552
15,6,0.01,0.008,xgboost,100,15,0.5,0.8393402099609375,True,0.5899817894475062,0.5,0.049344550968499316,0.08982441143996865,0.5631815453456657,0.45587009921148325,0.5,2522,2522,623262,257084,41.24814283559723
10,12,0.01,0.008,random_forest,100,15,0.5,0.5491530273560634,True,0.5778149003684728,0.5,0.04558879212419538,0.08355888680685683,0.5636926402640269,0.46711453629281713,0.5,2408,2408,625552,268278,42.88660255262552
10,6,0.01,0.008,xgboost,100,15,0.5,0.8412951827049255,True,0.5898681970410276,0.5003419193070435,0.042775017051544385,0.07881225090661018,0.5582759265244606,0.4531127813030377,0.5003419193070435,2195,2192,625552,258184,41.272987697265776
20,6,0.01,0.008,xgboost,100,15,0.5,0.8442437052726746,True,0.5899754418454849,0.5001205690860864,0.04072735841646375,0.07532094931996877,0.5592746448251267,0.45369843327315523,0.5001205690860864,2074,2073,620972,256073,41.23744709906405
15,6,0.01,0.008,random_forest,200,15,0.5,0.5558452074162122,True,0.5899898117173273,0.50012027904739,0.04067697123850519,0.0752347693922232,0.568034793540727,0.45894146354677273,0.50012027904739,2079,2078,623262,257084,41.24814283559723
20,6,0.01,0.008,random_forest,100,15,0.5,0.5572202602717903,True,0.5899673899915455,0.5,0.03980441442149085,0.07373858634362836,0.5679371737833258,0.4585839913694057,0.5,2027,2027,620972,256073,41.23744709906405
20,3,0.01,0.008,xgboost,200,10,0.5,0.8302997350692749,True,0.6204436571520593,0.5,0.03937291839029254,0.07299758116851193,0.5759507213127603,0.43684152616356997,0.5,1856,1856,620972,232849,37.49750391321992
15,6,0.01,0.008,random_forest,100,15,0.5,0.5573823482323096,True,0.5899817894475062,0.5,0.03924867931911563,0.07278400638583506,0.567398438323675,0.45854919444926456,0.5,2006,2006,623262,257084,41.24814283559723
30,6,0.01,0.008,random_forest,100,10,0.5,0.5466734529905742,True,0.5895975794742008,0.5003794586390083,0.03909322687115837,0.07252062328139322,0.5639478650395144,0.45582931912386726,0.5003794586390083,1978,1975,616392,254433,41.27779075653156
10,6,0.01,0.008,xgboost,200,5,0.5,0.826431930065155,True,0.5898602041387249,0.5002507522567703,0.038877521192633734,0.07214798473862177,0.5676242675512497,0.4572402369045566,0.5002507522567703,1995,1993,625552,258184,41.272987697265776
20,6,0.01,0.008,xgboost,100,5,0.5,0.8212816119194031,True,0.5899673899915455,0.5,0.03856727672610164,0.07161088018668417,0.5685966745979482,0.4588241294619532,0.5,1964,1964,620972,256073,41.23744709906405
15,6,0.01,0.008,xgboost,100,10,0.5,0.8350468277931213,True,0.5900058562569693,0.5003827507017096,0.03836822539620426,0.07127151138490614,0.5655336166504096,0.45752930600373276,0.5003827507017096,1961,1958,623262,257084,41.24814283559723
30,3,0.01,0.008,xgboost,100,15,0.5,0.8321093916893005,True,0.6201461725030216,0.5004319032536712,0.037112169289573144,0.0690998727735369,0.5733212451659606,0.4339695145610829,0.5004319032536712,1738,1735,616392,231335,37.530500071383145
15,12,0.01,0.008,xgboost,200,5,0.5,0.835357666015625,True,0.5779403624461505,0.5,0.03710250708026838,0.06907900557374148,0.5655960091761472,0.46803608869957414,0.5,1952,1952,623262,267143,42.86207084661026
10,6,0.01,0.008,xgboost,200,15,0.5,0.84629225730896,True,0.5898442183341193,0.5,0.03671441099093832,0.06840586024726322,0.5576461136979016,0.4527393036656023,0.5,1884,1884,625552,258184,41.272987697265776
30,6,0.01,0.008,random_forest,200,10,0.5,0.5467359766463374,True,0.5895732444293026,0.5,0.036464612526434376,0.0679720743456076,0.564090782038629,0.45605575697803435,0.5,1845,1845,616392,254433,41.27779075653156
30,12,0.005,0.003,xgboost,200,15,0.5,0.8044424057006836,True,0.653452737286967,0.5001649620587265,0.03548439950378016,0.06626743017003978,0.5685229734600524,0.4028234099373422,0.5001649620587265,1516,1515,616392,220054,35.70033355397214
30,3,0.01,0.008,xgboost,200,15,0.5,0.830143392086029,True,0.6201299491397562,0.5001521143900213,0.03510495184813478,0.06560517179456482,0.5751554036928328,0.43677990110882764,0.5001521143900213,1644,1643,616392,231335,37.530500071383145
15,6,0.01,0.008,xgboost,100,5,0.5,0.822379469871521,True,0.5900138785267903,0.5005763688760807,0.033985521424378794,0.06364968853059728,0.5695061857166722,0.4588324237924795,0.5005763688760807,1737,1733,623262,257084,41.24814283559723
30,3,0.01,0.008,xgboost,200,5,0.5,0.8169140219688416,True,0.6201299491397562,0.5001621796951021,0.03292690739040379,0.061786272388508236,0.5783229751447942,0.4364174640787798,0.5001621796951021,1542,1541,616392,231335,37.530500071383145
10,12,0.01,0.008,xgboost,100,15,0.5,0.8531122207641602,True,0.5778228932707755,0.5001470155836518,0.03220371071563802,0.06051119688372672,0.5550277371688224,0.4620906941059443,0.5001470155836518,1701,1700,625552,268278,42.88660255262552
15,12,0.01,0.008,xgboost,100,5,0.5,0.8311304450035095,True,0.5779483847159715,0.5001491201908739,0.03187546330615271,0.059931384461439495,0.5653302510213505,0.4676678963879614,0.5001491201908739,1677,1676,623262,267143,42.86207084661026
30,12,0.005,0.003,xgboost,200,10,0.5,0.8279489278793335,True,0.6534446256053342,0.5,0.03183297053109566,0.05985520322161829,0.5783117896648302,0.4087272652908628,0.5,1360,1360,616392,220054,35.70033355397214
30,12,0.01,0.008,xgboost,200,10,0.55,0.8574916124343872,True,0.5799122316047339,0.5502504173622704,0.031638157768434795,0.05983588700893181,0.5672697560105124,0.4771339654451548,0.5502504173622704,1648,1347,616392,264422,42.898350400394555
20,12,0.01,0.008,random_forest,100,10,0.5,0.543517480051895,True,0.57790571279037,0.5,0.03137995498073328,0.05905370476737507,0.5621774163535187,0.4658748988746219,0.5,1645,1645,620972,266109,42.85362302970182
20,3,0.01,0.008,xgboost,100,15,0.5,0.8345069885253906,True,0.6204517090059987,0.5001736714136853,0.030547953923502832,0.05757927146227358,0.5692989512467774,0.4295729955835245,0.5001736714136853,1440,1439,620972,232849,37.49750391321992
10,3,0.01,0.008,xgboost,200,10,0.5,0.8322117328643799,True,0.6203051690099192,0.5,0.02995537217918491,0.056524329692154915,0.5719148635161773,0.4314460772772255,0.5,1423,1423,625552,234823,37.53852597385989
15,3,0.01,0.008,xgboost,200,10,0.5,0.8323981165885925,True,0.6204664147673943,0.5007077140835102,0.029906581561482858,0.05644196250498604,0.5741232001111312,0.4326531990590867,0.5007077140835102,1415,1411,623262,233784,37.50974710474889
15,3,0.01,0.008,xgboost,200,15,0.5,0.8343273997306824,True,0.6204503702277523,0.5003551136363636,0.02977976920150484,0.056213844005585475,0.5699319347036148,0.4311944605753879,0.5003551136363636,1409,1407,623262,233784,37.50974710474889
30,3,0.01,0.008,xgboost,200,10,0.5,0.8365222811698914,True,0.6201380608213889,0.5003597122302158,0.029702547457880465,0.056076273407107295,0.5746584258247098,0.43524951427813796,0.5003597122302158,1391,1389,616392,231335,37.530500071383145
10,6,0.01,0.008,xgboost,100,10,0.5,0.8373624086380005,True,0.5898522112364221,0.5001679543164259,0.029016856669589787,0.05485154350548884,0.5636417380357701,0.4548811275913928,0.5001679543164259,1489,1488,625552,258184,41.272987697265776
30,12,0.005,0.003,xgboost,100,10,0.5,0.8269054293632507,True,0.6534446256053342,0.5,0.028743299861901085,0.05436153965337878,0.578930546121119,0.4082725296945103,0.5,1228,1228,616392,220054,35.70033355397214
20,12,0.01,0.008,xgboost,200,15,0.55,0.8631380200386047,True,0.5800958170618785,0.55,0.028537636870016404,0.05425991077581517,0.5621822701944919,0.4721379393851823,0.55,1496,1224,620972,266109,42.85362302970182
20,3,0.01,0.008,xgboost,100,10,0.5,0.8270440101623535,True,0.6204436571520593,0.5,0.028511423661935976,0.05394665542778012,0.5780497393442039,0.43677750907338775,0.5,1344,1344,620972,232849,37.49750391321992
10,3,0.01,0.008,xgboost,200,5,0.5,0.8164679408073425,True,0.6203051690099192,0.5,0.028271303469181542,0.053516636780235105,0.5761627571434822,0.43344750058853904,0.5,1343,1343,625552,234823,37.53852597385989
30,6,0.01,0.008,xgboost,200,15,0.55,0.8584898114204407,True,0.5916579466089115,0.5504515115822536,0.027709152716564222,0.052762306186963724,0.5640314377762334,0.4618906197805185,0.5504515115822536,1402,1145,616392,254433,41.27779075653156
10,3,0.01,0.008,xgboost,200,15,0.5,0.8368999361991882,True,0.620313161912222,0.500190186382655,0.027681879420680365,0.05246045518919674,0.567800954521951,0.42929875936417894,0.500190186382655,1315,1314,625552,234823,37.53852597385989
30,3,0.01,0.008,xgboost,100,10,0.5,0.8290959000587463,True,0.6201380608213889,0.500388198757764,0.027524503000149473,0.052178841054911246,0.575507624641579,0.43559094024238004,0.500388198757764,1289,1287,616392,231335,37.530500071383145
10,6,0.01,0.008,xgboost,200,10,0.5,0.8475132584571838,True,0.5898602041387249,0.5003796507213364,0.025684497710221185,0.04886096127824427,0.5640177447711349,0.45592916612829915,0.5003796507213364,1318,1316,625552,258184,41.272987697265776
10,3,0.01,0.008,xgboost,100,10,0.5,0.8262492418289185,True,0.6203051690099192,0.5,0.02481896261367464,0.04729052184027917,0.5746399005474825,0.43327461842007114,0.5,1179,1179,625552,234823,37.53852597385989
20,6,0.01,0.008,random_forest,200,10,0.5,0.5511339578723143,True,0.5899754418454849,0.5001994415636218,0.024624931270128034,0.04693904287773016,0.5647277747120749,0.4543814178152636,0.5001994415636218,1254,1253,620972,256073,41.23744709906405
30,6,0.01,0.008,random_forest,200,5,0.5,0.5339215603185772,True,0.5895975794742008,0.5006358626536668,0.0233413048204439,0.04460306669688043,0.5569317555726199,0.44797509626736387,0.5006358626536668,1181,1178,616392,254433,41.27779075653156
30,12,0.01,0.008,xgboost,200,15,0.55,0.871178388595581,True,0.5792227386659529,0.5502325581395349,0.022711129029161628,0.0436217481885728,0.5605162011723314,0.4723024657597347,0.5502325581395349,1183,967,616392,264422,42.898350400394555
20,3,0.01,0.008,xgboost,200,5,0.5,0.8185228109359741,True,0.6204436571520593,0.5,0.022529116018583338,0.04311552280616284,0.5800009359744391,0.436069661511032,0.5,1062,1062,620972,232849,37.49750391321992
10,3,0.01,0.008,xgboost,100,15,0.5,0.8403417468070984,True,0.6203211548145247,0.5004748338081672,0.022187605254294376,0.0424914331787946,0.5692155985766789,0.42894682844670756,0.5004748338081672,1054,1052,625552,234823,37.53852597385989
20,3,0.01,0.008,random_forest,100,15,0.5,0.5759271669496797,True,0.6204436571520593,0.5,0.02212605273764823,0.04237684103605891,0.5767841075540959,0.43419731188313665,0.5,1043,1043,620972,232849,37.49750391321992
20,12,0.005,0.003,xgboost,100,15,0.5,0.8290413618087769,True,0.6537058657755949,0.5,0.021577380952380952,0.04136947218259629,0.5639708712028983,0.39722817226997137,0.5,928,928,620972,221474,35.66569829235456
30,12,0.01,0.008,xgboost,100,10,0.55,0.8539789319038391,True,0.5791416218496257,0.5506889763779528,0.021482462708057364,0.041351785813270266,0.5663230146164817,0.4748990219044048,0.5506889763779528,1119,913,616392,264422,42.898350400394555
20,12,0.01,0.008,random_forest,200,10,0.5,0.5450380886977184,True,0.5779137646443093,0.5002296738631143,0.020773720956850178,0.0398908404915841,0.5623116510698252,0.4650493726178508,0.5002296738631143,1089,1088,620972,266109,42.85362302970182
20,3,0.01,0.008,xgboost,200,15,0.5,0.8458496928215027,True,0.6204436571520593,0.5,0.020725938182821018,0.03980200843297415,0.5703168152590303,0.43103311745341366,0.5,977,977,620972,232849,37.49750391321992
10,6,0.01,0.008,random_forest,100,15,0.5,0.5636322779252645,True,0.5898442183341193,0.5,0.020403390821397253,0.0392068752457451,0.5669049052997921,0.4566841814459213,0.5,1047,1047,625552,258184,41.272987697265776
15,12,0.01,0.008,random_forest,100,10,0.5,0.5467036674533925,True,0.5779403624461505,0.5,0.020223907547851208,0.0388753904894134,0.5611797030023042,0.46393689859753523,0.5,1064,1064,623262,267143,42.86207084661026
15,6,0.005,0.003,random_forest,200,10,0.5,0.5685504631464219,False,0.6555076893456234,0.4541644840230487,0.020272640119718476,0.03881278538812785,0.5754214703102993,0.39557471611498646,0.4541644840230487,867,1042,623262,219616,35.236545786523166
15,6,0.005,0.003,random_forest,200,10,0.55,0.5685504631464219,False,0.6555076893456234,0.4541644840230487,0.020272640119718476,0.03881278538812785,0.5754214703102993,0.39557471611498646,0.4541644840230487,867,1042,623262,219616,35.236545786523166
30,12,0.01,0.008,xgboost,200,5,0.55,0.8452047109603882,True,0.5789712765353385,0.550027041644132,0.019524275758797442,0.03770996329118618,0.5691364914347719,0.47559518389680394,0.550027041644132,1017,832,616392,264422,42.898350400394555
30,12,0.015,0.008,xgboost,200,5,0.5,0.8081538081169128,True,0.6358179414174352,0.5,0.019378118317890235,0.03731023243845956,0.5597233118589369,0.4089858702932695,0.5,870,870,616392,224736,36.45991511895028
20,3,0.01,0.008,random_forest,200,15,0.5,0.5754586416154498,True,0.6204678127138774,0.5008282716731087,0.019240968200428518,0.0370582226762002,0.5774869162238185,0.43506841251192846,0.5008282716731087,907,904,620972,232849,37.49750391321992
20,12,0.01,0.008,xgboost,100,10,0.55,0.8517290353775024,True,0.5793630983533958,0.5500830105146652,0.018961504711762237,0.036659352007228606,0.5639620930810094,0.4715962680530646,0.5500830105146652,994,813,620972,266109,42.85362302970182
30,6,0.01,0.008,xgboost,100,10,0.55,0.8476870656013489,True,0.5909927887150285,0.550316273720529,0.018914164871435064,0.03657138489758484,0.5688997165158103,0.4649070679273487,0.550316273720529,957,782,616392,254433,41.27779075653156
15,3,0.01,0.008,xgboost,100,15,0.5,0.843095064163208,True,0.6204343256881102,0.5,0.01895844781671387,0.03653172599169178,0.5685820053613726,0.4277949094428833,0.5,897,897,623262,233784,37.50974710474889
30,3,0.01,0.008,random_forest,200,15,0.5,0.5803498521261098,True,0.6201461725030216,0.5008469791078487,0.018940445431444984,0.03650055553269413,0.576483182195549,0.43453702759688756,0.5008469791078487,887,884,616392,231335,37.530500071383145
10,6,0.01,0.008,random_forest,200,15,0.5,0.5629593999852874,True,0.5898442183341193,0.5,0.018902854915716652,0.03642850436578725,0.5674357801390454,0.456942185888335,0.5,970,970,625552,258184,41.272987697265776
30,6,0.01,0.008,xgboost,100,15,0.55,0.862305760383606,True,0.5909765653517631,0.550028918449971,0.018795580765658043,0.036349042540993005,0.5628236162441086,0.4589549532536619,0.550028918449971,951,778,616392,254433,41.27779075653156
30,6,0.01,0.008,random_forest,100,15,0.55,0.5682548845844978,True,0.5909846770333957,0.5506402793946449,0.018696760677510523,0.03616553569721877,0.5678706565285733,0.46218284950473787,0.5506402793946449,946,772,616392,254433,41.27779075653156
15,12,0.005,0.003,xgboost,200,10,0.5,0.8369035124778748,True,0.6537668567944614,0.5003123048094941,0.01855885078776645,0.03579008511874176,0.5767139137885096,0.40541946541753876,0.5003123048094941,801,800,623262,222291,35.66573928781155
30,6,0.01,0.008,xgboost,200,5,0.55,0.8377748131752014,True,0.5909684536701304,0.5516206482593037,0.018163132201513922,0.03516828348927539,0.5712749084970334,0.46476908284547963,0.5516206482593037,919,747,616392,254433,41.27779075653156
10,3,0.01,0.008,xgboost,100,5,0.5,0.812481164932251,True,0.6203051690099192,0.5,0.01801953519703604,0.034785435630689206,0.5742545125324923,0.43045416977169704,0.5,856,856,625552,234823,37.53852597385989
20,6,0.01,0.008,random_forest,100,10,0.5,0.5538027334353496,True,0.5899754418454849,0.500276090557703,0.017791218286073364,0.034360481653550774,0.5645034771011433,0.453894519424144,0.500276090557703,906,905,620972,256073,41.23744709906405
30,6,0.015,0.008,xgboost,100,15,0.5,0.8247315883636475,True,0.6545721493522823,0.500330906684315,0.017752729834448748,0.034288824383164,0.5665228804032497,0.3953588142733304,0.500330906684315,756,755,616392,209698,34.02023387714312
30,6,0.01,0.008,random_forest,200,15,0.55,0.566479971255595,True,0.5908954485354359,0.5502776064157927,0.017629503725517325,0.03416446436094833,0.5685077794751373,0.46289961228288506,0.5502776064157927,892,729,616392,254433,41.27779075653156
15,12,0.005,0.003,xgboost,200,15,0.5,0.8337687849998474,True,0.6537829013341034,0.5009848982271832,0.01767840593141798,0.03415169079963297,0.5653451641149732,0.39887559839041137,0.5009848982271832,763,760,623262,222291,35.66573928781155
15,3,0.01,0.008,xgboost,100,10,0.5,0.8301998376846313,True,0.6204343256881102,0.5,0.017648053430274337,0.03409276498448473,0.5754514701775392,0.4328838438539592,0.5,835,835,623262,233784,37.50974710474889
15,3,0.01,0.008,xgboost,200,5,0.5,0.8203164935112,True,0.6204423479579312,0.5003010234798314,0.01756351185695566,0.03393568147013783,0.5785270371986524,0.43394879011742304,0.5003010234798314,831,830,623262,233784,37.50974710474889
30,6,0.015,0.008,xgboost,200,15,0.5,0.82530677318573,True,0.6545640376706495,0.5,0.01744745802512622,0.03371831816841007,0.5676428374889282,0.3981236901447095,0.5,743,743,616392,209698,34.02023387714312
15,6,0.01,0.008,random_forest,100,10,0.5,0.5566887312569367,True,0.5899817894475062,0.5,0.017335159459988262,0.033508566241821414,0.5640577602632542,0.45351649883274686,0.5,886,886,623262,257084,41.24814283559723
30,6,0.01,0.008,xgboost,200,10,0.55,0.8597416281700134,True,0.590863001808905,0.5500314663310258,0.017273751408186256,0.0334955735254666,0.5677590966409161,0.46426875568041237,0.5500314663310258,874,715,616392,254433,41.27779075653156
10,3,0.01,0.008,random_forest,100,15,0.5,0.5835384514440023,True,0.6203051690099192,0.5,0.017093297406534185,0.0330565054551376,0.5749254791946588,0.43129338768769604,0.5,812,812,625552,234823,37.53852597385989
15,6,0.005,0.003,random_forest,100,10,0.55,0.5699016748912905,False,0.6555157116154444,0.4468864468864469,0.017116000654710407,0.03296926021844387,0.5752363767739503,0.3951527994306171,0.4468864468864469,732,906,623262,219616,35.236545786523166
15,6,0.005,0.003,random_forest,100,10,0.5,0.5699016748912904,False,0.6555157116154444,0.4468864468864469,0.017116000654710407,0.03296926021844387,0.5752363767739503,0.3951527994306171,0.4468864468864469,732,906,623262,219616,35.236545786523166
30,12,0.01,0.005,xgboost,100,10,0.5,0.818830668926239,True,0.6463225691318067,0.5,0.017040893557487214,0.03295850245081731,0.5607003832670945,0.4015597341370259,0.5,743,743,616392,220790,35.81973808874872
30,12,0.005,0.003,xgboost,200,5,0.5,0.8329169154167175,True,0.6534446256053342,0.5,0.017016595276548932,0.032913054304275983,0.5884890777534679,0.4128519103770376,0.5,727,727,616392,220054,35.70033355397214
20,12,0.005,0.003,xgboost,200,15,0.5,0.8361690044403076,True,0.6537058657755949,0.5,0.016787574404761904,0.032484477638801405,0.5646244970046738,0.39589063420980486,0.5,722,722,620972,221474,35.66569829235456
30,12,0.015,0.008,random_forest,200,15,0.5,0.5607036896200601,True,0.6358179414174352,0.5,0.01674982181040627,0.032413793103448274,0.559528451019547,0.4095094840908693,0.5,752,752,616392,224736,36.45991511895028
20,12,0.01,0.008,random_forest,200,15,0.55,0.5607868690922724,True,0.5791859575667297,0.5500945179584121,0.01665331349433444,0.032327945342442925,0.567056401086724,0.4713846078645219,0.5500945179584121,873,714,620972,266109,42.85362302970182
30,6,0.01,0.005,xgboost,200,15,0.5,0.8203199505805969,True,0.6542963521767697,0.5010615711252654,0.016611529527697615,0.03215696961438888,0.5602413164264689,0.3943095018582134,0.5010615711252654,708,705,616392,214290,34.765214344118675
20,12,0.005,0.003,xgboost,200,10,0.5,0.8404536247253418,True,0.6537058657755949,0.5,0.016462053571428572,0.031874662344678555,0.5774305010165482,0.40722242788065516,0.5,708,708,620972,221474,35.66569829235456
10,12,0.01,0.008,xgboost,100,5,0.55,0.8349031209945679,False,0.5781905667767023,0.5139797739440809,0.016357440363498676,0.03170584025981175,0.5633912098746467,0.4660184952239723,0.5139797739440809,864,817,625552,268278,42.88660255262552
30,3,0.01,0.008,random_forest,100,15,0.5,0.5838494837099801,True,0.6201299491397562,0.5003282994090611,0.016271273301872693,0.03151755800967862,0.57534595705313,0.4331013798602005,0.5003282994090611,762,761,616392,231335,37.530500071383145
10,6,0.01,0.008,xgboost,100,5,0.5,0.82635098695755,True,0.5898442183341193,0.5,0.01564844587352626,0.03034712118062773,0.5663964128323989,0.45580482868308825,0.5,803,803,625552,258184,41.272987697265776
15,12,0.01,0.008,random_forest,200,10,0.5,0.5490835184654372,True,0.5779804737952556,0.5015253203172666,0.015624109026629413,0.03030414746543779,0.5616267607451648,0.46390941876201536,0.5015253203172666,822,817,623262,267143,42.86207084661026
20,3,0.01,0.008,random_forest,200,10,0.5,0.5699234811052593,True,0.6204436571520593,0.5,0.015592184815121236,0.030241313337036353,0.5727325356416583,0.42863205645186286,0.5,735,735,620972,232849,37.49750391321992
30,12,0.01,0.008,random_forest,200,15,0.55,0.5634257053979249,True,0.5786630326332952,0.5503080082135524,0.015435120658872314,0.030028011204481793,0.56710307167632,0.4752876194707388,0.5503080082135524,804,657,616392,264422,42.898350400394555
20,3,0.01,0.008,xgboost,100,5,0.5,0.8140274286270142,True,0.6204517090059987,0.5003450655624568,0.015380046246208022,0.029842759529101835,0.5781601854182272,0.43447928259081553,0.5003450655624568,725,724,620972,232849,37.49750391321992
10,3,0.01,0.008,random_forest,200,15,0.5,0.5833698758595897,True,0.6203051690099192,0.5,0.015177669248905356,0.02946103869570547,0.5757886769770724,0.43206495994123795,0.5,721,721,625552,234823,37.53852597385989
20,12,0.005,0.003,random_forest,200,15,0.5,0.6012611937137664,True,0.6537461250452917,0.5019669551534225,0.014834449404761904,0.028817272296122316,0.5806377691042637,0.4071390679367158,0.5019669551534225,638,633,620972,221474,35.66569829235456
20,12,0.01,0.005,xgboost,200,15,0.5,0.8309855461120605,True,0.6466524417247071,0.5007961783439491,0.014332588980540491,0.027867617739577334,0.551625251399387,0.39468398976881114,0.5007961783439491,629,627,620972,222184,35.78003517066792
20,12,0.01,0.008,xgboost,100,15,0.55,0.8722929358482361,True,0.5790007649261243,0.5501474926253688,0.014230666514058982,0.027743687009557812,0.5596412263052567,0.4680343585882021,0.5501474926253688,746,610,620972,266109,42.85362302970182
15,3,0.01,0.008,random_forest,200,15,0.5,0.5809020813144334,True,0.6204343256881102,0.5,0.01422411971086782,0.027661323468968352,0.5757830306868296,0.43173712792511276,0.5,673,673,623262,233784,37.50974710474889
30,6,0.01,0.005,xgboost,200,10,0.5,0.8277834057807922,True,0.6542801288135043,0.5004226542688082,0.013889866497735858,0.027029495023285544,0.5645860271464014,0.39649795596107373,0.5004226542688082,592,591,616392,214290,34.765214344118675
10,12,0.005,0.003,random_forest,200,15,0.5,0.599378678949256,True,0.6536755361239219,0.5,0.01387061783101387,0.026992432238216076,0.5786480133764426,0.4046912085944246,0.5,601,601,625552,223222,35.68400388776632
15,12,0.005,0.003,random_forest,100,15,0.5,0.6057049082183683,True,0.6537668567944614,0.5004226542688082,0.013716404077849862,0.026700944906749655,0.5789139738253928,0.40553075749492823,0.5004226542688082,592,591,623262,222291,35.66573928781155
30,12,0.015,0.008,xgboost,100,10,0.5,0.824971079826355,True,0.6358179414174352,0.5,0.013497861724875267,0.026286110870130996,0.5583800752048609,0.40925300283155586,0.5,606,606,616392,224736,36.45991511895028
30,3,0.01,0.008,xgboost,100,5,0.5,0.8164222240447998,True,0.6201380608213889,0.5007936507936508,0.013473980910080929,0.026241916366887774,0.5778770105580964,0.4350863466264614,0.5007936507936508,631,629,616392,231335,37.530500071383145
30,6,0.01,0.005,xgboost,100,10,0.5,0.816963791847229,True,0.6542801288135043,0.5004366812227075,0.013444076863517984,0.02618470959192067,0.5654924229012226,0.39675008364716,0.5004366812227075,573,572,616392,214290,34.765214344118675
30,12,0.01,0.005,random_forest,200,15,0.5,0.5574311050741536,True,0.6463387924950722,0.5008547008547009,0.013440058714249673,0.026177659645752832,0.5609756237273179,0.4002225539845,0.5008547008547009,586,584,616392,220790,35.81973808874872
10,3,0.01,0.008,random_forest,100,10,0.5,0.5732251033211724,True,0.6203211548145247,0.5008116883116883,0.012988379925900977,0.025320091923834536,0.5706456464828535,0.42629543329081865,0.5008116883116883,617,615,625552,234823,37.53852597385989
10,12,0.01,0.008,random_forest,200,5,0.5,0.5260895228551563,True,0.5778628577822893,0.5022091310751104,0.012911775842483908,0.025176270811030306,0.5560151922581862,0.4590658280392966,0.5022091310751104,682,676,625552,268278,42.88660255262552
30,6,0.015,0.008,xgboost,100,10,0.5,0.8189659714698792,True,0.6545964843971804,0.501834862385321,0.012844898438417284,0.025048654836863193,0.5685543217274889,0.3961859955944226,0.501834862385321,547,543,616392,209698,34.02023387714312
10,12,0.01,0.008,random_forest,100,10,0.5,0.5431367505723382,True,0.5778149003684728,0.5,0.012760318061340401,0.024885541278983903,0.5610205771950215,0.46349982073163787,0.5,674,674,625552,268278,42.88660255262552
30,12,0.005,0.003,random_forest,100,15,0.5,0.6039175209650809,True,0.653452737286967,0.5004633920296571,0.012639561828523278,0.02465640838317885,0.5786448046875191,0.4072203807388647,0.5004633920296571,540,539,616392,220054,35.70033355397214
20,12,0.01,0.008,xgboost,200,10,0.55,0.8675005435943604,True,0.5788719352630943,0.5500834724540902,0.012571057952767922,0.024580380455054084,0.5635775144566814,0.47162161232214705,0.5500834724540902,659,539,620972,266109,42.85362302970182
20,6,0.01,0.008,xgboost,200,15,0.55,0.8767156004905701,True,0.5909014050485124,0.5500863557858376,0.012508836697824209,0.02446142621251104,0.5611022303813034,0.4564655380212347,0.5500863557858376,637,521,620972,256073,41.23744709906405
10,3,0.01,0.008,random_forest,200,10,0.5,0.5738412171892836,True,0.6203051690099192,0.5,0.012377905018524756,0.024157764995891538,0.5708465889159744,0.4263163922635438,0.5,588,588,625552,234823,37.53852597385989
20,6,0.015,0.008,xgboost,200,15,0.5,0.8336880207061768,True,0.6549216957204397,0.5004784688995215,0.012203089271547903,0.02382525112179122,0.562237620175817,0.39116853967805226,0.5004784688995215,523,522,620972,211055,33.98784486257029
10,12,0.005,0.003,xgboost,100,10,0.5,0.8352881073951721,True,0.653707507733133,0.501937984496124,0.011955041658011955,0.0233538468474561,0.5780500185414141,0.4041955258375441,0.501937984496124,518,514,625552,223222,35.68400388776632
30,6,0.01,0.005,random_forest,200,15,0.5,0.5627179252607959,True,0.654288240495137,0.5009861932938856,0.011919007062246311,0.023284060960238342,0.5627828110110709,0.39304890749091953,0.5009861932938856,508,506,616392,214290,34.765214344118675
30,12,0.005,0.003,random_forest,200,15,0.5,0.6032922775603337,True,0.653452737286967,0.5004926108374385,0.01189055075720338,0.023229228588412823,0.5797335589139226,0.40828300733598194,0.5004926108374385,508,507,616392,220054,35.70033355397214
30,3,0.015,0.008,xgboost,200,15,0.5,0.8143711090087891,True,0.6989430478832567,0.5011363636363636,0.011881668283220174,0.023212969786293294,0.5928796576528548,0.36726433683782095,0.5011363636363636,441,439,616392,178995,29.03915041077756
20,12,0.01,0.008,random_forest,200,5,0.5,0.5300626219112876,True,0.5779379202061274,0.5016129032258064,0.011865247415207355,0.023182140061868733,0.5563674096390346,0.45860521084247863,0.5016129032258064,622,618,620972,266109,42.85362302970182
30,12,0.015,0.008,xgboost,100,5,0.5,0.8031549453735352,True,0.6358179414174352,0.5,0.01173823948681397,0.0229379760609358,0.5569855126822624,0.40621704264734576,0.5,527,527,616392,224736,36.45991511895028
10,12,0.015,0.008,random_forest,100,15,0.5,0.5664274853673232,True,0.6361471013739799,0.5,0.01170862440138834,0.022881428694084313,0.5563589600440502,0.4043689855733246,0.5,533,533,625552,228088,36.46187687034811
30,3,0.015,0.008,xgboost,100,15,0.5,0.818017840385437,True,0.6989268245199912,0.5,0.011693070373962711,0.02285172704296546,0.593938740849,0.3663750664028221,0.5,434,434,616392,178995,29.03915041077756
30,6,0.01,0.005,random_forest,100,15,0.5,0.5656059348998222,True,0.6542720171318717,0.5,0.01144975481570118,0.022386861481294585,0.5620311716893898,0.39193504699790155,0.5,488,488,616392,214290,34.765214344118675
15,12,0.005,0.003,random_forest,100,10,0.5,0.603988060398968,True,0.6537748790642824,0.5010266940451745,0.011306765523632993,0.022114469569946074,0.5769217960884693,0.40360498952376594,0.5010266940451745,488,486,623262,222291,35.66573928781155
15,3,0.01,0.008,xgboost,100,5,0.5,0.815488338470459,True,0.6204423479579312,0.5004694835680751,0.011265164644714038,0.022034353748527254,0.5769438422709138,0.4321074906421693,0.5004694835680751,533,532,623262,233784,37.50974710474889
30,6,0.01,0.008,random_forest,100,5,0.5,0.5346185280501404,True,0.5895732444293026,0.5,0.01124572603118762,0.02199671402338842,0.5565867842465515,0.4471349763710511,0.5,569,569,616392,254433,41.27779075653156
20,3,0.01,0.008,random_forest,100,10,0.5,0.5728853292258794,True,0.6204436571520593,0.5,0.011200916438617705,0.02191098661686897,0.5725689621478192,0.42847756270634907,0.5,528,528,620972,232849,37.49750391321992
30,12,0.01,0.005,random_forest,100,15,0.5,0.5617530531454402,True,0.6463387924950722,0.5010288065843621,0.01116946859016995,0.021851793686761045,0.559859689982576,0.3989605555518264,0.5010288065843621,487,485,616392,220790,35.81973808874872
30,3,0.01,0.005,xgboost,200,15,0.5,0.821081817150116,True,0.6736832712789689,0.5,0.011136521825594114,0.021787763836202702,0.5673663324909475,0.37674165438911483,0.5,448,448,616392,198938,32.27459149372478
15,12,0.005,0.003,random_forest,200,15,0.5,0.6098463299303961,True,0.6537668567944614,0.5005224660397074,0.011098239110287303,0.02171498515311558,0.5796225991970722,0.4061732009076125,0.5005224660397074,479,478,623262,222291,35.66573928781155
30,6,0.015,0.008,random_forest,100,15,0.5,0.5869396926264532,True,0.6545721493522823,0.5005302226935313,0.011083714923094987,0.021687189854806103,0.5685007271325967,0.3947982007868733,0.5005302226935313,472,471,616392,209698,34.02023387714312
10,6,0.015,0.008,xgboost,200,10,0.5,0.8271659016609192,True,0.6548105282509132,0.5005235602094241,0.011067889228489395,0.02165688784178692,0.5628486416590057,0.39095958499300204,0.5005235602094241,478,477,625552,212869,34.02898559991815
20,12,0.01,0.008,random_forest,200,5,0.55,0.5300875082839187,False,0.5779620757679456,0.503056768558952,0.010987753233375301,0.021505777810965708,0.5563674096390346,0.45860521084247863,0.503056768558952,576,569,620972,266109,42.85362302970182
10,6,0.015,0.008,xgboost,200,15,0.5,0.8357987403869629,True,0.6548025353486104,0.5,0.010975270908585718,0.021479064709081022,0.5587748906053711,0.38781880977983035,0.5,474,474,625552,212869,34.02898559991815
20,12,0.01,0.005,random_forest,200,15,0.5,0.5596005776704744,True,0.6466363380168284,0.5,0.010937428792781296,0.021406591446282836,0.5608202922805023,0.3979002591364431,0.5,480,480,620972,222184,35.78003517066792
10,6,0.015,0.008,random_forest,200,15,0.5,0.5829949336001021,True,0.6548345069578214,0.5021413276231264,0.010859498008706121,0.021259235755405465,0.5670922904289151,0.3913712047734438,0.5021413276231264,469,465,625552,212869,34.02898559991815
30,6,0.005,0.003,xgboost,200,15,0.5,0.8446117639541626,True,0.6566487398502584,0.5016429353778752,0.010819493987857599,0.021182129312737028,0.5688734084419186,0.3970407786668703,0.5016429353778752,458,455,616392,217402,35.27008786616309
30,3,0.01,0.005,xgboost,100,15,0.5,0.8225738406181335,True,0.6736832712789689,0.5,0.010788505518544298,0.021121277009927972,0.5663234025543151,0.375126433199228,0.5,434,434,616392,198938,32.27459149372478
30,12,0.01,0.005,xgboost,200,10,0.5,0.8367696404457092,True,0.6463550158583375,0.5021645021645021,0.01064195775326254,0.020842223469960695,0.559867956149934,0.40125928015151757,0.5021645021645021,464,460,616392,220790,35.81973808874872
10,3,0.015,0.008,xgboost,200,10,0.5,0.8178030848503113,True,0.6991311715196905,0.5,0.010573295786621327,0.020708673708309484,0.5899145399763266,0.3622818241910373,0.5,398,398,625552,181741,29.052900478297566
15,3,0.01,0.008,random_forest,200,10,0.5,0.574429139143339,True,0.6204343256881102,0.5,0.010567696664834933,0.020697934346152254,0.5716825662510793,0.42714842761377214,0.5,500,500,623262,233784,37.50974710474889
30,12,0.01,0.008,xgboost,100,15,0.55,0.8792763948440552,True,0.5782736719149247,0.550253807106599,0.010405267906851735,0.020424313223047066,0.5583966455178712,0.4677695127703366,0.550253807106599,542,443,616392,264422,42.898350400394555
15,6,0.01,0.008,random_forest,200,10,0.5,0.5602395563165995,True,0.5899898117173273,0.500473933649289,0.010330659362160047,0.020243458257452315,0.5643902857348715,0.4536313034335247,0.500473933649289,528,527,623262,257084,41.24814283559723
10,6,0.015,0.008,xgboost,100,10,0.5,0.8162951469421387,True,0.6548025353486104,0.5,0.01032694266925998,0.020235934664246825,0.5640417058192828,0.39081615395101466,0.5,446,446,625552,212869,34.02898559991815
15,3,0.01,0.008,random_forest,100,10,0.5,0.5757487263933218,True,0.6204423479579312,0.5005128205128205,0.010314071944878895,0.020211642403031745,0.5716463172437554,0.42760097734566604,0.5005128205128205,488,487,623262,233784,37.50974710474889
10,12,0.01,0.008,random_forest,200,10,0.5,0.543541069428341,True,0.5778308861730783,0.5009259259259259,0.01024233244982961,0.02007421150278293,0.561063314872092,0.4635553116286034,0.5009259259259259,541,539,625552,268278,42.88660255262552
30,3,0.015,0.008,xgboost,100,10,0.5,0.810210645198822,True,0.698934936201624,0.5006657789613849,0.010130401982972303,0.019858980114611666,0.5991472987153799,0.36841971160967696,0.5006657789613849,376,375,616392,178995,29.03915041077756
30,12,0.015,0.005,xgboost,200,10,0.5,0.8099610805511475,True,0.6964040915322155,0.5019973368841545,0.010072134651349185,0.01974804221995233,0.5593930748253788,0.3493484850878179,0.5019973368841545,377,374,616392,186753,30.297765058599076
20,12,0.005,0.003,random_forest,100,15,0.5,0.6142321809757438,True,0.6537139176295342,0.5005793742757821,0.010044642857142858,0.019694103166100613,0.5803022064301544,0.40628366339955607,0.5005793742757821,432,431,620972,221474,35.66569829235456
30,12,0.015,0.008,random_forest,100,15,0.5,0.5724706781540447,True,0.6358260530990679,0.5005649717514125,0.009867248752672845,0.019353006705838668,0.5577952916400071,0.40753862334500673,0.5005649717514125,443,442,616392,224736,36.45991511895028
20,3,0.015,0.008,xgboost,200,15,0.5,0.818231463432312,True,0.6993598776118202,0.5041208791208791,0.009827549271636675,0.019279260348812777,0.5883278543857337,0.3626669808166235,0.5041208791208791,367,361,620972,180125,29.00694395238433
30,12,0.015,0.008,xgboost,100,15,0.5,0.8445591330528259,True,0.6358747231888643,0.504,0.009822701354240912,0.01926984335059317,0.5541691610853114,0.40567190868966674,0.504,441,434,616392,224736,36.45991511895028
30,6,0.015,0.005,xgboost,200,10,0.5,0.8060680031776428,True,0.7081254714914949,0.5,0.00981046078594853,0.019243349324029657,0.5676299220564738,0.34110600774903527,0.5,353,353,616392,176858,28.69245545042765
20,6,0.005,0.003,xgboost,200,10,0.5,0.8425542116165161,True,0.6568702443737671,0.5006045949214026,0.009714661160127652,0.019059457219805263,0.5761847323405936,0.4006644411793024,0.5006045949214026,414,413,620972,218805,35.23588825261042
30,3,0.015,0.008,xgboost,200,5,0.5,0.7944742441177368,True,0.6989511595648894,0.502092050209205,0.009699321047526674,0.019031004678455317,0.6038406504679261,0.36893102341333966,0.502092050209205,360,357,616392,178995,29.03915041077756
10,6,0.01,0.008,random_forest,100,10,0.5,0.5563439797536148,True,0.5899081615525413,0.5040567951318459,0.009685277209392966,0.019005372746219003,0.5635034594817792,0.4528952086015678,0.5040567951318459,497,489,625552,258184,41.272987697265776
30,6,0.015,0.008,xgboost,200,15,0.55,0.8468945026397705,True,0.6551724137931034,0.5502008032128514,0.009651285663966185,0.01896981445582941,0.5676428374889282,0.3981236901447095,0.5502008032128514,411,336,616392,209698,34.02023387714312
30,3,0.015,0.008,xgboost,100,5,0.5,0.7823876738548279,True,0.698934936201624,0.5007012622720898,0.009618493372130617,0.018874408522562055,0.603917366075322,0.36843852941928656,0.5007012622720898,357,356,616392,178995,29.03915041077756
15,3,0.01,0.008,random_forest,100,15,0.5,0.5885840888027085,True,0.6204343256881102,0.5,0.009595468571670119,0.018829579859815024,0.5755247787480078,0.4314269916247647,0.5,454,454,623262,233784,37.50974710474889
30,12,0.01,0.008,random_forest,100,15,0.55,0.5709443437908169,True,0.5782087784618629,0.5503875968992248,0.0095413618998253,0.018757548309178744,0.5657940289674233,0.4732794616409498,0.5503875968992248,497,406,616392,264422,42.898350400394555
20,12,0.015,0.008,xgboost,100,15,0.5,0.8433104157447815,True,0.6362172390192842,0.5,0.009473218238158478,0.01859414371361543,0.5510648477405948,0.4002852848265693,0.5,428,428,620972,226182,36.423864522071845
20,6,0.01,0.008,random_forest,100,15,0.55,0.575467650262683,True,0.5906759531382101,0.5504587155963303,0.0094258110124892,0.018534249749015366,0.5679371737833258,0.4585839913694057,0.5504587155963303,480,392,620972,256073,41.23744709906405
15,12,0.005,0.003,xgboost,100,10,0.5,0.8421382904052734,True,0.6537668567944614,0.5006195786864932,0.009360518999073216,0.01837741942820752,0.5781626483278975,0.40595154049522353,0.5006195786864932,404,403,623262,222291,35.66573928781155
30,6,0.01,0.003,xgboost,200,15,0.5,0.7968307137489319,True,0.7095531274588535,0.5,0.009328045578953248,0.0183144157482042,0.5541018773035982,0.3332792544850854,0.5,334,334,616392,179939,29.19229970538229
20,3,0.01,0.008,random_forest,200,15,0.55,0.5859352190796725,True,0.6210958573211482,0.5510718789407314,0.009270455461507456,0.018234165067178502,0.5774869162238185,0.43506841251192846,0.5510718789407314,437,356,620972,232849,37.49750391321992
20,12,0.005,0.003,random_forest,100,5,0.5,0.5643431896494409,True,0.6537058657755949,0.5,0.009207589285714286,0.01808219178082192,0.5696982932132139,0.39848793952603806,0.5,396,396,620972,221474,35.66569829235456
30,6,0.01,0.008,random_forest,200,5,0.55,0.5345911536522501,False,0.5899544934660405,0.5267349260523322,0.009150740162460225,0.017988965731603076,0.5569317555726199,0.44797509626736387,0.5267349260523322,463,416,616392,254433,41.27779075653156
30,12,0.015,0.008,random_forest,200,10,0.5,0.5565452780657776,True,0.6358179414174352,0.5,0.009132216678545973,0.017936827368973663,0.5531277392646152,0.4017104754140686,0.5,410,410,616392,224736,36.45991511895028
30,6,0.015,0.008,xgboost,200,10,0.5,0.8379351496696472,True,0.6545640376706495,0.5,0.008993777151579195,0.017669719268298308,0.5666390966025011,0.3950687039424476,0.5,383,383,616392,209698,34.02023387714312
30,12,0.015,0.008,xgboost,200,15,0.5,0.855384886264801,True,0.6358584998255988,0.5031367628607277,0.008931753385602282,0.017551922613967128,0.5572903173568873,0.40884849294509246,0.5031367628607277,401,396,616392,224736,36.45991511895028
30,6,0.005,0.003,xgboost,100,15,0.5,0.8482261300086975,True,0.6566244048053602,0.5,0.008882379343743356,0.017454680500429403,0.5662222966836398,0.39382729422882484,0.5,376,376,616392,217402,35.27008786616309
20,12,0.01,0.008,random_forest,100,10,0.55,0.5524142464416463,True,0.5785901203752164,0.5504151838671412,0.008851245660218991,0.017422322350511592,0.5621774163535187,0.4658748988746219,0.5504151838671412,464,379,620972,266109,42.85362302970182
20,12,0.01,0.005,random_forest,100,15,0.5,0.5649178759568114,True,0.6466443898707678,0.5006435006435006,0.008863874584149842,0.0174193403936144,0.5601733110581701,0.3969303581895275,0.5006435006435006,389,388,620972,222184,35.78003517066792
15,6,0.015,0.008,random_forest,200,15,0.5,0.5836506573441175,True,0.655026353156362,0.5026385224274407,0.0088592289447984,0.01741157115437346,0.5674322374056311,0.39160266815166583,0.5026385224274407,381,377,623262,211891,33.9970991332698
10,12,0.015,0.008,xgboost,200,10,0.5,0.8376973867416382,True,0.6361710800808882,0.5018820577164367,0.008786960151135715,0.017271530041667565,0.5528085158398862,0.40285400631205753,0.5018820577164367,400,397,625552,228088,36.46187687034811
20,6,0.01,0.008,xgboost,100,15,0.55,0.8740710020065308,True,0.5906276420145739,0.5507425742574258,0.00873851229282853,0.017204051650815743,0.5592746448251267,0.45369843327315523,0.5507425742574258,445,363,620972,256073,41.23744709906405
20,6,0.015,0.008,random_forest,200,15,0.5,0.5834983254633321,True,0.6549216957204397,0.5006675567423231,0.00874982500349993,0.01719907354323847,0.5695647344127593,0.3950561644970354,0.5006675567423231,375,374,620972,211055,33.98784486257029
30,3,0.01,0.005,xgboost,100,10,0.5,0.8145802021026611,True,0.6736913829606016,0.5007132667617689,0.008725265983891816,0.017151652862273693,0.570438529251073,0.37835335624078037,0.5007132667617689,351,350,616392,198938,32.27459149372478
20,12,0.015,0.008,random_forest,100,15,0.5,0.570131486713329,True,0.6362494464350417,0.5025706940874036,0.00865427180168216,0.017015535924104618,0.5576119629422434,0.40610308626109903,0.5025706940874036,391,387,620972,226182,36.423864522071845
20,6,0.01,0.005,xgboost,200,10,0.5,0.8339974880218506,True,0.6545835178549861,0.5020463847203275,0.008577688685842152,0.016867193766471868,0.5617833417717133,0.39247168488108997,0.5020463847203275,368,365,620972,215661,34.729585230896085
15,12,0.01,0.008,xgboost,200,15,0.55,0.8894771337509155,True,0.5786222553809375,0.5522755227552275,0.008534336925737964,0.016808924827792754,0.5575101958783321,0.46641293134951234,0.5522755227552275,449,364,623262,267143,42.86207084661026
15,6,0.01,0.008,random_forest,200,15,0.55,0.5744230864997903,True,0.5906235710331881,0.5505050505050505,0.008530620230874584,0.016800893992524372,0.568034793540727,0.45894146354677273,0.5505050505050505,436,356,623262,257084,41.24814283559723
10,12,0.005,0.003,random_forest,100,15,0.5,0.611851511115935,True,0.6536755361239219,0.5,0.00853931547000854,0.016791849145657945,0.5778288299255052,0.4039795284386749,0.5,370,370,625552,223222,35.68400388776632
30,6,0.01,0.008,random_forest,100,10,0.55,0.5580954897554289,True,0.5902302906415529,0.5518565941101152,0.008518291598316106,0.016777609093386273,0.5639478650395144,0.45582931912386726,0.5518565941101152,431,350,616392,254433,41.27779075653156
30,6,0.01,0.005,xgboost,100,15,0.5,0.8374043107032776,True,0.6542720171318717,0.5,0.00849346566246686,0.016703195293574807,0.557652706229653,0.39010550360574214,0.5,362,362,616392,214290,34.765214344118675
15,6,0.015,0.008,xgboost,200,15,0.5,0.8429834842681885,True,0.654994264077078,0.5,0.008487187834255686,0.01669105542344979,0.5574891833231871,0.38649089637040707,0.5,365,365,623262,211891,33.9970991332698
20,6,0.01,0.008,random_forest,200,15,0.55,0.5756754515233995,True,0.5906034864527557,0.5504469987228607,0.00846359280496426,0.016670856943934092,0.5683099622868613,0.45973242193254943,0.5504469987228607,431,352,620972,256073,41.23744709906405
20,6,0.005,0.003,xgboost,100,15,0.5,0.8460161685943604,True,0.6568621925198277,0.5,0.0084006007133471,0.01652358534108742,0.5664323022084845,0.39262920892262987,0.5,358,358,620972,218805,35.23588825261042
30,3,0.01,0.008,xgboost,100,5,0.55,0.8206341862678528,True,0.620713990217312,0.5513361462728551,0.008370523798338707,0.016490681923351985,0.5778770105580964,0.4350863466264614,0.5513361462728551,392,319,616392,231335,37.530500071383145
20,6,0.01,0.005,xgboost,200,15,0.5,0.8386510610580444,True,0.6545754660010468,0.5014005602240896,0.00834459931937905,0.016415994130594278,0.5586631209148062,0.39016029651043965,0.5014005602240896,358,356,620972,215661,34.729585230896085
30,3,0.01,0.008,random_forest,200,10,0.5,0.5788918146339168,True,0.6201299491397562,0.500651890482399,0.00819969678204608,0.016135131728223874,0.5716728628069478,0.42843216046729526,0.500651890482399,384,383,616392,231335,37.530500071383145
30,6,0.005,0.003,xgboost,100,10,0.5,0.8388445973396301,True,0.656632516486993,0.5007215007215007,0.008197302213507831,0.016130531796206767,0.5792080765806766,0.40316925215909827,0.5007215007215007,347,346,616392,217402,35.27008786616309
20,12,0.015,0.008,xgboost,200,10,0.5,0.8426461219787598,True,0.636257498288981,0.5034293552812071,0.00812306330234617,0.015988150471585093,0.555977766253638,0.40538884394129543,0.5034293552812071,367,362,620972,226182,36.423864522071845
20,12,0.01,0.008,xgboost,200,5,0.55,0.8492845892906189,True,0.5785337573976408,0.5506493506493506,0.008088207241234597,0.015942246954429237,0.5667951041759137,0.47112019254084464,0.5506493506493506,424,346,620972,266109,42.85362302970182
20,6,0.01,0.005,random_forest,200,15,0.5,0.5669094267141687,True,0.654559362293168,0.5,0.008064892079623328,0.015873744093223837,0.5635586145046944,0.3914379659433837,0.5,346,346,620972,215661,34.729585230896085
30,3,0.01,0.008,random_forest,100,15,0.55,0.5949427058803998,True,0.6206815434907811,0.5503649635036496,0.008050223142790032,0.01586833908578163,0.57534595705313,0.4331013798602005,0.5503649635036496,377,308,616392,231335,37.530500071383145
15,12,0.01,0.008,xgboost,100,10,0.55,0.8614112734794617,True,0.5785741217620114,0.5516339869281046,0.008021136264279333,0.015812350119904076,0.5633313204430757,0.4694725581833163,0.5516339869281046,422,343,623262,267143,42.86207084661026
30,3,0.01,0.008,random_forest,100,10,0.5,0.5797093806159896,True,0.6201218374581234,0.5,0.00796480963464372,0.015679845303402905,0.5714858464628373,0.428248946638087,0.5,373,373,616392,231335,37.530500071383145
10,12,0.005,0.003,xgboost,100,15,0.5,0.8528593182563782,True,0.6536835290262247,0.5007256894049347,0.007962334695007962,0.015675405515925302,0.5649894247978966,0.3965033942534896,0.5007256894049347,345,344,625552,223222,35.68400388776632
20,6,0.005,0.003,random_forest,200,15,0.5,0.5885197840626476,True,0.6568782962277064,0.5014970059880239,0.00786089731556223,0.015479160890860363,0.5792263476339338,0.40074997243119775,0.5014970059880239,335,333,620972,218805,35.23588825261042
10,6,0.01,0.005,xgboost,100,15,0.5,0.8351949453353882,True,0.6543869044288672,0.5007429420505201,0.007793529289331884,0.015348180534681424,0.5540175461445718,0.3853210405298569,0.5007429420505201,337,336,625552,217445,34.76049952681791
30,6,0.015,0.008,random_forest,200,15,0.5,0.58987265556727,True,0.654580261033915,0.5015151515151515,0.007772689914289069,0.015308128107295642,0.5699728167411531,0.3958687955651058,0.5015151515151515,331,329,616392,209698,34.02023387714312
20,6,0.015,0.008,xgboost,100,15,0.5,0.8401922583580017,True,0.6549216957204397,0.5007518796992482,0.007769844603107937,0.015302253980653907,0.5610862836122019,0.388757274811677,0.5007518796992482,333,332,620972,211055,33.98784486257029
30,12,0.015,0.008,random_forest,100,10,0.5,0.558263930406267,True,0.6358179414174352,0.5,0.007751247327156094,0.015265836111598525,0.5530177236777372,0.4016631370675428,0.5,348,348,616392,224736,36.45991511895028
10,6,0.005,0.003,random_forest,200,10,0.55,0.5706845226755402,False,0.6563451654930422,0.4580467675378267,0.007756090743932548,0.015253887909117978,0.5739097654111572,0.39375293402940914,0.4580467675378267,333,394,625552,220541,35.25542241092667
10,6,0.005,0.003,random_forest,200,10,0.5,0.57068452267554,False,0.6563451654930422,0.4580467675378267,0.007756090743932548,0.015253887909117978,0.5739097654111572,0.39375293402940914,0.4580467675378267,333,394,625552,220541,35.25542241092667
20,3,0.015,0.008,xgboost,100,15,0.5,0.8251052498817444,True,0.699335722050002,0.5026086956521739,0.0077388603256212515,0.015243018012078377,0.5905623764967387,0.3624445914307243,0.5026086956521739,289,286,620972,180125,29.00694395238433
10,3,0.01,0.008,random_forest,200,5,0.5,0.5498746749659594,True,0.6203051690099192,0.5,0.007725665207140451,0.015216219577926116,0.5648011706492015,0.4210680091425021,0.5,367,367,625552,234823,37.53852597385989
10,12,0.005,0.003,xgboost,200,10,0.5,0.8508461713790894,True,0.6536755361239219,0.5,0.007708463154007708,0.015182853376366571,0.5754474879937865,0.40224380527415626,0.5,334,334,625552,223222,35.68400388776632
20,6,0.01,0.008,xgboost,200,10,0.55,0.8671046495437622,True,0.5905390716212408,0.5500705218617772,0.007658471447647475,0.015106617860670501,0.5652977160534112,0.4593169403731223,0.5500705218617772,390,319,620972,256073,41.23744709906405
15,3,0.01,0.005,xgboost,100,10,0.5,0.8128913640975952,True,0.6739508876641557,0.5008077544426495,0.007627202047042614,0.015025567699876403,0.5681148510059358,0.3731248177723082,0.5008077544426495,310,309,623262,201004,32.25032169456826
15,6,0.005,0.003,xgboost,200,15,0.5,0.853413462638855,True,0.6569115865643025,0.5,0.007505787172352515,0.014789559768711557,0.5631160980693855,0.3910349701488291,0.5,321,321,623262,219616,35.236545786523166
30,6,0.01,0.008,xgboost,100,5,0.55,0.8364292979240417,True,0.5901329504619602,0.5500725689404935,0.007490562681581912,0.014779861950629802,0.5692985085015925,0.4619962706149547,0.5500725689404935,379,310,616392,254433,41.27779075653156
10,12,0.01,0.008,random_forest,200,15,0.55,0.5636540449283451,True,0.5783983822365739,0.5509065550906556,0.007478227943960621,0.01475614995236939,0.564243956298236,0.4674818867557624,0.5509065550906556,395,322,625552,268278,42.88660255262552
10,3,0.015,0.008,xgboost,200,15,0.5,0.8282515406608582,True,0.6991391644219933,0.5008912655971479,0.007465065618192444,0.01471088657958799,0.5830830109927948,0.35678162091710086,0.5008912655971479,281,280,625552,181741,29.052900478297566
30,12,0.005,0.003,xgboost,200,10,0.55,0.8589396476745605,True,0.653915103140032,0.5505226480836237,0.0073964843292839925,0.014596854285516318,0.5783117896648302,0.4087272652908628,0.5505226480836237,316,258,616392,220054,35.70033355397214
30,12,0.015,0.008,xgboost,200,5,0.55,0.8204943537712097,True,0.6363289773602966,0.5524126455906821,0.0073948681397006414,0.014594368859485242,0.5597233118589369,0.4089858702932695,0.5524126455906821,332,269,616392,224736,36.45991511895028
30,3,0.01,0.005,xgboost,200,5,0.5,0.8008530139923096,True,0.6736913829606016,0.5008431703204047,0.007382917370985383,0.014551333872271624,0.5746067431354516,0.3796333811413596,0.5008431703204047,297,296,616392,198938,32.27459149372478
30,12,0.005,0.003,xgboost,100,15,0.5,0.8554037809371948,True,0.6534446256053342,0.5,0.007373077733305245,0.014531866306829977,0.5668941315572754,0.39971234132427064,0.5,315,315,616392,220054,35.70033355397214
15,12,0.01,0.005,xgboost,100,10,0.5,0.8277044892311096,True,0.6466350589235719,0.500772797527048,0.007355445072532861,0.01449794165025953,0.5591348201338244,0.39632082042177996,0.500772797527048,324,323,623262,223023,35.78318588330429
20,12,0.015,0.008,xgboost,200,15,0.5,0.8558918237686157,True,0.6362252908732235,0.5007541478129713,0.00734838424081452,0.014484217874048383,0.5522798986648834,0.40244754654025305,0.5007541478129713,332,331,620972,226182,36.423864522071845
30,6,0.01,0.008,random_forest,200,10,0.55,0.5589376345453886,True,0.5901248387803275,0.5508982035928144,0.007273158487657371,0.014356773627231055,0.564090782038629,0.45605575697803435,0.5508982035928144,368,300,616392,254433,41.27779075653156
10,3,0.015,0.008,xgboost,100,10,0.5,0.8103115558624268,True,0.6991311715196905,0.5,0.0072791031294830244,0.01434930610107358,0.5929951784130738,0.36299694743741173,0.5,274,274,625552,181741,29.052900478297566
30,6,0.01,0.005,xgboost,200,5,0.5,0.8114150166511536,True,0.6542801288135043,0.5008077544426495,0.00727340982144952,0.014338575393154487,0.5684025550705121,0.3956281980118128,0.5008077544426495,310,309,616392,214290,34.765214344118675
20,6,0.015,0.008,xgboost,200,10,0.5,0.8385166525840759,True,0.6549136438665003,0.5,0.007209855802883943,0.014214739166436655,0.567650412362986,0.3956561012489101,0.5,309,309,620972,211055,33.98784486257029
10,6,0.01,0.008,xgboost,200,10,0.55,0.8652763962745667,True,0.590411714397615,0.553223388305847,0.007190879859690149,0.014197222115347621,0.5640177447711349,0.45592916612829915,0.553223388305847,369,298,625552,258184,41.272987697265776
15,12,0.01,0.005,random_forest,100,5,0.5,0.527919236636481,False,0.6464345021780462,0.4817629179331307,0.007196531135780608,0.014181224416758002,0.5500361045700233,0.38743451053683875,0.4817629179331307,317,341,623262,223023,35.78318588330429
15,12,0.01,0.005,random_forest,100,5,0.55,0.5279192366364809,False,0.6464345021780462,0.4817629179331307,0.007196531135780608,0.014181224416758002,0.5500361045700233,0.38743451053683875,0.4817629179331307,317,341,623262,223023,35.78318588330429
15,6,0.01,0.008,random_forest,100,15,0.55,0.5783954178030204,True,0.5905192815255148,0.5502248875562219,0.007180590882410487,0.014176178612125076,0.567398438323675,0.45854919444926456,0.5502248875562219,367,300,623262,257084,41.24814283559723
10,12,0.015,0.008,random_forest,200,10,0.5,0.5574579365712441,True,0.6361550942762827,0.500768049155146,0.007161372523175607,0.014120806531955904,0.5530214266201643,0.40017101572425773,0.500768049155146,326,325,625552,228088,36.46187687034811
15,3,0.01,0.005,random_forest,200,15,0.5,0.5818952652134999,True,0.6739508876641557,0.5008605851979346,0.007159728373191615,0.01411764705882353,0.5699234969562974,0.3738409066975778,0.5008605851979346,291,290,623262,201004,32.25032169456826
20,12,0.015,0.008,xgboost,100,10,0.5,0.8308246731758118,True,0.6362333427271629,0.5015527950310559,0.0071491810535635235,0.014097416201117319,0.5564260970279344,0.40569859544421627,0.5015527950310559,323,321,620972,226182,36.423864522071845
15,12,0.01,0.005,random_forest,200,15,0.5,0.563022293127256,True,0.6466350589235719,0.5008,0.0071057231719221774,0.014012624792944442,0.5606653021295387,0.396301831069831,0.5008,313,312,623262,223023,35.78318588330429
20,3,0.01,0.005,xgboost,200,15,0.5,0.8334521055221558,True,0.6739804339949274,0.5008726003490401,0.007087994863055988,0.013978180401324761,0.5646228320742886,0.3729030908654056,0.5008726003490401,287,286,620972,200227,32.244126949363256
20,12,0.01,0.005,random_forest,100,10,0.55,0.5521767646976518,False,0.6464430935222835,0.48130841121495327,0.00704096978535296,0.013878907653611211,0.5569022582190793,0.39212838123690535,0.48130841121495327,309,333,620972,222184,35.78003517066792
20,12,0.01,0.005,random_forest,100,10,0.5,0.5521767646976518,False,0.6464430935222835,0.48130841121495327,0.00704096978535296,0.013878907653611211,0.5569022582190793,0.39212838123690535,0.48130841121495327,309,333,620972,222184,35.78003517066792
15,3,0.01,0.008,random_forest,200,5,0.5,0.5495947951672208,True,0.6204343256881102,0.5,0.007016950585450395,0.013839676518404268,0.5645756346779289,0.4206476280711104,0.5,332,332,623262,233784,37.50974710474889
10,12,0.01,0.005,xgboost,100,10,0.5,0.8246060013771057,True,0.6464979098560478,0.5024311183144247,0.007008817544652951,0.013824782036702567,0.5577417302626317,0.3953334614091801,0.5024311183144247,310,307,625552,224005,35.80917333810778
10,3,0.01,0.008,xgboost,100,5,0.55,0.8203369379043579,True,0.6207927360503872,0.5505804311774462,0.006988885146513977,0.013802565115263891,0.5742545125324923,0.43045416977169704,0.5505804311774462,332,271,625552,234823,37.53852597385989
10,6,0.01,0.005,xgboost,200,15,0.5,0.8444582223892212,True,0.6543789115265645,0.5,0.00693785990148239,0.013685819210328232,0.5550317151662789,0.3865632783004763,0.5,300,300,625552,217445,34.76049952681791
20,12,0.015,0.008,random_forest,200,15,0.5,0.5709602944146385,True,0.6362333427271629,0.5016025641025641,0.006927844178840195,0.013666928652519431,0.5595307184852945,0.4074550351492968,0.5016025641025641,313,311,620972,226182,36.423864522071845
30,3,0.01,0.008,xgboost,200,5,0.55,0.8331028819084167,True,0.6206085383560866,0.5510204081632653,0.00691849415985138,0.01366540838060693,0.5783229751447942,0.4364174640787798,0.5510204081632653,324,264,616392,231335,37.530500071383145
15,3,0.01,0.005,random_forest,100,15,0.5,0.5842870601681337,True,0.6739428653943347,0.5,0.006839877964767247,0.013495145631067962,0.5689628044091315,0.3724230900242375,0.5,278,278,623262,201004,32.25032169456826
15,6,0.015,0.008,random_forest,100,15,0.5,0.5895885832138048,True,0.654994264077078,0.5,0.006836255406222388,0.013488094691930082,0.5650882185259039,0.38918383218652997,0.5,294,294,623262,211891,33.9970991332698
30,6,0.01,0.005,xgboost,100,5,0.5,0.8004329204559326,True,0.6542720171318717,0.5,0.00680415757490439,0.013425615147797505,0.565618355472358,0.39280542423905473,0.5,290,290,616392,214290,34.765214344118675
30,6,0.005,0.003,random_forest,100,5,0.55,0.5549425016803142,False,0.6562107090420916,0.45933014354066987,0.006803524603718315,0.013408445458354672,0.5674721784224355,0.3910692293462982,0.45933014354066987,288,339,616392,217402,35.27008786616309
30,6,0.005,0.003,random_forest,100,5,0.5,0.5549425016803142,False,0.6562107090420916,0.45933014354066987,0.006803524603718315,0.013408445458354672,0.5674721784224355,0.3910692293462982,0.45933014354066987,288,339,616392,217402,35.27008786616309
20,6,0.015,0.008,random_forest,100,15,0.5,0.5904207035509438,True,0.6549136438665003,0.5,0.006766531336039946,0.013352364289331922,0.5679987903043042,0.3933131305689847,0.5,290,290,620972,211055,33.98784486257029
20,12,0.01,0.008,random_forest,100,15,0.55,0.5747982108050287,True,0.578429083296429,0.5505443234836703,0.006752890008011904,0.013342127579383774,0.5664280941303173,0.469946455605389,0.5505443234836703,354,289,620972,266109,42.85362302970182
20,6,0.015,0.003,xgboost,200,10,0.5,0.7894294261932373,True,0.7534763879383228,0.5099009900990099,0.006726530612244898,0.013277901318121756,0.5752788890561034,0.30014859512815373,0.5099009900990099,206,198,620972,150151,24.17999523327944
10,6,0.01,0.008,random_forest,200,10,0.5,0.5575403597626516,True,0.589884182845633,0.5036710719530103,0.006684205398031765,0.013193322563274098,0.5638126250293205,0.4529721040532645,0.5036710719530103,343,338,625552,258184,41.272987697265776
10,12,0.005,0.003,xgboost,200,15,0.5,0.8642398715019226,True,0.6536755361239219,0.5,0.00666989775900667,0.013164187942697064,0.5656092391039876,0.39716801951838554,0.5,289,289,625552,223222,35.68400388776632
20,6,0.005,0.003,xgboost,200,15,0.5,0.8534243106842041,True,0.6568621925198277,0.5,0.006664163694387085,0.013153019636902557,0.5674751484067634,0.3941782359514768,0.5,284,284,620972,218805,35.23588825261042
15,12,0.005,0.003,random_forest,200,15,0.55,0.6266130553683675,True,0.6542241261742597,0.556420233463035,0.006626506024096385,0.013097037138801117,0.5796225991970722,0.4061732009076125,0.556420233463035,286,228,623262,222291,35.66573928781155
15,3,0.015,0.008,random_forest,200,15,0.5,0.6140055854098438,True,0.699373460726978,0.5,0.006591236590702887,0.01301095659502739,0.5973043708052943,0.36416386055028627,0.5,247,247,623262,180854,29.017331395143614
10,3,0.01,0.008,random_forest,100,5,0.5,0.5514836589983507,True,0.620313161912222,0.5008,0.006588918827888178,0.013006711130503439,0.5646315152168163,0.4207152146379849,0.5008,313,312,625552,234823,37.53852597385989
10,6,0.015,0.008,random_forest,100,15,0.5,0.5919422035017358,True,0.6548025353486104,0.5,0.006506436973233306,0.012845714285714285,0.5661364296398652,0.390388215127092,0.5,281,281,625552,212869,34.02898559991815
30,6,0.01,0.005,random_forest,100,15,0.55,0.5727119998858645,True,0.6546857128951403,0.5508982035928144,0.006475681002322799,0.012800890496730208,0.5620311716893898,0.39193504699790155,0.5508982035928144,276,225,616392,214290,34.765214344118675
20,3,0.01,0.008,xgboost,200,15,0.55,0.8756929636001587,True,0.6209106646805427,0.552536231884058,0.00647022635185303,0.012790673292654799,0.5703168152590303,0.43103311745341366,0.552536231884058,305,247,620972,232849,37.49750391321992
20,6,0.005,0.003,xgboost,100,10,0.5,0.839545726776123,True,0.6568702443737671,0.5009107468123861,0.006452975408297353,0.012741804702884281,0.5780552943479591,0.40098520290400663,0.5009107468123861,275,274,620972,218805,35.23588825261042
30,6,0.01,0.005,random_forest,100,10,0.5,0.555576284295304,True,0.6542801288135043,0.5009107468123861,0.006452218389995542,0.012740328932128793,0.5580626670777735,0.3860401939872565,0.5009107468123861,275,274,616392,214290,34.765214344118675
20,12,0.005,0.003,xgboost,100,15,0.55,0.8609649538993835,True,0.654124562180442,0.5517928286852589,0.006440662202380952,0.012732705125258561,0.5639708712028983,0.39722817226997137,0.5517928286852589,277,225,620972,221474,35.66569829235456
30,12,0.015,0.005,xgboost,200,15,0.5,0.8134934902191162,True,0.696420314895481,0.5052410901467506,0.006438685546353192,0.012715329622497164,0.5549221466515244,0.34769432264959116,0.5052410901467506,241,236,616392,186753,30.297765058599076
30,3,0.015,0.008,xgboost,200,15,0.55,0.8372289538383484,True,0.6992918501934636,0.5522041763341067,0.006412328914753745,0.012677444269848457,0.5928796576528548,0.36726433683782095,0.5522041763341067,238,193,616392,178995,29.03915041077756
10,6,0.01,0.008,random_forest,100,15,0.55,0.5752120486559277,True,0.5903237924722846,0.5503355704697986,0.006391893208613466,0.012637013349771724,0.5669049052997921,0.4566841814459213,0.5503355704697986,328,268,625552,258184,41.272987697265776
30,12,0.01,0.005,xgboost,200,15,0.5,0.8578266501426697,True,0.6463225691318067,0.5,0.00637600055044609,0.012591435106551623,0.5544152044851333,0.3965734450977142,0.5,278,278,616392,220790,35.81973808874872
15,12,0.01,0.008,random_forest,200,15,0.55,0.5729037976539063,True,0.5784297209052329,0.5502471169686985,0.006348482256562316,0.012552144011424706,0.5649141441382228,0.46795720121625073,0.5502471169686985,334,273,623262,267143,42.86207084661026
15,12,0.015,0.008,random_forest,200,15,0.5,0.5731055974456738,True,0.6363424867431992,0.5017482517482518,0.006330928903888999,0.012504084522383182,0.5568477627076972,0.40307350370798073,0.5017482517482518,287,285,623262,227060,36.43090706637016
30,3,0.01,0.005,xgboost,100,5,0.5,0.7905336022377014,True,0.6736913829606016,0.5009861932938856,0.00631401014218952,0.0124708481649687,0.5729025018796097,0.3772563432413464,0.5009861932938856,254,253,616392,198938,32.27459149372478
15,12,0.005,0.003,random_forest,100,15,0.55,0.6297877724117411,True,0.6541759925553337,0.5528455284552846,0.006302131603336422,0.012462201044625676,0.5789139738253928,0.40553075749492823,0.5528455284552846,272,220,623262,222291,35.66573928781155
10,12,0.015,0.008,xgboost,100,10,0.5,0.8294390439987183,True,0.6361790729831909,0.5035211267605634,0.006282676508062036,0.012410501193317422,0.5526125650773368,0.40195918545037634,0.5035211267605634,286,282,625552,228088,36.46187687034811
15,3,0.01,0.005,xgboost,100,5,0.5,0.7893438935279846,True,0.6739508876641557,0.500990099009901,0.006224781025489617,0.012296775134268148,0.5728506620842566,0.37521302827158237,0.500990099009901,253,252,623262,201004,32.25032169456826
10,6,0.015,0.008,xgboost,100,15,0.5,0.8406294584274292,True,0.6548105282509132,0.500945179584121,0.006135963693618598,0.0121234302445273,0.5580596071826227,0.3872271824404933,0.500945179584121,265,264,625552,212869,34.02898559991815
30,3,0.01,0.008,random_forest,200,15,0.55,0.5976329767279007,True,0.6205517565846576,0.5512572533849129,0.0060857124554248255,0.012038523274478331,0.576483182195549,0.43453702759688756,0.5512572533849129,285,232,616392,231335,37.530500071383145
30,6,0.015,0.008,xgboost,200,5,0.5,0.8131514191627502,True,0.654604596078813,0.5048732943469786,0.006081953739579664,0.012019119216668987,0.5710797885522847,0.39530625804107444,0.5048732943469786,259,254,616392,209698,34.02023387714312
30,3,0.01,0.008,xgboost,200,15,0.55,0.881230890750885,True,0.6205436449030248,0.5503875968992248,0.006064359078388247,0.01199653621137559,0.5751554036928328,0.43677990110882764,0.5503875968992248,284,232,616392,231335,37.530500071383145
10,6,0.01,0.008,random_forest,200,15,0.55,0.5741447108207898,True,0.5902998137653763,0.5504424778761062,0.006060606060606061,0.011989205859676175,0.5674357801390454,0.456942185888335,0.5504424778761062,311,254,625552,258184,41.272987697265776
15,12,0.015,0.008,random_forest,100,15,0.5,0.5753321235602816,True,0.636334464473378,0.5009174311926605,0.006022103103699292,0.01190112908147696,0.5550056388351792,0.4013747996456972,0.5009174311926605,273,272,623262,227060,36.43090706637016
30,12,0.015,0.003,xgboost,200,15,0.5,0.7746260762214661,True,0.7457636742673124,0.5040214477211796,0.0059977667889615565,0.011854467494797906,0.5578228148531712,0.29795909072190646,0.5040214477211796,188,185,616392,155837,25.282125660294096
20,6,0.015,0.008,xgboost,100,10,0.5,0.8271685838699341,True,0.6549136438665003,0.5,0.005996546735731952,0.011850963755418243,0.5689642143774736,0.3944685629243656,0.5,257,257,620972,211055,33.98784486257029
20,3,0.01,0.008,random_forest,100,10,0.55,0.5784352032116794,True,0.6208623535569064,0.55078125,0.005982307643352638,0.011836058005078592,0.5725689621478192,0.42847756270634907,0.55078125,282,230,620972,232849,37.49750391321992
15,12,0.01,0.008,random_forest,200,5,0.5,0.5297323161409384,True,0.5779403624461505,0.5,0.005987341050350687,0.011832985856764523,0.5568071633651244,0.4600573759086293,0.5,315,315,623262,267143,42.86207084661026
30,6,0.01,0.005,random_forest,200,15,0.55,0.5711862119833012,True,0.6546532661686094,0.5509761388286334,0.0059595035311231555,0.011791467434195256,0.5627828110110709,0.39304890749091953,0.5509761388286334,254,207,616392,214290,34.765214344118675
10,6,0.01,0.008,xgboost,200,15,0.55,0.8886712789535522,True,0.5902998137653763,0.5515370705244123,0.005943681184838741,0.011760623120228271,0.5576461136979016,0.4527393036656023,0.5515370705244123,305,248,625552,258184,41.272987697265776
10,3,0.01,0.008,xgboost,200,5,0.55,0.8312999606132507,True,0.6207207999296624,0.55078125,0.005936342202761873,0.01174608463845385,0.5761627571434822,0.43344750058853904,0.55078125,282,230,625552,234823,37.53852597385989
10,6,0.015,0.008,random_forest,100,10,0.5,0.5786250782123196,True,0.6548025353486104,0.5,0.005927572473835325,0.0117162471395881,0.5629864285518773,0.38700278030435153,0.5,256,256,625552,212869,34.02898559991815
10,3,0.015,0.008,random_forest,100,15,0.5,0.6210570128740125,True,0.6991311715196905,0.5,0.005924233568885819,0.011709724847721066,0.596402656440786,0.3641328771646058,0.5,223,223,625552,181741,29.052900478297566
20,6,0.01,0.005,random_forest,100,15,0.5,0.5740698226418346,True,0.654559362293168,0.5,0.00592046990816279,0.011702372725178531,0.5630222792931215,0.3904633735172262,0.5,254,254,620972,215661,34.729585230896085
15,12,0.005,0.003,xgboost,100,15,0.5,0.859753429889679,True,0.6537989458737455,0.5050301810865191,0.005815569972196478,0.011498728726206565,0.5655286750181368,0.39718319224682613,0.5050301810865191,251,246,623262,222291,35.66573928781155
30,12,0.01,0.003,xgboost,200,15,0.5,0.8108338713645935,True,0.704280534397586,0.503562945368171,0.0058147508159850795,0.011496746203904555,0.5549492911158156,0.3389743978654781,0.503562945368171,212,209,616392,184268,29.894612519305895
30,6,0.015,0.008,xgboost,100,5,0.5,0.800529420375824,True,0.6545640376706495,0.5,0.005800164377128097,0.01146730425497342,0.5686967514659338,0.3935952987848011,0.5,247,247,616392,209698,34.02023387714312
15,3,0.01,0.008,random_forest,200,15,0.55,0.5935231853089242,True,0.6208514837188034,0.5524193548387096,0.0057910977723295435,0.011462037230704873,0.5757830306868296,0.43173712792511276,0.5524193548387096,274,222,623262,233784,37.50974710474889
10,3,0.01,0.005,random_forest,200,15,0.5,0.5879610224631535,True,0.6738256428291677,0.5,0.005758674769653009,0.011386210572217646,0.5701080333532295,0.3736207911871302,0.5,235,235,625552,201919,32.27853160089009
20,3,0.01,0.008,xgboost,100,10,0.55,0.848626434803009,True,0.6209106646805427,0.5599173553719008,0.005748955217548103,0.011381055372404091,0.5780497393442039,0.43677750907338775,0.5599173553719008,271,213,620972,232849,37.49750391321992
10,3,0.01,0.003,xgboost,100,10,0.5,0.7924964427947998,True,0.721998865007873,0.5,0.005750265949800179,0.011369773457263864,0.5724773247320863,0.3291533445631292,0.5,200,200,625552,172139,27.51793615878456
20,12,0.01,0.005,xgboost,200,15,0.55,0.8583589196205139,True,0.6470228270059181,0.5526315789473685,0.005742150116210181,0.011366199088899914,0.551625251399387,0.39468398976881114,0.5526315789473685,252,204,620972,222184,35.78003517066792
10,12,0.005,0.003,random_forest,100,10,0.5,0.6060390176862341,True,0.6536995148308302,0.5030425963488844,0.005723649288005723,0.011318515813974715,0.5756139123279633,0.40192430981153987,0.5030425963488844,248,245,625552,223222,35.68400388776632
15,12,0.01,0.003,xgboost,200,15,0.5,0.8138014674186707,True,0.704523757952075,0.5023923444976076,0.005701254275940707,0.01127456243960056,0.5508341262894466,0.33498224240207597,0.5023923444976076,210,208,623262,186123,29.862722258055204
20,12,0.015,0.005,xgboost,200,15,0.5,0.8182917833328247,True,0.6966866621039495,0.5,0.005680913193522697,0.011234185521549688,0.5502219416829204,0.3410931806065466,0.5,214,214,620972,187935,30.264649613831217
30,12,0.01,0.005,xgboost,100,15,0.5,0.8504444360733032,True,0.6463225691318067,0.5,0.005665007683310016,0.011203084249914957,0.5513770927916056,0.39392794345315063,0.5,247,247,616392,220790,35.81973808874872
30,12,0.015,0.008,xgboost,200,10,0.5,0.8520838618278503,True,0.6358260530990679,0.5009861932938856,0.00565751960085531,0.01118868797216043,0.5593739666058384,0.40930140062703735,0.5009861932938856,254,253,616392,224736,36.45991511895028
20,3,0.015,0.003,xgboost,200,15,0.5,0.7579494118690491,True,0.7748701638552277,0.5,0.005650929899856939,0.011175555241193945,0.5825502125705189,0.28179514554294366,0.5,158,158,620972,134836,21.71370045670336
30,12,0.015,0.008,xgboost,100,5,0.55,0.8112198710441589,True,0.6361910787725403,0.55,0.0056352459016393444,0.011156186612576065,0.5569855126822624,0.40621704264734576,0.55,253,207,616392,224736,36.45991511895028
30,12,0.015,0.005,random_forest,200,15,0.5,0.5713383918528261,True,0.6963878681689502,0.501187648456057,0.005637189420251135,0.011148978890914376,0.5628511952718229,0.3498582782861247,0.501187648456057,211,210,616392,186753,30.297765058599076
10,3,0.015,0.008,random_forest,200,15,0.5,0.619053774920635,True,0.6991951147381126,0.5096153846153846,0.005632006800913873,0.011140890220190236,0.5978234808885199,0.36541093900057425,0.5096153846153846,212,204,625552,181741,29.052900478297566
15,12,0.01,0.005,random_forest,200,5,0.5,0.5281795043111828,True,0.6466270366537508,0.5,0.005607391768258076,0.011090407022427766,0.5504224806044744,0.38777089364823936,0.5,247,247,623262,223023,35.78318588330429
20,3,0.01,0.008,random_forest,200,5,0.5,0.548832590291661,True,0.6204436571520593,0.5,0.0055792443624175314,0.011035350886394629,0.5652519390636894,0.4208194172607986,0.5,263,263,620972,232849,37.49750391321992
30,3,0.015,0.008,xgboost,100,15,0.55,0.8383989334106445,True,0.6992350684220345,0.5510752688172043,0.005523224485397133,0.010936833119931712,0.593938740849,0.3663750664028221,0.5510752688172043,205,167,616392,178995,29.03915041077756
20,3,0.015,0.005,xgboost,200,15,0.5,0.7987040877342224,True,0.7392004509038206,0.5014005602240896,0.005526226420919391,0.01093196531085868,0.5785786153447777,0.31422726333842754,0.5014005602240896,179,178,620972,156263,25.16425861391496
30,12,0.01,0.008,xgboost,100,5,0.55,0.8446696996688843,True,0.5779086462414523,0.551923076923077,0.005509800533701933,0.010910680682012583,0.5667717440163834,0.4727708012653137,0.551923076923077,287,233,616392,264422,42.898350400394555
30,3,0.005,0.003,xgboost,200,10,0.5,0.8463346362113953,True,0.6631705318829647,0.5,0.005490800500915134,0.010862315388280133,0.5776911678091442,0.3946960665364447,0.5,228,228,616392,211913,34.379583122428585
20,3,0.01,0.008,xgboost,200,10,0.55,0.8617158532142639,True,0.6208220942872096,0.5501066098081023,0.0054731750779609244,0.010838514535372207,0.5759507213127603,0.43684152616356997,0.5501066098081023,258,211,620972,232849,37.49750391321992
10,3,0.01,0.005,random_forest,100,15,0.5,0.5916705408070395,True,0.6738416286337732,0.5022522522522522,0.0054646147814154085,0.010811597013478134,0.5694463379187409,0.3730569258831424,0.5022522522522522,223,221,625552,201919,32.27853160089009
30,3,0.015,0.008,xgboost,200,10,0.5,0.8347329497337341,True,0.6989268245199912,0.5,0.005442396810001078,0.010767590618336887,0.5954751208350748,0.36771763917567507,0.5,202,202,616392,178995,29.03915041077756
15,3,0.01,0.005,xgboost,100,15,0.5,0.833712100982666,True,0.6739428653943347,0.5,0.005437456943214251,0.010757922406659202,0.5608846463719519,0.36874293774059014,0.5,221,221,623262,201004,32.25032169456826
10,6,0.015,0.008,random_forest,200,10,0.5,0.5783262000330722,True,0.6548185211532159,0.5021459227467812,0.005418171714365101,0.01072066706372841,0.5631909936965762,0.3870866989747937,0.5021459227467812,234,232,625552,212869,34.02898559991815
10,12,0.015,0.008,random_forest,100,10,0.5,0.5604045011945726,True,0.6361550942762827,0.5010183299389002,0.005403980492948464,0.010692630343598549,0.5522430968583547,0.3995372369527428,0.5010183299389002,246,245,625552,228088,36.46187687034811
30,12,0.01,0.005,xgboost,100,10,0.55,0.8363252878189087,True,0.6466713714420137,0.550351288056206,0.005389784637967019,0.010675024984101026,0.5607003832670945,0.4015597341370259,0.550351288056206,235,192,616392,220790,35.81973808874872
30,3,0.01,0.005,xgboost,200,10,0.5,0.8344855904579163,True,0.6736832712789689,0.5,0.005394252759272149,0.010673355958880528,0.5700132409047313,0.3790290031098994,0.5,217,217,616392,198938,32.27459149372478
20,3,0.01,0.008,random_forest,100,15,0.55,0.5952484201877006,True,0.620830146141149,0.5524017467248908,0.005367105793504317,0.010630922116940143,0.5767841075540959,0.43419731188313665,0.5524017467248908,253,205,620972,232849,37.49750391321992
10,6,0.005,0.003,xgboost,200,15,0.5,0.8586460947990417,True,0.6568327325335103,0.5,0.005357059672986444,0.010600543853989031,0.5644902625603736,0.39192487783841623,0.5,230,230,625552,220541,35.25542241092667
30,12,0.01,0.005,xgboost,200,10,0.55,0.8499501943588257,True,0.6466713714420137,0.5513126491646778,0.005298043622852687,0.010495229441163108,0.559867956149934,0.40125928015151757,0.5513126491646778,231,188,616392,220790,35.81973808874872
30,6,0.015,0.008,random_forest,100,15,0.55,0.6022320472671283,True,0.654896616617591,0.5501222493887531,0.0052835505459668895,0.010466576731636973,0.5685007271325967,0.3947982007868733,0.5501222493887531,225,184,616392,209698,34.02023387714312
20,3,0.015,0.008,xgboost,100,10,0.5,0.8186808824539185,True,0.6993115664881839,0.5,0.0052752784918594685,0.010440404896920875,0.5963897005318439,0.3651822754972828,0.5,197,197,620972,180125,29.00694395238433
15,3,0.015,0.008,xgboost,200,15,0.5,0.8360803127288818,True,0.699373460726978,0.5,0.005256978171532262,0.010404563219604944,0.5858907960912676,0.35884709139847615,0.5,197,197,623262,180854,29.017331395143614
20,6,0.005,0.003,random_forest,100,15,0.5,0.5961351316506616,True,0.6568621925198277,0.5,0.005256241787122208,0.010403120936280884,0.5784077400821098,0.4002137785410511,0.5,224,224,620972,218805,35.23588825261042
15,3,0.01,0.005,xgboost,200,15,0.5,0.8400112986564636,True,0.6739508876641557,0.5011764705882353,0.005240625922645409,0.010372787260464098,0.5620903319956196,0.3717622292028402,0.5011764705882353,213,212,623262,201004,32.25032169456826
10,3,0.01,0.008,random_forest,200,15,0.55,0.59650182539503,True,0.6206888283204515,0.5538116591928252,0.005199562142135399,0.010302398331595412,0.5757886769770724,0.43206495994123795,0.5538116591928252,247,199,625552,234823,37.53852597385989
15,3,0.015,0.008,random_forest,100,15,0.5,0.6195446955303074,True,0.699373460726978,0.5,0.005203607834765437,0.010300021128248469,0.596325136330405,0.36261846501454853,0.5,195,195,623262,180854,29.017331395143614
20,12,0.015,0.005,random_forest,200,15,0.5,0.5701513771397955,True,0.6967027658118282,0.5025773195876289,0.0051765330501725515,0.01024751694781649,0.5619183417913146,0.3470759946078407,0.5025773195876289,195,193,620972,187935,30.264649613831217
20,3,0.01,0.008,random_forest,100,5,0.5,0.5489499065243205,True,0.6204517090059987,0.5010309278350515,0.0051549672245911025,0.010204938686376617,0.5649869116262349,0.42067166293577796,0.5010309278350515,243,242,620972,232849,37.49750391321992
30,12,0.005,0.003,random_forest,200,15,0.55,0.6298313505425682,True,0.653769092870643,0.55,0.005149451115324298,0.010203371750573939,0.5797335589139226,0.40828300733598194,0.55,220,180,616392,220054,35.70033355397214
30,6,0.005,0.003,random_forest,200,5,0.55,0.5539737228069604,False,0.6563080492216842,0.4589473684210526,0.005149890151425669,0.010185488015698733,0.5672696576970147,0.3907632859749729,0.4589473684210526,218,257,616392,217402,35.27008786616309
30,6,0.005,0.003,random_forest,200,5,0.5,0.5539737228069604,False,0.6563080492216842,0.4589473684210526,0.005149890151425669,0.010185488015698733,0.5672696576970147,0.3907632859749729,0.4589473684210526,218,257,616392,217402,35.27008786616309
15,3,0.01,0.008,xgboost,200,5,0.55,0.831879198551178,True,0.6207953278300562,0.5510204081632653,0.005135900579109777,0.010176944822531672,0.5785270371986524,0.43394879011742304,0.5510204081632653,243,198,623262,233784,37.50974710474889
10,6,0.01,0.005,xgboost,200,10,0.5,0.8389260768890381,True,0.65439489733117,0.502262443438914,0.005134016327096968,0.010164137078497356,0.5598399619526984,0.39054928778791914,0.502262443438914,222,220,625552,217445,34.76049952681791
30,6,0.005,0.003,random_forest,200,15,0.5,0.593380132608992,True,0.6566244048053602,0.5,0.005126266802107203,0.010148485911376126,0.5785829308440649,0.4018538337485175,0.5,217,217,616392,217402,35.27008786616309
20,3,0.005,0.003,xgboost,200,15,0.5,0.854380190372467,True,0.6634244534804139,0.5023474178403756,0.005119249814606607,0.010135215136517559,0.5633082143923016,0.38408973398068674,0.5023474178403756,214,212,620972,213297,34.34889173746964
10,12,0.015,0.008,xgboost,100,15,0.5,0.8512208461761475,True,0.6361471013739799,0.5,0.005118404288036554,0.01013307819431156,0.547886996609971,0.3981631380157373,0.5,233,233,625552,228088,36.46187687034811
30,12,0.01,0.003,xgboost,200,10,0.5,0.8233457803726196,True,0.7042643110343205,0.5013477088948787,0.005101620998930305,0.010100461580233505,0.5642558848042294,0.3457373514747598,0.5013477088948787,186,185,616392,184268,29.894612519305895
20,3,0.01,0.005,xgboost,200,10,0.5,0.8342858552932739,True,0.6739804339949274,0.5012165450121655,0.005087550319824158,0.010072857073003766,0.5707235570557208,0.37711749845960635,0.5012165450121655,206,205,620972,200227,32.244126949363256
30,12,0.015,0.005,random_forest,100,15,0.5,0.5767891097800877,True,0.6963797564873174,0.5,0.005076142131979695,0.010050251256281407,0.5622210678911476,0.3486339924377524,0.5,190,190,616392,186753,30.297765058599076
30,12,0.015,0.008,random_forest,200,15,0.55,0.5846851521113435,True,0.6361667437276421,0.5525672371638142,0.005033856022808268,0.009976823750137954,0.559528451019547,0.40950948409086935,0.5525672371638142,226,183,616392,224736,36.45991511895028
15,12,0.01,0.008,random_forest,100,15,0.55,0.5785135667904394,True,0.5783254313975597,0.55,0.005017962023151052,0.009945188450019777,0.5638371935260895,0.4667821391441708,0.55,264,216,623262,267143,42.86207084661026
10,6,0.01,0.005,random_forest,200,15,0.5,0.5708397192261809,True,0.6543789115265645,0.5,0.005018385328738929,0.009937034917000572,0.5622252615176447,0.3885610119736888,0.5,217,217,625552,217445,34.76049952681791
30,3,0.01,0.003,xgboost,200,5,0.5,0.7879443764686584,True,0.7218585484956886,0.5,0.005016185948846569,0.009932723125342881,0.58517184191244,0.3360123106283951,0.5,172,172,616392,169603,27.51544471699827
30,3,0.005,0.003,xgboost,100,10,0.5,0.8355713486671448,True,0.6632029786094955,0.5048543689320388,0.005009151334168192,0.009919877909194963,0.5791962919983654,0.39484569064723024,0.5048543689320388,208,204,616392,211913,34.379583122428585
10,12,0.005,0.003,random_forest,200,10,0.5,0.6083722377524521,True,0.6537155006354357,0.5058275058275058,0.005008193127005008,0.009918186388774624,0.5759015693662041,0.40222949431558813,0.5058275058275058,217,212,625552,223222,35.68400388776632
15,12,0.015,0.005,random_forest,100,15,0.5,0.5742313456091312,True,0.6967341339558615,0.5,0.004999603206094754,0.00990021214740316,0.5574722825636789,0.342259424138832,0.5,189,189,623262,188637,30.266083926181924
30,12,0.015,0.005,xgboost,200,5,0.5,0.7916284203529358,True,0.6963797564873174,0.5,0.00499599251936949,0.009893133001798752,0.5666466822978333,0.35182818241379127,0.5,187,187,616392,186753,30.297765058599076
20,6,0.01,0.003,random_forest,200,10,0.5,0.5666502479483866,False,0.709424695036032,0.4430693069306931,0.004966428056156706,0.00982275146792515,0.5688090896375523,0.3337444107830312,0.4430693069306931,179,225,620972,181090,29.16234548417642
20,6,0.01,0.003,random_forest,200,10,0.55,0.5666502479483866,False,0.709424695036032,0.4430693069306931,0.004966428056156706,0.00982275146792515,0.5688090896375523,0.3337444107830312,0.4430693069306931,179,225,620972,181090,29.16234548417642
15,12,0.01,0.005,random_forest,200,5,0.55,0.5282870988432746,False,0.646715281621782,0.5129411764705882,0.004949034030284456,0.009803480685344246,0.5504224806044744,0.38777089364823936,0.5129411764705882,218,207,623262,223023,35.78318588330429
20,6,0.01,0.005,random_forest,200,10,0.5,0.5579672489892009,True,0.654559362293168,0.5,0.004941494569017761,0.009786271522873102,0.5601238567614293,0.3864007985991764,0.5,212,212,620972,215661,34.729585230896085
20,3,0.01,0.005,xgboost,200,5,0.5,0.8060629963874817,True,0.6739804339949274,0.5012531328320802,0.004939369242547727,0.009782342871117632,0.5766714074556099,0.379676048931408,0.5012531328320802,200,199,620972,200227,32.244126949363256
20,3,0.015,0.008,xgboost,100,5,0.5,0.7860815525054932,True,0.6993115664881839,0.5,0.004927163667523565,0.00975816716164616,0.6028098889977602,0.3669912656818911,0.5,184,184,620972,180125,29.00694395238433
30,6,0.015,0.005,random_forest,200,15,0.5,0.5881313654912615,True,0.708149806536393,0.5042735042735043,0.004919126229781558,0.009743208653290397,0.5696710614160319,0.34009028025505716,0.5042735042735043,177,174,616392,176858,28.69245545042765
30,3,0.01,0.003,xgboost,200,15,0.5,0.8080641031265259,True,0.7218666601773214,0.5014925373134328,0.004899530461664091,0.009704251386321626,0.5664907045885572,0.3273899175258068,0.5014925373134328,168,167,616392,169603,27.51544471699827
15,3,0.005,0.003,xgboost,100,15,0.5,0.8475991487503052,True,0.6634657810080784,0.5,0.004886769964243146,0.00967894239848914,0.567414512694642,0.3855128013856619,0.5,205,205,623262,214089,34.349759812085445
10,12,0.015,0.008,xgboost,200,15,0.5,0.8642493486404419,True,0.6361471013739799,0.5,0.004876762883880322,0.009659313405560631,0.5487062396854976,0.39946292243857123,0.5,222,222,625552,228088,36.46187687034811
10,12,0.015,0.008,random_forest,200,15,0.5,0.5746663794686695,True,0.6361471013739799,0.5,0.004876762883880322,0.009659313405560631,0.557151596258558,0.404728718277353,0.5,222,222,625552,228088,36.46187687034811
30,3,0.01,0.003,xgboost,100,10,0.5,0.8035357594490051,True,0.7218747718589541,0.5030487804878049,0.004812038846277232,0.009532888465204958,0.5764380290124057,0.3330968543019283,0.5030487804878049,165,163,616392,169603,27.51544471699827
10,3,0.015,0.008,xgboost,200,5,0.5,0.798717200756073,True,0.6991551502265988,0.5041782729805014,0.004808458636629297,0.009526065103549907,0.5989158051571176,0.3650499432349697,0.5041782729805014,181,178,625552,181741,29.052900478297566
10,12,0.005,0.003,xgboost,200,5,0.5,0.8426223397254944,True,0.6536755361239219,0.5,0.004800480048004801,0.00950965824665676,0.585317689746186,0.40747166779612953,0.5,208,208,625552,223222,35.68400388776632
20,6,0.01,0.003,xgboost,200,15,0.5,0.8150844573974609,True,0.7098111840251218,0.502906976744186,0.004799955607346984,0.009509151871598967,0.5552346974137746,0.33189880067218436,0.502906976744186,173,171,620972,181090,29.16234548417642
30,12,0.015,0.003,xgboost,100,15,0.5,0.7861410975456238,True,0.7457393392224142,0.5,0.004785452225235284,0.009480170643071575,0.5550969017031134,0.29474084216375257,0.5,150,150,616392,155837,25.282125660294096
15,12,0.01,0.003,random_forest,200,15,0.5,0.572550996189233,True,0.7045077134124329,0.5,0.004778194059836021,0.009465928037433442,0.5644871898024064,0.3392704381786102,0.5,176,176,623262,186123,29.862722258055204
15,6,0.01,0.008,xgboost,200,10,0.55,0.8718551993370056,True,0.5903427915894524,0.5510204081632653,0.004754451183721385,0.009427557176388431,0.5653018872415645,0.4582106624812023,0.5510204081632653,243,198,623262,257084,41.24814283559723
15,6,0.015,0.008,xgboost,100,15,0.5,0.846076250076294,True,0.654994264077078,0.5,0.004743524159419616,0.009397890081540516,0.5589221201006719,0.38568152842612347,0.5,204,204,623262,211891,33.9970991332698
20,6,0.015,0.008,random_forest,200,10,0.5,0.579286789970889,True,0.6549136438665003,0.5,0.004736571935227962,0.009384245562130177,0.5647962118520518,0.38845163983250885,0.5,203,203,620972,211055,33.98784486257029
30,12,0.005,0.003,random_forest,100,15,0.55,0.6324946355436909,True,0.6537528695073775,0.5519125683060109,0.004728132387706856,0.009375942816031935,0.5786448046875191,0.4072203807388647,0.5519125683060109,202,164,616392,220054,35.70033355397214
20,6,0.015,0.003,xgboost,200,15,0.5,0.7833898067474365,True,0.7534119731068079,0.5,0.004702040816326531,0.009316468799534176,0.5629720185040993,0.29181527058688744,0.5,144,144,620972,150151,24.17999523327944
10,3,0.005,0.003,xgboost,200,15,0.5,0.8582903742790222,True,0.6633949053240722,0.5,0.004701636074371334,0.00931567432778941,0.5641320885630117,0.38298527781213104,0.5,198,198,625552,214996,34.36900529452387
15,3,0.005,0.003,xgboost,200,15,0.5,0.8561919927597046,True,0.6634738032778994,0.5012722646310432,0.004696066746126341,0.00930496185910304,0.565793487493633,0.3846067270931576,0.5012722646310432,197,196,623262,214089,34.349759812085445
30,6,0.01,0.005,random_forest,200,10,0.5,0.5570574029697701,True,0.6542963521767697,0.5037783375314862,0.0046925224654513036,0.00929843321400344,0.5576616081934228,0.3859568228282475,0.5037783375314862,200,197,616392,214290,34.765214344118675
30,12,0.015,0.008,random_forest,100,15,0.55,0.5885019607373316,True,0.6361342970011113,0.5511811023622047,0.004677476835352815,0.00927623296596506,0.5577952916400071,0.40753862334500673,0.5511811023622047,210,171,616392,224736,36.45991511895028
10,6,0.005,0.003,random_forest,100,10,0.5,0.5735489244421871,False,0.6564091087114642,0.44175824175824174,0.00468160432291424,0.009265021088294268,0.5738951808680584,0.3934240572721288,0.44175824175824174,201,254,625552,220541,35.25542241092667
10,6,0.005,0.003,random_forest,100,10,0.55,0.5735489244421871,False,0.6564091087114642,0.44175824175824174,0.00468160432291424,0.009265021088294268,0.5738951808680584,0.3934240572721288,0.44175824175824174,201,254,625552,220541,35.25542241092667
30,3,0.005,0.003,xgboost,200,15,0.5,0.855006992816925,True,0.66318675524623,0.5025906735751295,0.004671996917445333,0.009257933667382486,0.5693475695445753,0.3885006744616338,0.5025906735751295,194,192,616392,211913,34.379583122428585
15,6,0.01,0.005,random_forest,200,15,0.5,0.5716712728516224,True,0.6545369946972797,0.5,0.0046675800571256065,0.009248820890371563,0.5627870031183089,0.39049003154524736,0.5,201,201,623262,216486,34.73434927847358
30,12,0.015,0.005,xgboost,100,5,0.5,0.777987539768219,True,0.6964122032138482,0.5058139534883721,0.004648677531391932,0.0092126859744798,0.5632308043479669,0.34795104719063447,0.5058139534883721,174,170,616392,186753,30.297765058599076
15,12,0.015,0.008,xgboost,200,15,0.5,0.866143524646759,True,0.636326442203557,0.5,0.004632387002845609,0.009179725919611829,0.5491384775800223,0.3987998434607347,0.5,210,210,623262,227060,36.43090706637016
30,12,0.005,0.003,random_forest,100,10,0.5,0.6233709807258537,True,0.6534446256053342,0.5,0.004611099407813121,0.009137927035739964,0.5767112677789813,0.40448926200305696,0.5,197,197,616392,220054,35.70033355397214
15,12,0.01,0.005,random_forest,100,15,0.5,0.5698554130042723,True,0.6466511034632139,0.5037220843672456,0.004608504165815342,0.009133447313956627,0.5586065807367862,0.3940216336570136,0.5037220843672456,203,200,623262,223023,35.78318588330429
20,6,0.01,0.008,xgboost,100,10,0.55,0.8602862358093262,True,0.5903216715648778,0.5518867924528302,0.0045950828685884845,0.009114279037158215,0.5666919973661477,0.4591622758485955,0.5518867924528302,234,190,620972,256073,41.23744709906405
15,3,0.01,0.008,xgboost,200,15,0.55,0.8811525106430054,True,0.6207552164809511,0.550761421319797,0.004586380352538361,0.009097006791313826,0.5699319347036148,0.4311944605753879,0.550761421319797,217,177,623262,233784,37.50974710474889
30,6,0.005,0.003,xgboost,200,10,0.5,0.8578910827636719,True,0.6566811865767892,0.5091863517060368,0.004582929767782476,0.009084098145720173,0.57849738681713,0.40365115292012155,0.5091863517060368,194,187,616392,217402,35.27008786616309
30,6,0.015,0.008,xgboost,100,15,0.55,0.8555112481117249,True,0.6548722815726928,0.5539772727272727,0.004579077139837971,0.009083075203204696,0.5665228804032497,0.3953588142733304,0.5539772727272727,195,157,616392,209698,34.02023387714312
10,3,0.005,0.003,xgboost,200,10,0.5,0.8433837890625,True,0.663402898226375,0.5012987012987012,0.004582907890675088,0.009082780366134876,0.5771636333811541,0.39217825533437445,0.5012987012987012,193,192,625552,214996,34.36900529452387
10,3,0.01,0.008,random_forest,100,15,0.55,0.6000284105707744,True,0.6206248851020294,0.550761421319797,0.0045680363758841365,0.009060921124055285,0.5749254791946588,0.43129338768769604,0.550761421319797,217,177,625552,234823,37.53852597385989
15,12,0.01,0.008,xgboost,200,5,0.55,0.8532807230949402,True,0.5783013645880966,0.5517241379310345,0.004561783657410047,0.009048750141386721,0.5655960091761472,0.46803608869957414,0.5517241379310345,240,195,623262,267143,42.86207084661026
30,6,0.015,0.005,random_forest,100,15,0.5,0.5924961786331193,True,0.7081254714914949,0.5,0.004557834472791952,0.009033324153125862,0.5676727351206038,0.338454746887391,0.5,164,164,616392,176858,28.69245545042765
15,6,0.01,0.008,xgboost,200,15,0.55,0.8943294286727905,True,0.5903187247799893,0.55,0.00451966347094502,0.008965651077042499,0.5642652794406129,0.4583819220889377,0.55,231,189,623262,257084,41.24814283559723
30,12,0.015,0.005,xgboost,100,10,0.5,0.810224711894989,True,0.6964040915322155,0.5044776119402985,0.004515094843708255,0.008950086058519793,0.5590494826132085,0.34763775047175804,0.5044776119402985,169,166,616392,186753,30.297765058599076
20,6,0.015,0.008,random_forest,100,10,0.5,0.5813427854762208,True,0.6549216957204397,0.5012987012987012,0.004503243268467964,0.008926300210438684,0.5645950417890389,0.3883893406046646,0.5012987012987012,193,192,620972,211055,33.98784486257029
20,3,0.015,0.008,xgboost,200,15,0.55,0.8458675146102905,True,0.6995692258142437,0.5526315789473685,0.004498714652956298,0.008924776880577986,0.5883278543857337,0.3626669808166235,0.5526315789473685,168,136,620972,180125,29.00694395238433
15,3,0.01,0.005,xgboost,200,10,0.5,0.8328598737716675,True,0.6739428653943347,0.5,0.004502509595512252,0.008924652523774688,0.5672188969192379,0.37361512632752053,0.5,183,183,623262,201004,32.25032169456826
20,3,0.01,0.005,random_forest,100,15,0.5,0.5920590268521135,True,0.673972382140988,0.5,0.004470129164505693,0.008861038357036203,0.5701338707266044,0.3744575699733348,0.5,181,181,620972,200227,32.244126949363256
30,6,0.01,0.005,xgboost,100,10,0.55,0.8329827785491943,True,0.6545559259890168,0.5507246376811594,0.004457896342178738,0.00884420239258949,0.5654924229012226,0.39675008364716,0.5507246376811594,190,155,616392,214290,34.765214344118675
15,12,0.015,0.008,xgboost,100,15,0.5,0.8546609878540039,True,0.636326442203557,0.5,0.0044559151170229195,0.008833111047948051,0.547700324596362,0.39703949429315666,0.5,202,202,623262,227060,36.43090706637016
10,12,0.015,0.005,random_forest,100,15,0.5,0.5780447149686774,True,0.6965494640759006,0.5014836795252225,0.0044513512089764526,0.008824374069916194,0.5572739462340489,0.34371415149538914,0.5014836795252225,169,168,625552,189528,30.297721052766196
15,6,0.01,0.005,xgboost,200,15,0.5,0.8540123701095581,True,0.6545530392369217,0.5026315789473684,0.004435362143835776,0.008793131229427065,0.5552688844216438,0.3856938782361639,0.5026315789473684,191,189,623262,216486,34.73434927847358
30,6,0.015,0.005,xgboost,100,10,0.5,0.8054723739624023,True,0.7081254714914949,0.5,0.004418876104719026,0.008760330578512396,0.5690414975699307,0.34181596353611915,0.5,159,159,616392,176858,28.69245545042765
10,6,0.01,0.005,random_forest,100,15,0.5,0.5752014061352072,True,0.6543869044288672,0.5013123359580053,0.004417104137277121,0.008757049195360139,0.5617281880496574,0.38851990668233793,0.5013123359580053,191,190,625552,217445,34.76049952681791
20,6,0.015,0.003,xgboost,100,10,0.5,0.7849811315536499,True,0.7534602842304441,0.5113636363636364,0.004408163265306122,0.008740975751885784,0.5796802201996542,0.30121550622307924,0.5113636363636364,135,129,620972,150151,24.17999523327944
15,12,0.005,0.003,xgboost,200,15,0.55,0.8764403462409973,True,0.6540636807778393,0.5555555555555556,0.004402224281742354,0.008735230564111995,0.5653451641149732,0.39887559839041137,0.5555555555555556,190,152,623262,222291,35.66573928781155
20,12,0.015,0.008,random_forest,200,10,0.5,0.5622172673308249,True,0.6362333427271629,0.5025252525252525,0.004404603806994245,0.008732666315604704,0.5544149662888099,0.4012799726590055,0.5025252525252525,199,197,620972,226182,36.423864522071845
15,3,0.01,0.008,xgboost,100,10,0.55,0.848065197467804,True,0.6207391719413091,0.5508021390374331,0.0043538910259119925,0.00863949001845328,0.5754514701775392,0.4328838438539592,0.5508021390374331,206,168,623262,233784,37.50974710474889
15,12,0.01,0.008,xgboost,200,10,0.55,0.8802161812782288,True,0.5782772977786335,0.5504807692307693,0.00435270190644542,0.008637109397099592,0.5613334412600446,0.4691737058661605,0.5504807692307693,229,187,623262,267143,42.86207084661026
15,3,0.01,0.005,xgboost,200,5,0.5,0.805602490901947,True,0.6739508876641557,0.5014164305949008,0.004354886330085622,0.008634778154499109,0.5738659313146991,0.37651548834589266,0.5014164305949008,177,176,623262,201004,32.25032169456826
15,6,0.015,0.008,xgboost,200,15,0.55,0.8620526194572449,True,0.6552910880604558,0.5548961424332344,0.004348230479467982,0.008628844334725331,0.5574891833231871,0.38649089637040707,0.5548961424332344,187,150,623262,211891,33.9970991332698
30,3,0.015,0.008,xgboost,100,10,0.55,0.824070155620575,True,0.6991701749689728,0.5513698630136986,0.004337751912921651,0.008607784431137725,0.5991472987153799,0.36841971160967696,0.5513698630136986,161,131,616392,178995,29.03915041077756
30,6,0.015,0.005,xgboost,100,15,0.5,0.8183979988098145,True,0.7081335831731276,0.5016077170418006,0.004335501083875271,0.008596699087978398,0.5575305478221213,0.3327993623546886,0.5016077170418006,156,155,616392,176858,28.69245545042765
15,6,0.015,0.005,xgboost,100,15,0.5,0.8136597871780396,True,0.7084386256247343,0.5032051282051282,0.004319595003576735,0.008565660974412134,0.5564905549027191,0.33200994353159846,0.5032051282051282,157,155,623262,178667,28.666435624183727
15,6,0.015,0.008,random_forest,200,10,0.5,0.5802102606359704,False,0.654986241807257,0.49865229110512127,0.004301725340650142,0.008529866058049196,0.5645106328127172,0.3874685056600557,0.49865229110512127,185,186,623262,211891,33.9970991332698
15,6,0.015,0.008,random_forest,200,10,0.55,0.5802102606359704,False,0.654986241807257,0.49865229110512127,0.004301725340650142,0.008529866058049196,0.5645106328127172,0.3874685056600557,0.49865229110512127,185,186,623262,211891,33.9970991332698
30,3,0.01,0.005,random_forest,200,15,0.5,0.5903690685671743,True,0.6736832712789689,0.5,0.0043004872228298695,0.00852762853058609,0.5698097026046309,0.37519968975987733,0.5,173,173,616392,198938,32.27459149372478
10,6,0.015,0.008,xgboost,200,5,0.5,0.8114645481109619,True,0.6548265140555187,0.5040871934604905,0.004283597295545059,0.008495006313856045,0.5682528114704619,0.3917597199855074,0.5040871934604905,185,182,625552,212869,34.02898559991815
20,12,0.005,0.003,xgboost,200,15,0.55,0.8789089918136597,True,0.6539796288095334,0.5508982035928144,0.00427827380952381,0.008490609570393614,0.5646244970046738,0.39589063420980486,0.5508982035928144,184,150,620972,221474,35.66569829235456
20,6,0.015,0.003,xgboost,200,10,0.55,0.8019351959228516,True,0.7536052176013527,0.5504201680672269,0.004277551020408163,0.008489129378219875,0.5752788890561034,0.30014859512815373,0.5504201680672269,131,107,620972,150151,24.17999523327944
20,3,0.005,0.003,xgboost,100,5,0.5,0.8148127198219299,True,0.6634083497725352,0.5,0.004258067602803626,0.008444223060319268,0.5836587888332667,0.3934186217138205,0.5,178,178,620972,213297,34.34889173746964
15,6,0.005,0.003,random_forest,100,15,0.5,0.5957497951504738,True,0.6569276311039446,0.5027624309392266,0.004255617649121987,0.008439796888404554,0.5771193410938865,0.3982732491132296,0.5027624309392266,182,180,623262,219616,35.236545786523166
30,3,0.015,0.008,random_forest,200,15,0.5,0.6224859357486148,True,0.6989268245199912,0.5,0.004229981679060244,0.008388992786534865,0.6004272833426965,0.36594685938938276,0.5,157,157,616392,178995,29.03915041077756
20,6,0.015,0.008,xgboost,200,10,0.55,0.8487594723701477,True,0.6551954587543782,0.5535168195718655,0.004223248868355966,0.008382540233877503,0.567650412362986,0.3956561012489101,0.5535168195718655,181,146,620972,211055,33.98784486257029
30,12,0.01,0.003,random_forest,200,15,0.5,0.5735728937691258,True,0.7042643110343205,0.501628664495114,0.004223922762555199,0.008377305118859816,0.5656050730467757,0.3418081721883247,0.501628664495114,154,153,616392,184268,29.894612519305895
20,6,0.015,0.008,xgboost,200,15,0.55,0.8644993305206299,True,0.6552035106083176,0.5555555555555556,0.004199916001679967,0.008336807002917883,0.562237620175817,0.39116853967805226,0.5555555555555556,180,144,620972,211055,33.98784486257029
15,3,0.01,0.003,xgboost,200,10,0.5,0.81498783826828,True,0.7221085733997578,0.5,0.0041859122401847575,0.00830231892356141,0.5709032886935577,0.3280424379925219,0.5,145,145,623262,171350,27.492451007762387
15,6,0.01,0.008,random_forest,200,5,0.5,0.536036681471084,True,0.5899898117173273,0.5011764705882353,0.004167481901780474,0.008266226836130784,0.5590788471830613,0.4490279178160364,0.5011764705882353,213,212,623262,257084,41.24814283559723
10,12,0.005,0.003,random_forest,200,15,0.55,0.6296146672173638,True,0.6539552877045184,0.5538461538461539,0.004154261580004154,0.008246666972098776,0.5786480133764426,0.4046912085944246,0.5538461538461539,180,145,625552,223222,35.68400388776632
10,3,0.01,0.003,random_forest,100,15,0.5,0.5985664731365422,True,0.721998865007873,0.5,0.0041401914838561284,0.008212381305426446,0.5745767179930898,0.3277318460414452,0.5,144,144,625552,172139,27.51793615878456
30,3,0.015,0.003,xgboost,200,15,0.5,0.7768869996070862,True,0.7745439207002004,0.5043859649122807,0.004137285940423082,0.008207250927776192,0.5822635106038809,0.2810862345658366,0.5043859649122807,115,113,616392,134008,21.740710456981923
30,6,0.015,0.008,random_forest,200,15,0.55,0.603334111371159,True,0.6548317231645292,0.5520504731861199,0.004109428202418692,0.008158127826208568,0.5699728167411531,0.3958687955651058,0.5520504731861199,175,142,616392,209698,34.02023387714312
10,12,0.015,0.005,random_forest,200,15,0.5,0.5754972467331028,True,0.6965414711735979,0.5,0.004108939577516725,0.00815089607607503,0.558503745875376,0.3443373744816257,0.5,156,156,625552,189528,30.297721052766196
15,3,0.015,0.005,xgboost,200,15,0.5,0.8087822794914246,True,0.7392601862771052,0.5038167938931297,0.004061038641397982,0.008057132393334554,0.5779658843785213,0.31295323631868055,0.5038167938931297,132,130,623262,156869,25.169030038731705
10,3,0.01,0.005,xgboost,100,15,0.5,0.8399451971054077,True,0.6738256428291677,0.5,0.004043324838267006,0.008021780349068986,0.5611472156604065,0.3683851904876898,0.5,165,165,625552,201919,32.27853160089009
10,12,0.005,0.003,xgboost,100,5,0.5,0.8361794352531433,True,0.6536915219285274,0.5028735632183908,0.004038865425004039,0.00801337088169975,0.5838719183807587,0.4058414554816928,0.5028735632183908,175,173,625552,223222,35.68400388776632
30,12,0.015,0.005,xgboost,200,10,0.55,0.8298812508583069,True,0.6966068835730336,0.551094890510949,0.004034197168047021,0.008009760237640568,0.5593930748253788,0.3493484850878179,0.551094890510949,151,123,616392,186753,30.297765058599076
30,12,0.01,0.003,xgboost,200,15,0.55,0.8251240253448486,True,0.7044914381200367,0.5547169811320755,0.004031926273348144,0.008005663871038014,0.5549492911158156,0.3389743978654781,0.5547169811320755,147,118,616392,184268,29.894612519305895
20,12,0.01,0.005,xgboost,200,5,0.5,0.8214073777198792,True,0.6466524417247071,0.5028409090909091,0.0040331768673381035,0.0080021700800217,0.5659030925454842,0.4001848573121268,0.5028409090909091,177,175,620972,222184,35.78003517066792
30,3,0.01,0.005,random_forest,100,15,0.5,0.5943962367137087,True,0.6736913829606016,0.5015479876160991,0.0040270458387193,0.007989938595842273,0.5689526673194876,0.3743590280805917,0.5015479876160991,162,161,616392,198938,32.27459149372478
30,6,0.01,0.003,xgboost,200,10,0.5,0.8232461214065552,True,0.7095693508221189,0.5034965034965035,0.004021672345416969,0.007979607669289594,0.5684782080032318,0.34253336607814866,0.5034965034965035,144,142,616392,179939,29.19229970538229
10,12,0.005,0.003,xgboost,100,5,0.55,0.8362023234367371,False,0.6536915219285274,0.5028901734104047,0.0040157861940040155,0.007967945048654838,0.5838719183807587,0.4058414554816928,0.5028901734104047,174,172,625552,223222,35.68400388776632
30,6,0.015,0.008,random_forest,100,10,0.5,0.5851779493156276,True,0.6545640376706495,0.5,0.004015498414934836,0.00796701376755888,0.5638435576306852,0.38829273572296946,0.5,171,171,616392,209698,34.02023387714312
10,6,0.015,0.005,xgboost,200,15,0.5,0.8213139176368713,True,0.7082350872425286,0.5017182130584192,0.003999561691869384,0.007935860850659057,0.5545510706189429,0.33025238025659137,0.5017182130584192,146,145,625552,179524,28.698493490549147
10,12,0.005,0.003,random_forest,100,15,0.55,0.6314716085548472,True,0.6539313089976101,0.5509554140127388,0.003992706963003993,0.007927960955937952,0.5778288299255052,0.4039795284386749,0.5509554140127388,173,141,625552,223222,35.68400388776632
20,3,0.015,0.003,random_forest,100,5,0.55,0.5882451453123364,False,0.7740086154837151,0.338368580060423,0.004005722460658083,0.00791771234668269,0.5946156045870962,0.2787986048335247,0.338368580060423,112,219,620972,134836,21.71370045670336
20,3,0.015,0.003,random_forest,100,5,0.5,0.5882451453123365,False,0.7740086154837151,0.338368580060423,0.004005722460658083,0.00791771234668269,0.5946156045870962,0.2787986048335247,0.338368580060423,112,219,620972,134836,21.71370045670336
20,3,0.01,0.008,xgboost,100,15,0.55,0.8718814849853516,True,0.6207174201859978,0.55,0.003966991238677104,0.007877166747404116,0.5692989512467774,0.4295729955835245,0.55,187,153,620972,232849,37.49750391321992
20,6,0.01,0.008,random_forest,200,5,0.5,0.5352481846434088,True,0.5899673899915455,0.5,0.003927421255203833,0.007793624814901411,0.5585138676938458,0.44838349214791295,0.5,200,200,620972,256073,41.23744709906405
30,3,0.015,0.005,xgboost,200,15,0.5,0.8138706684112549,True,0.7388525215162355,0.5,0.003913772752686836,0.007766750909202983,0.5808916398784256,0.31733510382227614,0.5,126,126,616392,155288,25.19305896247842
10,12,0.01,0.005,random_forest,100,15,0.5,0.5669354141089332,True,0.6465059027583506,0.5058479532163743,0.003911372371693421,0.007762720990756529,0.5573764800282716,0.39431164937270213,0.5058479532163743,173,169,625552,224005,35.80917333810778
15,6,0.015,0.008,xgboost,200,5,0.5,0.814169704914093,True,0.654994264077078,0.5,0.0038831790912895875,0.007706506691278265,0.5714809385824129,0.39338706494819253,0.5,167,167,623262,211891,33.9970991332698
10,6,0.01,0.008,xgboost,100,15,0.55,0.8807324171066284,True,0.590147948621624,0.5527777777777778,0.003878008379616097,0.007701983551040154,0.5582759265244606,0.4531127813030377,0.5527777777777778,199,161,625552,258184,41.272987697265776
30,6,0.015,0.003,random_forest,200,15,0.5,0.5973809920836148,True,0.7531453045530869,0.5,0.003877497371188223,0.007695317594887179,0.582189539231786,0.3004126680569475,0.5,118,118,616392,149207,24.206511440771457
10,12,0.01,0.005,xgboost,100,5,0.5,0.8059818744659424,False,0.6462341440800569,0.4596774193548387,0.0038661541939859823,0.007667817586655307,0.560983506602453,0.3945963233828274,0.4596774193548387,171,201,625552,224005,35.80917333810778
10,12,0.01,0.005,xgboost,100,5,0.55,0.8059818744659424,False,0.6462341440800569,0.4596774193548387,0.0038661541939859823,0.007667817586655307,0.560983506602453,0.3945963233828274,0.4596774193548387,171,201,625552,224005,35.80917333810778
30,3,0.015,0.008,xgboost,100,5,0.55,0.7922222018241882,True,0.6991377282424419,0.55,0.0038527858605453174,0.007651969178082192,0.603917366075322,0.36843852941928656,0.55,143,117,616392,178995,29.03915041077756
30,12,0.015,0.005,random_forest,200,15,0.55,0.5781632313762491,True,0.6966068835730336,0.5538461538461539,0.0038471814052898744,0.00764128416025471,0.5628511952718229,0.3498582782861247,0.5538461538461539,144,116,616392,186753,30.297765058599076
15,3,0.015,0.008,xgboost,200,10,0.5,0.8340567946434021,True,0.699373460726978,0.5,0.0038426642472113998,0.007626714686722102,0.59175750858161,0.36089564924802625,0.5,144,144,623262,180854,29.017331395143614
10,6,0.015,0.005,xgboost,200,10,0.5,0.8187515139579773,True,0.7082270943402259,0.5,0.0038351961428884506,0.007612005219660722,0.5610397719886053,0.3350112534002852,0.5,140,140,625552,179524,28.698493490549147
30,3,0.01,0.005,xgboost,200,5,0.55,0.8092625141143799,True,0.673910398364685,0.55,0.0038281793775479765,0.007603436358250222,0.5746067431354516,0.3796333811413596,0.55,154,126,616392,198938,32.27459149372478
10,3,0.01,0.008,random_forest,200,10,0.55,0.5809682222887044,True,0.6205769276882128,0.551829268292683,0.0038102054563826206,0.007568155209901321,0.5708465889159744,0.4263163922635438,0.551829268292683,181,147,625552,234823,37.53852597385989
10,3,0.01,0.008,xgboost,200,15,0.55,0.8837345242500305,True,0.6205689347859101,0.5501519756838906,0.0038102054563826206,0.00756799698952606,0.567800954521951,0.42929875936417894,0.5501519756838906,181,148,625552,234823,37.53852597385989
20,3,0.01,0.005,xgboost,100,5,0.5,0.7958740592002869,True,0.673972382140988,0.5,0.0038033143167617496,0.007549204637368563,0.5753113920490076,0.37660535824397673,0.5,154,154,620972,200227,32.244126949363256
20,3,0.015,0.005,xgboost,200,15,0.55,0.8145955204963684,True,0.7393936953983655,0.5565610859728507,0.003797351116050755,0.0075432356187906295,0.5785786153447777,0.31422726333842754,0.5565610859728507,123,98,620972,156263,25.16425861391496
10,6,0.01,0.005,random_forest,200,10,0.5,0.5572411830760909,True,0.6543789115265645,0.5,0.003792696746143706,0.007528288461979848,0.5588067846467807,0.38523871388749487,0.5,164,164,625552,217445,34.76049952681791
30,3,0.01,0.003,xgboost,100,5,0.5,0.7775083184242249,True,0.7218585484956886,0.5,0.0037913033334305464,0.007525543431068917,0.5838021652124915,0.3338922162666743,0.5,130,130,616392,169603,27.51544471699827
15,3,0.015,0.005,xgboost,200,10,0.5,0.8097236752510071,True,0.7392441417374632,0.5,0.0037841496431208466,0.00751145038167939,0.5871610094021901,0.31813437058915534,0.5,123,123,623262,156869,25.169030038731705
20,6,0.015,0.005,xgboost,200,15,0.5,0.8241640329360962,True,0.7084182132936109,0.5055350553505535,0.0037828584051248066,0.007509523940033436,0.5587931844957288,0.333621722306758,0.5055350553505535,137,134,620972,177989,28.66296709030359
30,3,0.015,0.008,xgboost,200,5,0.55,0.8057011961936951,True,0.6991377282424419,0.5511811023622047,0.003771958185149262,0.007492641156007493,0.6038406504679261,0.36893102341333966,0.5511811023622047,140,114,616392,178995,29.03915041077756
20,12,0.015,0.005,random_forest,200,15,0.55,0.5747967202115126,True,0.696896010306373,0.5503875968992248,0.003769577913458986,0.007487871757013288,0.5619183417913146,0.3470759946078407,0.5503875968992248,142,116,620972,187935,30.264649613831217
30,3,0.015,0.008,random_forest,100,15,0.5,0.6276299358369315,True,0.6989268245199912,0.5,0.003771958185149262,0.007487431810888865,0.599840585469078,0.365581083512416,0.5,140,140,616392,178995,29.03915041077756
20,6,0.015,0.003,xgboost,200,15,0.55,0.7939388155937195,True,0.7535810620395346,0.5502392344497608,0.0037551020408163266,0.007459298177336707,0.5629720185040993,0.29181527058688744,0.5502392344497608,115,94,620972,150151,24.17999523327944
20,6,0.005,0.003,xgboost,200,5,0.5,0.8350494503974915,True,0.6568621925198277,0.5,0.0037544584193730055,0.007452953232718464,0.5866384900842044,0.40389133522186876,0.5,160,160,620972,218805,35.23588825261042
20,3,0.015,0.008,xgboost,100,15,0.55,0.8421642184257507,True,0.6995209146906075,0.5511811023622047,0.0037489288774635817,0.007447204638544603,0.5905623764967387,0.3624445914307243,0.5511811023622047,140,114,620972,180125,29.00694395238433
15,3,0.01,0.005,xgboost,200,15,0.55,0.8501245975494385,True,0.6741835334889653,0.5547445255474452,0.0037397893908079913,0.007429493132606677,0.5620903319956196,0.3717622292028402,0.5547445255474452,152,122,623262,201004,32.25032169456826
10,6,0.01,0.008,random_forest,100,5,0.5,0.5319848741260884,True,0.5898442183341193,0.5,0.003741596024554224,0.007427609818371729,0.5595364184667511,0.44912397821851624,0.5,192,192,625552,258184,41.272987697265776
10,6,0.015,0.008,xgboost,200,15,0.55,0.8614038228988647,True,0.6550423224176931,0.5513698630136986,0.003727887376122997,0.007405703771849126,0.5587748906053711,0.38781880977983035,0.5513698630136986,161,131,625552,212869,34.02898559991815
10,3,0.01,0.005,xgboost,200,10,0.5,0.834693431854248,True,0.6738736002429843,0.5100671140939598,0.003724759851009606,0.007395514036880261,0.5661402970611304,0.373081517662458,0.5100671140939598,152,146,625552,201919,32.27853160089009
30,6,0.015,0.005,xgboost,200,5,0.5,0.792392909526825,True,0.7081335831731276,0.50187265917603,0.0037240842643543994,0.007393307401583492,0.5734962772620704,0.3429878113872557,0.50187265917603,134,133,616392,176858,28.69245545042765
30,12,0.005,0.003,random_forest,200,10,0.5,0.6240115984905914,True,0.6534446256053342,0.5,0.0037216487606207427,0.007388304175088869,0.5768878371250805,0.40459648411883553,0.5,159,159,616392,220054,35.70033355397214
20,12,0.015,0.008,xgboost,100,5,0.5,0.8104351162910461,True,0.6362172390192842,0.5,0.0037184594953519256,0.00738201950962299,0.558689362303015,0.4060061716905268,0.5,168,168,620972,226182,36.423864522071845
20,6,0.01,0.008,random_forest,200,10,0.55,0.5643361749501372,True,0.5902492048794235,0.5510204081632653,0.0037114130861676223,0.007373164023640939,0.5647277747120749,0.4543814178152636,0.5510204081632653,189,154,620972,256073,41.23744709906405
10,3,0.01,0.003,random_forest,200,15,0.5,0.5978690567836465,True,0.7220148508124785,0.50390625,0.003708921537621115,0.007363644147615378,0.5757230207466674,0.32849628639005873,0.50390625,129,127,625552,172139,27.51793615878456
20,6,0.01,0.005,xgboost,200,5,0.5,0.8154674768447876,True,0.654559362293168,0.5,0.003706120926763321,0.007357704766311893,0.5670732444871053,0.3918702484782598,0.5,159,159,620972,215661,34.729585230896085
20,6,0.015,0.005,random_forest,200,15,0.5,0.5894449132025673,True,0.7084021095857321,0.50187265917603,0.0037000220896841176,0.0073458871255105114,0.570186090228929,0.33997942016665844,0.50187265917603,134,133,620972,177989,28.66296709030359
30,6,0.015,0.005,random_forest,200,10,0.5,0.5797526955235994,True,0.7081416948547603,0.5037878787878788,0.003696292590739814,0.007338740826573967,0.5682429328930834,0.336275412519103,0.5037878787878788,133,131,616392,176858,28.69245545042765
15,6,0.015,0.005,xgboost,200,15,0.5,0.8199637532234192,True,0.7084466478945552,0.5056603773584906,0.003686788092224729,0.007320204310180001,0.557399298779151,0.33287690442717044,0.5056603773584906,134,131,623262,178667,28.666435624183727
30,6,0.005,0.003,random_forest,100,15,0.5,0.5994328710366184,True,0.6566244048053602,0.5,0.003685242493680754,0.007316558403489435,0.5778145582650743,0.4008196620105653,0.5,156,156,616392,217402,35.27008786616309
10,3,0.015,0.005,xgboost,200,10,0.5,0.813054084777832,True,0.7390237469127415,0.5,0.003675231999019938,0.007296828919765286,0.5848059432653914,0.3180220146931155,0.5,120,120,625552,157657,25.20286083331202
20,3,0.01,0.003,xgboost,200,10,0.5,0.8204588294029236,True,0.7221385724062965,0.5,0.0036512214204990003,0.007249503754207302,0.5759740543153237,0.3325626055774807,0.5,126,126,620972,170695,27.488356962954853
30,6,0.015,0.005,xgboost,200,15,0.5,0.8262277841567993,True,0.7081254714914949,0.5,0.003640709243510644,0.007228782695066769,0.5593261493354913,0.33611803613967417,0.5,131,131,616392,176858,28.69245545042765
15,6,0.01,0.005,xgboost,200,10,0.5,0.8435593247413635,True,0.6545369946972797,0.5,0.0036225994473213664,0.007193083573487032,0.5593371366276706,0.38892267825643395,0.5,156,156,623262,216486,34.73434927847358
20,3,0.015,0.008,random_forest,200,10,0.5,0.6085745147578431,True,0.6993196183421233,0.5018587360594795,0.003615038560411311,0.007178369180868316,0.5972343449245884,0.36154623988365225,0.5018587360594795,135,134,620972,180125,29.00694395238433
30,6,0.005,0.003,random_forest,100,10,0.5,0.5842254617993734,True,0.6566487398502584,0.504950495049505,0.003614372445725355,0.007177370174039499,0.5747608916244653,0.39716214211205536,0.504950495049505,153,150,616392,217402,35.27008786616309
20,3,0.01,0.008,xgboost,100,5,0.55,0.8262226581573486,True,0.6206932646241797,0.5501618122977346,0.00360635567152464,0.007165739335693812,0.5781601854182272,0.43447928259081553,0.5501618122977346,170,139,620972,232849,37.49750391321992
30,3,0.01,0.005,random_forest,200,10,0.5,0.5759198727769218,True,0.673707606323867,0.5052264808362369,0.0036044546087302376,0.007157842774281131,0.5648763810736784,0.36927240123054883,0.5052264808362369,145,142,616392,198938,32.27459149372478
20,6,0.01,0.008,xgboost,100,5,0.55,0.8382777571678162,True,0.5902653085873022,0.5562310030395137,0.0035935904485115073,0.007141045402220358,0.5685966745979482,0.4588241294619532,0.5562310030395137,183,146,620972,256073,41.23744709906405
20,6,0.01,0.008,xgboost,200,5,0.55,0.8487351536750793,True,0.5902411530254841,0.5512048192771084,0.0035935904485115073,0.0071406274387388795,0.5698377728938007,0.4611631224858867,0.5512048192771084,183,149,620972,256073,41.23744709906405
20,6,0.015,0.008,random_forest,100,5,0.5,0.5488704068575765,True,0.6549136438665003,0.5,0.0035932614681039713,0.007135245331974239,0.5556350951944615,0.3801698342408903,0.5,154,154,620972,211055,33.98784486257029
20,6,0.015,0.003,xgboost,200,5,0.55,0.7687829732894897,False,0.7532670397358991,0.46218487394957986,0.0035918367346938775,0.007128276577131193,0.5890507351693482,0.3041566995503511,0.46218487394957986,110,128,620972,150151,24.17999523327944
20,6,0.015,0.003,xgboost,200,5,0.5,0.7687829732894897,False,0.7532670397358991,0.46218487394957986,0.0035918367346938775,0.007128276577131193,0.5890507351693482,0.3041566995503511,0.46218487394957986,110,128,620972,150151,24.17999523327944
30,3,0.01,0.003,xgboost,200,10,0.5,0.8228867650032043,True,0.7218666601773214,0.5020408163265306,0.0035871562308612093,0.007123414605895639,0.5749890910766218,0.3329234183233309,0.5020408163265306,123,122,616392,169603,27.51544471699827
10,6,0.01,0.005,xgboost,200,5,0.5,0.812606930732727,True,0.6543789115265645,0.5,0.0035845609490992346,0.007118091433032537,0.5645530375209638,0.390744876573925,0.5,155,155,625552,217445,34.76049952681791
10,12,0.01,0.008,xgboost,200,15,0.55,0.9040620923042297,True,0.5780946519490692,0.5510204081632653,0.003578190079515335,0.007110208227526663,0.5542001757003285,0.46317539536782204,0.5510204081632653,189,154,625552,268278,42.88660255262552
10,3,0.01,0.005,random_forest,100,15,0.55,0.5968523191777593,True,0.6740494440936449,0.553030303030303,0.0035777298568908057,0.007109466303077522,0.5694463379187409,0.3730569258831424,0.553030303030303,146,118,625552,201919,32.27853160089009
15,6,0.005,0.003,random_forest,200,15,0.5,0.5939144439110349,True,0.6569276311039446,0.5032894736842105,0.0035775247270091425,0.007104548303963223,0.5781823177555162,0.39911374084131007,0.5032894736842105,153,151,623262,219616,35.236545786523166
15,12,0.01,0.008,xgboost,100,15,0.55,0.8903431296348572,True,0.5782371864295284,0.5545722713864307,0.003573397198304537,0.007101038715769594,0.5576857097584165,0.46508400034063835,0.5545722713864307,188,151,623262,267143,42.86207084661026
30,6,0.015,0.008,xgboost,100,10,0.55,0.8378500938415527,True,0.6547911647563657,0.5507246376811594,0.003569331924386521,0.007092694990784163,0.5685543217274889,0.3961859955944226,0.5507246376811594,152,124,616392,209698,34.02023387714312
30,3,0.01,0.005,xgboost,200,10,0.55,0.8430147767066956,True,0.6738941750014196,0.55,0.0035547379934374066,0.007063821379174076,0.5700132409047313,0.3790290031098994,0.55,143,117,616392,198938,32.27459149372478
15,3,0.015,0.008,random_forest,200,15,0.55,0.6220781972998917,True,0.6995820397423247,0.5541666666666667,0.0035491273949938623,0.007053083735482845,0.5973043708052943,0.36416386055028627,0.5541666666666667,133,107,623262,180854,29.017331395143614
30,3,0.01,0.008,xgboost,100,10,0.55,0.8551067113876343,True,0.6203895229520032,0.5551839464882943,0.0035446605880720037,0.007044345427540844,0.575507624641579,0.43559094024238004,0.5551839464882943,166,133,616392,231335,37.530500071383145
30,12,0.005,0.003,xgboost,100,5,0.5,0.8428863286972046,True,0.6534446256053342,0.5,0.0035343959927907685,0.007019174898314933,0.5870899176501001,0.4103971211964443,0.5,151,151,616392,220054,35.70033355397214
20,12,0.01,0.005,xgboost,200,10,0.5,0.8507665395736694,True,0.6466685454325859,0.5065359477124183,0.0035318780476689604,0.007014844315713252,0.5602073539057292,0.39855239748650717,0.5065359477124183,155,151,620972,222184,35.78003517066792
30,3,0.01,0.003,xgboost,100,15,0.5,0.8181226253509521,True,0.7218828835405868,0.5062761506276151,0.00352882848726997,0.0070088044485634845,0.5671420819099996,0.32699702771663075,0.5062761506276151,121,118,616392,169603,27.51544471699827
20,3,0.015,0.005,xgboost,100,10,0.5,0.8000123500823975,True,0.7391923990498812,0.5,0.003519496156339724,0.006989791225972593,0.5955748436203099,0.3230288914438021,0.5,114,114,620972,156263,25.16425861391496
10,6,0.01,0.005,random_forest,100,10,0.5,0.5576172407110009,True,0.6543789115265645,0.5,0.0035151823500844106,0.006981283729475256,0.5585646530254968,0.38478370151774827,0.5,152,152,625552,217445,34.76049952681791
10,3,0.01,0.003,xgboost,200,15,0.5,0.821760356426239,True,0.721998865007873,0.5,0.003507662229378109,0.006966452533904354,0.5600791664824948,0.31950383063742294,0.5,122,122,625552,172139,27.51793615878456
30,3,0.01,0.005,xgboost,100,10,0.55,0.8278189301490784,True,0.6739185100463178,0.5573122529644269,0.003505021378144576,0.006966231071366814,0.570438529251073,0.37835335624078037,0.5573122529644269,141,112,616392,198938,32.27459149372478
30,6,0.005,0.003,random_forest,100,10,0.55,0.5844846391180254,False,0.6566487398502584,0.5051194539249146,0.003496255699133023,0.006944444444444444,0.5747608916244653,0.39716214211205536,0.5051194539249146,148,145,616392,217402,35.27008786616309
10,6,0.01,0.003,random_forest,100,10,0.5,0.5700452112782242,True,0.7096098664386025,0.5019762845849802,0.0034955411207750744,0.006942736094027607,0.565212652059748,0.33232962725391246,0.5019762845849802,127,126,625552,182597,29.18973962196588
15,3,0.01,0.008,random_forest,200,10,0.55,0.5824423017928927,True,0.6206830160525619,0.5518394648829431,0.0034873398993955276,0.006930880221788167,0.5716825662510793,0.42714842761377214,0.5518394648829431,165,134,623262,233784,37.50974710474889
10,3,0.01,0.005,random_forest,200,15,0.55,0.5939041070772098,True,0.6740334582890394,0.5503875968992248,0.0034797098608116057,0.006915696683387718,0.5701080333532295,0.3736207911871302,0.5503875968992248,142,116,625552,201919,32.27853160089009
20,3,0.005,0.003,xgboost,200,15,0.55,0.8653985261917114,True,0.6636257498288981,0.5513307984790875,0.0034686505753175607,0.006893928588408691,0.5633082143923016,0.38408973398068674,0.5513307984790875,145,118,620972,213297,34.34889173746964
30,3,0.01,0.005,random_forest,100,10,0.5,0.5791162904503774,True,0.673707606323867,0.5054545454545455,0.003455304762851745,0.006863689109448683,0.5647407952297698,0.3692218748356421,0.5054545454545455,139,136,616392,198938,32.27459149372478
10,3,0.015,0.008,xgboost,100,5,0.5,0.7879576086997986,True,0.6991311715196905,0.5,0.0034535890760320916,0.006859796316817055,0.5975122420184857,0.3625984141423382,0.5,130,130,625552,181741,29.052900478297566
30,6,0.015,0.008,random_forest,200,10,0.5,0.5870717401084936,True,0.6545640376706495,0.5,0.0034519196900317014,0.006856503183376478,0.5635968505095716,0.3882318862386731,0.5,147,147,616392,209698,34.02023387714312
20,12,0.015,0.005,random_forest,100,15,0.5,0.5782165140095217,True,0.6966947139578888,0.5019305019305019,0.0034510220334483675,0.0068549131271586385,0.5601256895160125,0.34463565233800464,0.5019305019305019,130,129,620972,187935,30.264649613831217
15,6,0.005,0.003,xgboost,200,10,0.5,0.8575549125671387,True,0.6569597201832287,0.5104166666666666,0.0034372296396754506,0.006828475206131692,0.5758322102805576,0.3987976634900563,0.5104166666666666,147,141,623262,219616,35.236545786523166
10,12,0.01,0.008,xgboost,200,10,0.55,0.8812850713729858,True,0.5780786661444637,0.5501519756838906,0.003426732298371829,0.006811040659278632,0.5587274847617095,0.4659239102764575,0.5501519756838906,181,148,625552,268278,42.88660255262552
30,3,0.015,0.005,xgboost,200,5,0.5,0.7837114334106445,True,0.7388525215162355,0.5,0.0034167857364726345,0.006787190720059234,0.6022922249007839,0.32733038573943873,0.5,110,110,616392,155288,25.19305896247842
10,6,0.01,0.003,xgboost,100,10,0.5,0.8073433041572571,True,0.7096098664386025,0.5020242914979757,0.0034129692832764505,0.006779846359933295,0.5666135768477106,0.33631373580186447,0.5020242914979757,124,123,625552,182597,29.18973962196588
20,6,0.01,0.005,xgboost,100,15,0.5,0.8509829640388489,True,0.654623777124683,0.5140845070422535,0.0034031047503612884,0.006761450470059742,0.5554734086436313,0.38596218282273825,0.5140845070422535,146,138,620972,215661,34.729585230896085
30,12,0.005,0.003,xgboost,200,15,0.55,0.885170042514801,True,0.6536636410094177,0.5513307984790875,0.0033939564169182877,0.006746382543153585,0.5685229734600524,0.4028234099373422,0.5513307984790875,145,118,616392,220054,35.70033355397214
30,12,0.015,0.008,random_forest,200,5,0.5,0.530785728513612,True,0.6358341647807007,0.5033112582781457,0.0033856022808268,0.006725961325722377,0.5446667809471901,0.3941405613565173,0.5033112582781457,152,150,616392,224736,36.45991511895028
30,12,0.015,0.008,random_forest,100,5,0.5,0.5303727006971893,True,0.6358341647807007,0.5033112582781457,0.0033856022808268,0.006725961325722377,0.5445593813826,0.39398497170429764,0.5033112582781457,152,150,616392,224736,36.45991511895028
30,3,0.01,0.003,random_forest,100,15,0.5,0.6004667569999573,True,0.7218585484956886,0.5,0.003383009128291872,0.006720546913472959,0.5759596761346629,0.3289290269154514,0.5,116,116,616392,169603,27.51544471699827
30,3,0.01,0.008,xgboost,200,10,0.55,0.870400071144104,True,0.6203732995887378,0.5543859649122806,0.003373833571779377,0.006706851175821377,0.5746584258247098,0.43524951427813796,0.5543859649122806,158,127,616392,231335,37.530500071383145
30,12,0.015,0.008,xgboost,100,10,0.55,0.8449020385742188,True,0.6360450685031513,0.551094890510949,0.0033633285816108338,0.0066858534425503656,0.5583800752048609,0.40925300283155586,0.551094890510949,151,123,616392,224736,36.45991511895028
30,6,0.01,0.003,xgboost,200,15,0.55,0.8321127891540527,True,0.7097802545445696,0.5660377358490566,0.0033513936211808076,0.006663334999167083,0.5541018773035982,0.3332792544850854,0.5660377358490566,120,92,616392,179939,29.19229970538229
30,12,0.005,0.003,random_forest,100,10,0.55,0.6295017887914518,False,0.6536311942828867,0.5437262357414449,0.003347143224960794,0.0066533289908342255,0.5767112677789813,0.40448926200305696,0.5437262357414449,143,120,616392,220054,35.70033355397214
10,12,0.01,0.005,random_forest,100,10,0.5,0.5503092306294339,True,0.6464819240514423,0.5016949152542373,0.003346145150350441,0.0066479505895564285,0.5554906920457298,0.39148548579143505,0.5016949152542373,148,147,625552,224005,35.80917333810778
30,6,0.015,0.005,random_forest,200,15,0.55,0.5954843911041676,True,0.7083039284874147,0.5504587155963303,0.0033350008337502085,0.0066298342541436465,0.5696710614160319,0.34009028025505716,0.5504587155963303,120,98,616392,176858,28.69245545042765
10,6,0.015,0.008,random_forest,200,10,0.55,0.5823598885131434,True,0.6550183437107848,0.5517241379310345,0.0033342595165323703,0.006628460954222192,0.5631909936965762,0.3870866989747937,0.5517241379310345,144,117,625552,212869,34.02898559991815
20,3,0.01,0.005,random_forest,200,15,0.5,0.5923018876484114,True,0.673972382140988,0.5,0.0033340742387197157,0.00662397880326783,0.5713808853156331,0.3755206733971072,0.5,135,135,620972,200227,32.244126949363256
30,3,0.01,0.005,random_forest,200,15,0.55,0.5956345063550667,True,0.6738941750014196,0.5537190082644629,0.0033310132246196678,0.006622189276006918,0.5698097026046309,0.37519968975987733,0.5537190082644629,134,108,616392,198938,32.27459149372478
10,12,0.01,0.005,xgboost,200,10,0.5,0.8499360680580139,True,0.6464739311491395,0.5,0.0033009269726430026,0.006558555320964916,0.55663121492806,0.39556108086264974,0.5,146,146,625552,224005,35.80917333810778
30,12,0.015,0.008,xgboost,100,15,0.55,0.867276668548584,True,0.6360369568215186,0.550185873605948,0.0032965074839629367,0.006553747370751688,0.5541691610853114,0.40567190868966674,0.550185873605948,148,121,616392,224736,36.45991511895028
15,12,0.01,0.005,xgboost,200,10,0.5,0.8515556454658508,True,0.6466270366537508,0.5,0.0032917886898681014,0.006540517377478067,0.5581455660346689,0.395609720312153,0.5,145,145,623262,223023,35.78318588330429
30,6,0.005,0.003,xgboost,200,5,0.5,0.8402590155601501,True,0.6566244048053602,0.5,0.0032836455552668255,0.006524443192752705,0.5868034323726155,0.4055844689831631,0.5,139,139,616392,217402,35.27008786616309
20,3,0.01,0.003,random_forest,100,15,0.5,0.5997334341652204,True,0.7221385724062965,0.5,0.003274508099336405,0.0065064056427234776,0.5767954621388062,0.3285843366100341,0.5,113,113,620972,170695,27.488356962954853
15,3,0.005,0.003,random_forest,200,15,0.5,0.5830339515381663,True,0.6634657810080784,0.5,0.0032657926102502978,0.006489200454717696,0.5761440937102834,0.38884630526202085,0.5,137,137,623262,214089,34.349759812085445
20,12,0.01,0.003,xgboost,100,15,0.5,0.8274733424186707,True,0.7045372196948347,0.5021097046413502,0.0032428602572487464,0.006444101481060298,0.5530360271917699,0.33404567622873566,0.5021097046413502,119,118,620972,185430,29.861249782598893
30,3,0.015,0.008,random_forest,100,10,0.5,0.6148570059008797,True,0.6989430478832567,0.5042016806722689,0.0032331070158422245,0.006425014723992076,0.5974222038729025,0.3616614959514881,0.5042016806722689,120,118,616392,178995,29.03915041077756
30,12,0.015,0.003,xgboost,200,10,0.5,0.8093060851097107,True,0.7457474509040469,0.5024875621890548,0.003222204498325092,0.006403347492550561,0.5692484303630987,0.3051294389167772,0.5024875621890548,101,100,616392,155837,25.282125660294096
30,6,0.015,0.008,xgboost,100,5,0.55,0.8064495325088501,True,0.6547668297114675,0.5502008032128514,0.003217095221322062,0.006396787598636597,0.5686967514659338,0.3935952987848011,0.5502008032128514,137,112,616392,209698,34.02023387714312
30,3,0.01,0.003,xgboost,100,5,0.55,0.7801404595375061,True,0.722020782128343,0.55,0.0032080258975181546,0.006378845428977355,0.5838021652124915,0.3338922162666743,0.55,110,90,616392,169603,27.51544471699827
15,12,0.005,0.003,random_forest,200,10,0.5,0.6237704031231469,True,0.6537909236039245,0.5073529411764706,0.0031974050046339204,0.0063547614662000365,0.577261271847783,0.40370635777019936,0.5073529411764706,138,134,623262,222291,35.66573928781155
10,6,0.015,0.008,random_forest,100,5,0.5,0.5528355234662673,True,0.6548025353486104,0.5,0.0031953320366768546,0.006350082827167311,0.5544946979711591,0.37990476106400506,0.5,138,138,625552,212869,34.02898559991815
15,3,0.01,0.008,random_forest,100,10,0.55,0.5844178646755519,True,0.6206669715129198,0.5531135531135531,0.0031914443927801494,0.006346271040410196,0.5716463172437554,0.42760097734566604,0.5531135531135531,151,122,623262,233784,37.50974710474889
20,12,0.005,0.003,xgboost,200,5,0.5,0.8544925451278687,True,0.6537058657755949,0.5,0.003185453869047619,0.006330576221061873,0.5875463274451689,0.4098778181677346,0.5,137,137,620972,221474,35.66569829235456
20,6,0.01,0.008,random_forest,100,5,0.5,0.5359264102210589,True,0.5899673899915455,0.5,0.003181211216715105,0.006322197939431783,0.558498213030565,0.4481332845547641,0.5,162,162,620972,256073,41.23744709906405
10,12,0.01,0.008,random_forest,100,5,0.55,0.5262364813171364,False,0.5777029997362342,0.48,0.0031806134040136312,0.006319353018619522,0.5556979825286574,0.4578590821245324,0.48,168,182,625552,268278,42.88660255262552
10,12,0.01,0.008,random_forest,100,5,0.5,0.5262364813171364,False,0.5777029997362342,0.48,0.0031806134040136312,0.006319353018619522,0.5556979825286574,0.4578590821245324,0.48,168,182,625552,268278,42.88660255262552
10,6,0.01,0.008,xgboost,100,10,0.55,0.8611596822738647,True,0.5900840054032019,0.5506756756756757,0.00317645912501218,0.006316482920307686,0.5636417380357701,0.4548811275913928,0.5506756756756757,163,133,625552,258184,41.272987697265776
20,12,0.005,0.003,xgboost,200,10,0.55,0.870040774345398,True,0.6539152139780184,0.5528455284552846,0.003162202380952381,0.006288435751606787,0.5774305010165482,0.40722242788065516,0.5528455284552846,136,110,620972,221474,35.66569829235456
10,3,0.015,0.008,xgboost,200,15,0.55,0.8520734906196594,True,0.6993150082726539,0.5534883720930233,0.0031613623080601456,0.006286816176664818,0.5830830109927948,0.35678162091710086,0.5534883720930233,119,96,625552,181741,29.052900478297566
10,3,0.015,0.008,random_forest,200,15,0.55,0.6255323870781502,True,0.6993070153703511,0.5509259259259259,0.0031613623080601456,0.006286650113582334,0.5978234808885199,0.36541093900057425,0.5509259259259259,119,97,625552,181741,29.052900478297566
15,6,0.015,0.005,random_forest,200,15,0.5,0.5901036722846589,True,0.7084225810850923,0.5,0.003136521212788202,0.006233936676327446,0.5697858037739061,0.3385456824557482,0.5,114,114,623262,178667,28.666435624183727
20,3,0.015,0.008,xgboost,100,5,0.55,0.7908992171287537,True,0.69948870727485,0.5518867924528302,0.0031330334190231364,0.006230695494727873,0.6028098889977602,0.3669912656818911,0.5518867924528302,117,95,620972,180125,29.00694395238433
15,12,0.01,0.005,xgboost,100,10,0.55,0.840151846408844,True,0.6468516602087394,0.5564516129032258,0.0031328747531158482,0.0062306702485495635,0.5591348201338244,0.39632082042177996,0.5564516129032258,138,110,623262,223023,35.78318588330429
15,3,0.01,0.008,xgboost,100,15,0.55,0.8736766576766968,True,0.6206910383223829,0.5606060606060606,0.00312803821279114,0.0062213628147463115,0.5685820053613726,0.4277949094428833,0.5606060606060606,148,116,623262,233784,37.50974710474889
30,12,0.015,0.003,xgboost,100,10,0.5,0.7971710562705994,True,0.7457393392224142,0.5,0.003126495453820386,0.006214133984337846,0.5726457375916544,0.3047992953559653,0.5,98,98,616392,155837,25.282125660294096
15,3,0.01,0.005,random_forest,200,10,0.5,0.5756025258509809,True,0.6739428653943347,0.5,0.0031246924515303614,0.006210572644139077,0.5667189081649341,0.3695384550000935,0.5,127,127,623262,201004,32.25032169456826
30,3,0.01,0.005,random_forest,100,15,0.55,0.599511947607268,True,0.6738698399565214,0.5506607929515418,0.003107288455801929,0.00617970584600173,0.5689526673194876,0.3743590280805917,0.5506607929515418,125,102,616392,198938,32.27459149372478
10,12,0.015,0.003,random_forest,200,15,0.5,0.5898759645709231,True,0.7459136286977164,0.5025641025641026,0.0030827304183705566,0.0061278724402063466,0.5711868092010726,0.30062022128096827,0.5025641025641026,98,97,625552,158145,25.28087193390797
10,6,0.01,0.005,xgboost,100,15,0.55,0.8529440760612488,True,0.654586726986436,0.5541666666666667,0.003075784556323859,0.0061176145902808125,0.5540175461445718,0.3853210405298569,0.5541666666666667,133,107,625552,217445,34.76049952681791
30,12,0.015,0.008,random_forest,200,10,0.55,0.5704049233264694,True,0.636028845139886,0.552,0.0030737704918032786,0.00611349842732468,0.5531277392646152,0.4017104754140686,0.552,138,112,616392,224736,36.45991511895028
10,3,0.01,0.008,random_forest,100,10,0.55,0.5814552168842698,True,0.6205209773720936,0.5509433962264151,0.003073425395756147,0.006112750947267056,0.5706456464828535,0.42629543329081865,0.5509433962264151,146,119,625552,234823,37.53852597385989
30,6,0.01,0.003,xgboost,100,15,0.5,0.8293258547782898,True,0.7095612391404862,0.5023041474654378,0.0030441825392392334,0.0060516891985675815,0.5556559488214727,0.3313081634708348,0.5023041474654378,109,108,616392,179939,29.19229970538229
30,6,0.015,0.008,random_forest,100,10,0.55,0.5892695445761009,True,0.6547587180298348,0.5512820512820513,0.00302923564635435,0.006025362572689694,0.5638435576306852,0.38829273572296946,0.5512820512820513,129,105,616392,209698,34.02023387714312
10,6,0.01,0.003,random_forest,100,15,0.5,0.5865462402046435,True,0.7096018735362998,0.5,0.003027634041616206,0.006018822499452834,0.5652074063917016,0.3332259874092037,0.5,110,110,625552,182597,29.18973962196588
10,3,0.005,0.003,xgboost,200,5,0.5,0.822819173336029,True,0.6633949053240722,0.5,0.0030156958658846436,0.005995232138220785,0.5834349234775013,0.3934047528713757,0.5,127,127,625552,214996,34.36900529452387
20,3,0.01,0.003,xgboost,200,15,0.5,0.8241134285926819,True,0.7221466242602359,0.5024154589371981,0.003013706569300762,0.005991473672082037,0.5646472005100486,0.3235978386995996,0.5024154589371981,104,103,620972,170695,27.488356962954853
30,6,0.015,0.008,random_forest,200,5,0.5,0.5502194753230603,True,0.6545640376706495,0.5,0.0030057531994833863,0.005975584136691487,0.5540235623396879,0.37942466609110437,0.5,128,128,616392,209698,34.02023387714312
10,3,0.015,0.008,xgboost,200,5,0.55,0.8042483925819397,True,0.6993070153703511,0.553921568627451,0.0030019658891663565,0.005971568990117846,0.5989158051571176,0.3650499432349697,0.553921568627451,113,91,625552,181741,29.052900478297566
20,12,0.015,0.005,random_forest,100,15,0.55,0.5812286433633086,True,0.6968638028906156,0.553921568627451,0.002999734536766658,0.005967154248296985,0.5601256895160125,0.34463565233800464,0.553921568627451,113,91,620972,187935,30.264649613831217
10,6,0.015,0.008,random_forest,100,10,0.55,0.5842301173385457,True,0.6550263366130876,0.5608695652173913,0.0029869408168935814,0.00594223593901147,0.5629864285518773,0.38700278030435153,0.5608695652173913,129,101,625552,212869,34.02898559991815
15,3,0.01,0.003,random_forest,200,15,0.5,0.5958513115827097,True,0.7221085733997578,0.5,0.002973441108545035,0.005911725879584457,0.5763826184819236,0.3282172802852837,0.5,103,103,623262,171350,27.492451007762387
10,3,0.01,0.003,xgboost,200,15,0.55,0.8283475041389465,True,0.7221507301516253,0.5508021390374331,0.002961386964147092,0.005891100434683139,0.5600791664824948,0.31950383063742294,0.5508021390374331,103,84,625552,172139,27.51793615878456
30,6,0.01,0.005,xgboost,200,10,0.55,0.8536971807479858,True,0.6544585858094242,0.5502183406113537,0.002956289153234321,0.00588098016336056,0.5645860271464014,0.39649795596107373,0.5502183406113537,126,103,616392,214290,34.765214344118675
20,3,0.01,0.008,random_forest,200,10,0.55,0.5824316397993996,True,0.6206610572084222,0.5537848605577689,0.0029487261078936762,0.0058662165013715975,0.5727325356416583,0.42863205645186286,0.5537848605577689,139,112,620972,232849,37.49750391321992
20,12,0.01,0.003,xgboost,100,10,0.5,0.8138572573661804,True,0.7045372196948347,0.5023255813953489,0.0029431000654022237,0.005851914063558289,0.5628775184071181,0.340374632469849,0.5023255813953489,108,107,620972,185430,29.861249782598893
20,3,0.005,0.003,xgboost,100,10,0.5,0.8388999700546265,True,0.6634164016264745,0.5020408163265306,0.0029423725569935172,0.005850456621004566,0.5779629788297445,0.39191566031736597,0.5020408163265306,123,122,620972,213297,34.34889173746964
30,3,0.01,0.008,xgboost,100,15,0.55,0.8803411722183228,True,0.6203327411805741,0.5524193548387096,0.002925412654011232,0.005820004672996453,0.5733212451659606,0.4339695145610829,0.5524193548387096,137,111,616392,231335,37.530500071383145
20,6,0.01,0.008,random_forest,100,10,0.55,0.5658723219820443,True,0.5901847900479086,0.550185873605948,0.0029062917288508365,0.005782040513351435,0.5645034771011433,0.453894519424144,0.550185873605948,148,121,620972,256073,41.23744709906405
20,12,0.015,0.008,random_forest,100,10,0.5,0.5682190004294357,True,0.6362172390192842,0.5,0.0028995130588756086,0.005765591303199683,0.5546191309627724,0.40171170075306645,0.5,131,131,620972,226182,36.423864522071845
15,6,0.01,0.008,xgboost,100,10,0.55,0.8637880682945251,True,0.5901983907326739,0.550185873605948,0.0028957151242418313,0.005761108624146052,0.5655336166504096,0.45752930600373276,0.550185873605948,148,121,623262,257084,41.24814283559723
10,3,0.005,0.003,xgboost,100,15,0.5,0.8561205267906189,True,0.663402898226375,0.5020576131687243,0.002896967682188398,0.005760695060912267,0.565314391134669,0.3835324892294176,0.5020576131687243,122,121,625552,214996,34.36900529452387
20,12,0.015,0.005,xgboost,200,15,0.55,0.8412826061248779,True,0.6968557510366762,0.5532994923857868,0.002893549243429785,0.005756991575778382,0.5502219416829204,0.3410931806065466,0.5532994923857868,109,88,620972,187935,30.264649613831217
20,3,0.01,0.005,xgboost,100,10,0.5,0.8276314735412598,True,0.6740045895567455,0.508695652173913,0.00288953100689042,0.005746420765698288,0.5707528208298474,0.3762069356789546,0.508695652173913,117,113,620972,200227,32.244126949363256
20,12,0.005,0.003,xgboost,100,10,0.5,0.8610593676567078,True,0.6537058657755949,0.5,0.002883184523809524,0.005733308673941187,0.5789874512978599,0.406968362882013,0.5,124,124,620972,221474,35.66569829235456
10,12,0.01,0.008,random_forest,200,10,0.55,0.548495710420684,True,0.5780387016329499,0.5507246376811594,0.0028776978417266188,0.005725478378785596,0.561063314872092,0.4635553116286034,0.5507246376811594,152,124,625552,268278,42.88660255262552
10,3,0.015,0.005,xgboost,100,10,0.5,0.8026706576347351,True,0.739039732717347,0.5053763440860215,0.0028789317325656183,0.0057252489569692725,0.588863742462987,0.3194603968782182,0.5053763440860215,94,92,625552,157657,25.20286083331202
30,12,0.015,0.003,xgboost,200,15,0.55,0.8026938438415527,True,0.7458772378101705,0.5521472392638037,0.002871271335141171,0.005712834835597308,0.5578228148531712,0.29795909072190646,0.5521472392638037,90,73,616392,155837,25.282125660294096
30,12,0.015,0.005,random_forest,200,10,0.5,0.565676100433337,True,0.6963797564873174,0.5,0.0028586695164306707,0.005684836892997556,0.558906898354764,0.34262235808866714,0.5,107,107,616392,186753,30.297765058599076
30,3,0.01,0.003,random_forest,200,15,0.5,0.5984789863084599,True,0.7218585484956886,0.5,0.0028580594359707196,0.005683630564013339,0.5767412977213762,0.3294796123475025,0.5,98,98,616392,169603,27.51544471699827
15,3,0.01,0.003,random_forest,100,15,0.5,0.5981667132779183,True,0.7221085733997578,0.5,0.0028579676674364896,0.00568344910729663,0.5746929600546024,0.3270633992413776,0.5,99,99,623262,171350,27.492451007762387
10,6,0.015,0.008,random_forest,200,5,0.5,0.5523069576160816,True,0.6548025353486104,0.5,0.0028480133370380662,0.0056637657134963396,0.5549631671888788,0.3804546380545297,0.5,123,123,625552,212869,34.02898559991815
30,3,0.005,0.003,xgboost,200,15,0.55,0.8683465719223022,True,0.6633489888788845,0.5514018691588785,0.002841730083806955,0.005654319804494705,0.5693475695445753,0.3885006744616338,0.5514018691588785,118,96,616392,211913,34.379583122428585
30,6,0.015,0.008,random_forest,200,10,0.55,0.5907404349177443,True,0.6547424946665693,0.55,0.0028413760713866384,0.005653545146595024,0.5635968505095716,0.3882318862386731,0.55,121,99,616392,209698,34.02023387714312
10,3,0.01,0.005,xgboost,100,10,0.5,0.8233964443206787,True,0.6738256428291677,0.5,0.0028425798862968046,0.005653021442495127,0.5689608229424614,0.3750820276721913,0.5,116,116,625552,201919,32.27853160089009
20,12,0.015,0.005,xgboost,100,10,0.5,0.8133699297904968,True,0.6966866621039495,0.5,0.0028404565967613486,0.005648822721993454,0.5578821849472606,0.3458430587246784,0.5,107,107,620972,187935,30.264649613831217
20,3,0.01,0.003,random_forest,200,15,0.5,0.5976710452258274,True,0.7221466242602359,0.5025641025641026,0.0028398388826103337,0.005647763946519133,0.5777573525561832,0.3293246925975691,0.5025641025641026,98,97,620972,170695,27.488356962954853
15,3,0.005,0.003,xgboost,200,5,0.5,0.8275529742240906,True,0.6635058923571835,0.5107296137339056,0.002836710369487485,0.005642083303700543,0.5840043535308224,0.39365267978686497,0.5107296137339056,119,114,623262,214089,34.349759812085445
30,3,0.015,0.008,random_forest,200,10,0.5,0.6147135053234886,True,0.698934936201624,0.5023923444976076,0.0028289686388619463,0.005626255860683188,0.5979248333218944,0.36231188062552,0.5023923444976076,105,104,616392,178995,29.03915041077756
15,12,0.005,0.003,xgboost,100,10,0.55,0.8596633672714233,True,0.6539433467305239,0.5520361990950227,0.002826691380908248,0.005624582190359835,0.5781626483278975,0.40595154049522353,0.5520361990950227,122,99,623262,222291,35.66573928781155
10,3,0.005,0.003,xgboost,200,10,0.55,0.8521236181259155,True,0.6635707491747328,0.5509259259259259,0.0028257307719706504,0.005622622788159418,0.5771636333811541,0.39217825533437445,0.5509259259259259,119,97,625552,214996,34.36900529452387
30,12,0.01,0.003,xgboost,200,10,0.55,0.8341400623321533,True,0.7044103213037095,0.5508021390374331,0.002825091198332373,0.005621350215576052,0.5642558848042294,0.3457373514747598,0.5508021390374331,103,84,616392,184268,29.894612519305895
30,6,0.015,0.003,xgboost,100,15,0.5,0.7985893487930298,True,0.7531534162347197,0.5029239766081871,0.0028259726603575186,0.00562036401659968,0.5640865791614682,0.2911704163086709,0.5029239766081871,86,85,616392,149207,24.206511440771457
10,6,0.015,0.008,xgboost,100,15,0.55,0.8563860654830933,True,0.6550023579061793,0.5576036866359447,0.0028017041770862275,0.005575394539799562,0.5580596071826227,0.3872271824404933,0.5576036866359447,121,96,625552,212869,34.02898559991815
30,6,0.01,0.005,random_forest,100,10,0.55,0.5629322483346104,True,0.6544829208543224,0.5613207547169812,0.0027920508669435256,0.005556463474423926,0.5580626670777735,0.3860401939872565,0.5613207547169812,119,93,616392,214290,34.765214344118675
10,3,0.01,0.005,xgboost,200,10,0.55,0.8410532474517822,True,0.6739934937775256,0.551219512195122,0.0027690648892374045,0.005510447906761271,0.5661402970611304,0.373081517662458,0.551219512195122,113,92,625552,201919,32.27853160089009
15,3,0.01,0.008,random_forest,100,5,0.5,0.5497560309691066,True,0.6204343256881102,0.5,0.0027687365261867525,0.005506978308390785,0.564517085547367,0.4204953184267133,0.5,131,131,623262,233784,37.50974710474889
30,6,0.01,0.005,random_forest,100,5,0.5,0.5335159235426403,True,0.6542801288135043,0.502127659574468,0.002768588254616269,0.005506813515027067,0.5507253619405532,0.3794799513454097,0.502127659574468,118,117,616392,214290,34.765214344118675
10,3,0.015,0.008,random_forest,200,10,0.5,0.6142590410640945,True,0.6991631431289015,0.5098039215686274,0.0027628712608256736,0.005495957300639434,0.5946637565415033,0.3608207907894751,0.5098039215686274,104,100,625552,181741,29.052900478297566
20,3,0.015,0.008,xgboost,200,10,0.5,0.8439813852310181,True,0.6993276701960627,0.5049019607843137,0.002758140531276778,0.005486310855438372,0.5939074237551815,0.36459744045125553,0.5049019607843137,103,101,620972,180125,29.00694395238433
20,3,0.015,0.008,random_forest,200,15,0.5,0.6231077750514666,True,0.6993115664881839,0.5,0.002758140531276778,0.005486018641810919,0.5984980678133892,0.36400424993663555,0.5,103,103,620972,180125,29.00694395238433
20,6,0.015,0.008,xgboost,100,15,0.55,0.8625394701957703,True,0.6550988365071058,0.5539906103286385,0.002753278267767978,0.005479324835736342,0.5610862836122019,0.388757274811677,0.5539906103286385,118,95,620972,211055,33.98784486257029
15,3,0.015,0.008,random_forest,100,15,0.55,0.6276149732293568,True,0.6995339061233986,0.553763440860215,0.0027485723434914873,0.005469994689325544,0.596325136330405,0.36261846501454853,0.553763440860215,103,83,623262,180854,29.017331395143614
15,12,0.01,0.003,random_forest,100,15,0.5,0.5815361380242591,True,0.704539802491717,0.51010101010101,0.002742031818428626,0.005454741844890905,0.5632672106870625,0.3374747798551026,0.51010101010101,101,97,623262,186123,29.862722258055204
10,12,0.01,0.005,xgboost,100,10,0.55,0.8375726938247681,True,0.6466497749998001,0.55,0.0027356997513000225,0.0054443194600674915,0.5577417302626317,0.3953334614091801,0.55,121,99,625552,224005,35.80917333810778
30,3,0.01,0.008,random_forest,200,10,0.55,0.5893646235736932,True,0.6203165178173087,0.5517241379310345,0.0027332322606820267,0.005439517242844698,0.5716728628069478,0.42843216046729526,0.5517241379310345,128,104,616392,231335,37.530500071383145
30,6,0.015,0.003,xgboost,200,15,0.5,0.8001358509063721,True,0.7531777512796177,0.5123456790123457,0.00272739221871714,0.005425900503366673,0.5624855798219852,0.2916527130823616,0.5123456790123457,83,79,616392,149207,24.206511440771457
30,3,0.015,0.008,random_forest,200,15,0.55,0.6323259611219944,True,0.6991133931975437,0.5642458100558659,0.002721198405000539,0.005416275640166242,0.6004272833426965,0.36594685938938276,0.5642458100558659,101,78,616392,178995,29.03915041077756
20,3,0.015,0.003,xgboost,200,15,0.55,0.7914561629295349,True,0.7749828898103789,0.5507246376811594,0.0027181688125894133,0.005409637696633212,0.5825502125705189,0.28179514554294366,0.5507246376811594,76,62,620972,134836,21.71370045670336
20,12,0.01,0.005,xgboost,100,15,0.5,0.863469660282135,True,0.6466443898707678,0.5021097046413502,0.0027115708882103633,0.005394012193187227,0.5509499924994341,0.39144351724220844,0.5021097046413502,119,118,620972,222184,35.78003517066792
30,12,0.015,0.005,random_forest,100,15,0.55,0.5870904344700943,True,0.696533878438339,0.5519125683060109,0.0026983702912102593,0.00537048360939037,0.5622210678911476,0.3486339924377524,0.5519125683060109,101,82,616392,186753,30.297765058599076
20,3,0.01,0.003,xgboost,100,10,0.5,0.8083263039588928,True,0.7221385724062965,0.5,0.002694949143701643,0.005361003026372676,0.5795596029745739,0.3332907652031936,0.5,93,93,620972,170695,27.488356962954853
20,6,0.015,0.008,xgboost,100,5,0.5,0.8041149377822876,True,0.6549136438665003,0.5,0.0026832796677399785,0.005337913108057928,0.570568398230783,0.3939569747025725,0.5,115,115,620972,211055,33.98784486257029
10,12,0.005,0.003,xgboost,100,10,0.55,0.8616381883621216,True,0.6538593728768853,0.5550239234449761,0.0026771907960026773,0.0053286783958840555,0.5780500185414141,0.4041955258375441,0.5550239234449761,116,93,625552,223222,35.68400388776632
20,12,0.015,0.008,random_forest,200,5,0.5,0.5319941451726534,True,0.6362333427271629,0.5041666666666667,0.00267817618415228,0.005328049317481286,0.5461936026906317,0.3943086037110042,0.5041666666666667,121,119,620972,226182,36.423864522071845
10,12,0.005,0.003,xgboost,200,5,0.55,0.8517926335334778,False,0.6537554651469495,0.5225225225225225,0.0026771907960026773,0.005327087782140479,0.585317689746186,0.40747166779612953,0.5225225225225225,116,106,625552,223222,35.68400388776632
20,6,0.005,0.003,random_forest,200,15,0.55,0.6001888416082131,True,0.6570312814525544,0.5507246376811594,0.0026750516238032663,0.005324241645844523,0.5792263476339338,0.40074997243119775,0.5507246376811594,114,93,620972,218805,35.23588825261042
15,6,0.01,0.005,xgboost,200,10,0.55,0.8498147130012512,True,0.6547134846333421,0.5528846153846154,0.0026705060028330584,0.005315338217281782,0.5593371366276706,0.38892267825643395,0.5528846153846154,115,93,623262,216486,34.73434927847358
30,3,0.01,0.003,xgboost,200,10,0.55,0.8303087949752808,True,0.7219964470834449,0.5515151515151515,0.0026539123334013825,0.005282405526208858,0.5749890910766218,0.3329234183233309,0.5515151515151515,91,74,616392,169603,27.51544471699827
10,12,0.01,0.005,random_forest,100,10,0.55,0.5514250642395102,False,0.6465778388790754,0.5294117647058824,0.002645263395885146,0.005264223527029763,0.5554906920457298,0.39148548579143505,0.5294117647058824,117,104,625552,224005,35.80917333810778
20,12,0.01,0.005,random_forest,200,15,0.55,0.5760786868788648,True,0.6468134788034945,0.5523809523809524,0.00264321195825548,0.0052612481857764876,0.5608202922805023,0.397900259136443,0.5523809523809524,116,94,620972,222184,35.78003517066792
30,3,0.015,0.005,random_forest,200,15,0.5,0.6231939212384277,True,0.7388525215162355,0.5,0.002640243523637945,0.005252749969101471,0.5971866744800417,0.3232688119253987,0.5,85,85,616392,155288,25.19305896247842
30,3,0.01,0.005,xgboost,200,15,0.55,0.8639012575149536,True,0.6738455049116232,0.5520833333333334,0.002634980610520036,0.005244928253339931,0.5673663324909475,0.37674165438911483,0.5520833333333334,106,86,616392,198938,32.27459149372478
15,3,0.01,0.005,random_forest,100,10,0.5,0.5766588340647015,True,0.6739428653943347,0.5,0.002632614900108257,0.00523765235694356,0.5665736703413389,0.36952138049995364,0.5,107,107,623262,201004,32.25032169456826
30,12,0.015,0.008,xgboost,200,15,0.55,0.8869175314903259,True,0.6360045100949878,0.5539906103286385,0.002628296507483963,0.005231771930213483,0.5572903173568873,0.40884849294509246,0.5539906103286385,118,95,616392,224736,36.45991511895028
10,3,0.01,0.008,random_forest,200,5,0.55,0.5507624484309369,True,0.6204969986651853,0.5535714285714286,0.0026103065005052208,0.00519611129735166,0.5648011706492015,0.4210680091425021,0.5535714285714286,124,100,625552,234823,37.53852597385989
30,3,0.01,0.005,random_forest,200,10,0.55,0.5791258414672789,True,0.6738617282748887,0.5585106382978723,0.00261012230287362,0.005195961995249406,0.5648763810736784,0.36927240123054883,0.5585106382978723,105,83,616392,198938,32.27459149372478
10,12,0.005,0.003,xgboost,200,10,0.55,0.8751885890960693,True,0.6538433870722798,0.551219512195122,0.002607953103002608,0.0051913446960996,0.5754474879937865,0.40224380527415626,0.551219512195122,113,92,625552,223222,35.68400388776632
30,6,0.01,0.003,random_forest,200,15,0.5,0.5861767902836086,True,0.7095774625037516,0.5081967213114754,0.002597330056415126,0.005168245852899497,0.5676333598877352,0.33653462544669605,0.5081967213114754,93,90,616392,179939,29.19229970538229
30,6,0.015,0.003,random_forest,100,15,0.5,0.606234072393354,True,0.7531453045530869,0.5,0.0025959516298633017,0.005165086629617522,0.580231485072561,0.2979449469322011,0.5,79,79,616392,149207,24.206511440771457
10,6,0.01,0.005,xgboost,200,5,0.55,0.8162367343902588,True,0.6545467624749223,0.5517241379310345,0.002590134363220092,0.00515606297762637,0.5645530375209638,0.390744876573925,0.5517241379310345,112,91,625552,217445,34.76049952681791
20,12,0.015,0.008,xgboost,200,10,0.55,0.86398845911026,True,0.6363943798059504,0.5518867924528302,0.0025896414342629482,0.005155093408530137,0.555977766253638,0.40538884394129543,0.5518867924528302,117,95,620972,226182,36.423864522071845
10,3,0.015,0.003,xgboost,200,15,0.5,0.7940075993537903,True,0.7747360344014516,0.503448275862069,0.0025901220550667045,0.005153729393907304,0.5768404984843626,0.27428466427569953,0.503448275862069,73,72,625552,136036,21.74655344399826
30,6,0.015,0.005,random_forest,100,15,0.55,0.6018531590221852,True,0.7082795934425166,0.5568862275449101,0.0025846256461564115,0.0051453705496694235,0.5676727351206038,0.338454746887391,0.5568862275449101,93,74,616392,176858,28.69245545042765
15,6,0.015,0.008,random_forest,100,10,0.5,0.5837977891677539,False,0.6549220636486888,0.4805194805194805,0.002581035204390085,0.005134491292180308,0.5636441042989369,0.3866678326216641,0.4805194805194805,111,120,623262,211891,33.9970991332698
15,6,0.015,0.008,random_forest,100,10,0.55,0.5837977891677539,False,0.6549220636486888,0.4805194805194805,0.002581035204390085,0.005134491292180308,0.5636441042989369,0.3866678326216641,0.4805194805194805,111,120,623262,211891,33.9970991332698
20,3,0.01,0.003,random_forest,200,15,0.55,0.5993970685408443,True,0.7222754539232659,0.5527950310559007,0.0025790373525746905,0.005134121719065475,0.5777573525561832,0.3293246925975691,0.5527950310559007,89,72,620972,170695,27.488356962954853
20,6,0.015,0.003,xgboost,100,15,0.5,0.8007062077522278,True,0.7534200249607472,0.5031847133757962,0.0025795918367346937,0.005132869859008512,0.563259775656335,0.2896075317202876,0.5031847133757962,79,78,620972,150151,24.17999523327944
20,3,0.01,0.005,xgboost,200,15,0.55,0.8637556433677673,True,0.6741414710737147,0.5561497326203209,0.0025684720061248177,0.005113329072225773,0.5646228320742886,0.3729030908654056,0.5561497326203209,104,83,620972,200227,32.244126949363256
10,3,0.01,0.008,xgboost,100,10,0.55,0.8524123430252075,True,0.6205049915674881,0.5570776255707762,0.0025682047827551365,0.005112838673176456,0.5746399005474825,0.43327461842007114,0.5570776255707762,122,97,625552,234823,37.53852597385989
10,6,0.01,0.005,xgboost,200,15,0.55,0.8686807751655579,True,0.6545547553772251,0.555,0.002567008163548484,0.005110379595313183,0.5550317151662789,0.3865632783004763,0.555,111,89,625552,217445,34.76049952681791
20,6,0.015,0.008,random_forest,200,15,0.55,0.6029352935016055,True,0.655082732799227,0.5527638190954773,0.0025666153343599793,0.005109506003669554,0.5695647344127593,0.3950561644970354,0.5527638190954773,110,89,620972,211055,33.98784486257029
20,6,0.015,0.008,xgboost,100,10,0.55,0.839371919631958,True,0.6550746809452876,0.55,0.0025666153343599793,0.005109387338009197,0.5689642143774736,0.3944685629243656,0.55,110,90,620972,211055,33.98784486257029
20,12,0.015,0.008,xgboost,200,5,0.5,0.8260055184364319,True,0.6362252908732235,0.5021645021645021,0.002567507746790615,0.005108894320759287,0.5602783478921538,0.40824667252889507,0.5021645021645021,116,115,620972,226182,36.423864522071845
15,6,0.01,0.008,random_forest,100,5,0.5,0.5364169474545725,True,0.5899817894475062,0.5,0.002563099197808648,0.005100054504399283,0.5591041326296613,0.4489611097245503,0.5,131,131,623262,257084,41.24814283559723
20,3,0.015,0.005,xgboost,100,15,0.5,0.8209765553474426,True,0.7391923990498812,0.5,0.002562440184001729,0.005098749884817397,0.5804365365821763,0.3121507709099807,0.5,83,83,620972,156263,25.16425861391496
30,6,0.01,0.005,xgboost,100,5,0.55,0.8089930415153503,True,0.6544666974910569,0.5618556701030928,0.0025574247436709603,0.005091673478920939,0.565618355472358,0.39280542423905473,0.5618556701030928,109,85,616392,214290,34.765214344118675
30,3,0.015,0.003,xgboost,200,15,0.55,0.7989180684089661,True,0.7746493725614257,0.5590551181102362,0.002554324363217729,0.005085413458439279,0.5822635106038809,0.2810862345658366,0.5590551181102362,71,56,616392,134008,21.740710456981923
30,12,0.015,0.005,xgboost,200,5,0.55,0.8008166551589966,True,0.6965257667567063,0.5523255813953488,0.0025380710659898475,0.005052922716876762,0.5666466822978333,0.35182818241379127,0.5523255813953488,95,77,616392,186753,30.297765058599076
30,12,0.015,0.005,random_forest,100,10,0.5,0.568316940684709,True,0.6963878681689502,0.5026455026455027,0.0025380710659898475,0.005050639304606715,0.5583353435804019,0.3421268890906122,0.5026455026455027,95,94,616392,186753,30.297765058599076
20,6,0.005,0.003,xgboost,100,5,0.5,0.8293765187263489,True,0.6568621925198277,0.5,0.0025342594330767785,0.005042958535674262,0.5849529067705439,0.40171926877228586,0.5,108,108,620972,218805,35.23588825261042
30,12,0.005,0.003,xgboost,100,15,0.55,0.8794022798538208,True,0.6536068592379887,0.5510204081632653,0.0025279123657046556,0.00503273608425173,0.5668941315572754,0.39971234132427064,0.5510204081632653,108,88,616392,220054,35.70033355397214
10,6,0.01,0.005,xgboost,100,10,0.5,0.8334009647369385,True,0.65439489733117,0.5046296296296297,0.002520755764205268,0.005016453045539269,0.5607332336598929,0.3896147445211778,0.5046296296296297,109,107,625552,217445,34.76049952681791
20,3,0.01,0.005,random_forest,100,10,0.5,0.5781397317862622,True,0.6739804339949274,0.5024875621890548,0.002494381467486602,0.004964120711687801,0.5671858269239494,0.37017995179119695,0.5024875621890548,101,100,620972,200227,32.244126949363256
20,3,0.01,0.005,xgboost,100,15,0.5,0.8498371839523315,True,0.673972382140988,0.5,0.002494381467486602,0.004963998722138943,0.5625000683040225,0.3705619138375722,0.5,101,101,620972,200227,32.244126949363256
30,3,0.015,0.005,random_forest,200,10,0.5,0.6112902960734009,True,0.7388606331978682,0.5031446540880503,0.002484935081071007,0.004945445553735357,0.5958370230562302,0.32047354940366685,0.5031446540880503,80,79,616392,155288,25.19305896247842
15,3,0.015,0.008,xgboost,200,10,0.55,0.8429247140884399,True,0.6995258838535775,0.5568862275449101,0.0024817206596573623,0.004941420259823065,0.59175750858161,0.36089564924802625,0.5568862275449101,93,74,623262,180854,29.017331395143614
30,3,0.015,0.003,xgboost,100,10,0.5,0.7956676483154297,True,0.7745439207002004,0.5073529411764706,0.0024823715642538495,0.004940569955606473,0.6036222550879071,0.29134156733577765,0.5073529411764706,69,67,616392,134008,21.740710456981923
30,12,0.01,0.005,xgboost,200,15,0.55,0.88105309009552,True,0.6464848027644611,0.5510204081632653,0.0024770074080869703,0.004931844646893623,0.5544152044851333,0.3965734450977142,0.5510204081632653,108,88,616392,220790,35.81973808874872
10,6,0.01,0.008,random_forest,200,5,0.5,0.5326313178567442,True,0.5898442183341193,0.5,0.002474909870408263,0.004925439702146639,0.5590595009919797,0.44848330755991045,0.5,127,127,625552,258184,41.272987697265776
15,6,0.01,0.008,xgboost,200,5,0.55,0.849281370639801,True,0.5901743239232108,0.5526315789473685,0.0024652709841518293,0.004908644668666485,0.5703894965485276,0.4602366719891514,0.5526315789473685,126,102,623262,257084,41.24814283559723
30,6,0.01,0.003,xgboost,100,5,0.5,0.7859771847724915,True,0.7095612391404862,0.5028571428571429,0.002457688655532592,0.004891470498318557,0.5761976540233158,0.34112862203857836,0.5028571428571429,88,87,616392,179939,29.19229970538229
10,3,0.01,0.005,random_forest,100,10,0.5,0.579469503772518,True,0.6738336357314705,0.5025125628140703,0.002450499901980004,0.004877216085058649,0.5650368345106697,0.36897711599694455,0.5025125628140703,100,99,625552,201919,32.27853160089009
15,6,0.01,0.008,random_forest,100,10,0.55,0.5689828241816492,True,0.5901663016533898,0.5506607929515418,0.0024457053414204655,0.004869782028556402,0.5640577602632542,0.45351649883274686,0.5506607929515418,125,102,623262,257084,41.24814283559723
15,6,0.01,0.008,random_forest,200,5,0.55,0.5364181120734247,True,0.5901663016533898,0.5506607929515418,0.0024457053414204655,0.004869782028556402,0.5590788471830613,0.4490279178160364,0.5506607929515418,125,102,623262,257084,41.24814283559723
30,12,0.01,0.003,xgboost,200,5,0.5,0.8025609850883484,True,0.7042561993526878,0.5,0.002441098219918264,0.004858476403635669,0.5751389516698516,0.34775809269822205,0.5,89,89,616392,184268,29.894612519305895
15,6,0.015,0.003,xgboost,200,10,0.5,0.8075265288352966,True,0.7534435593206742,0.5,0.0024402941367866206,0.004856883823338946,0.5740530556898311,0.29701063714052367,0.5,75,75,623262,150712,24.181162978009247
15,12,0.01,0.005,random_forest,100,15,0.55,0.5770121412684396,True,0.6467874820501712,0.5515463917525774,0.0024291130332130127,0.004836923355107023,0.5586065807367862,0.3940216336570136,0.5515463917525774,107,87,623262,223023,35.78318588330429
20,6,0.015,0.005,random_forest,100,15,0.5,0.5980693127434662,True,0.7084101614396715,0.5057471264367817,0.0024298652529268832,0.004836493542181918,0.5689192244108758,0.3383655041975709,0.5057471264367817,88,86,620972,177989,28.66296709030359
30,6,0.01,0.003,xgboost,100,15,0.55,0.8342366814613342,False,0.7095612391404862,0.5028901734104047,0.0024297603753560856,0.004836154423413658,0.5556559488214727,0.3313081634708348,0.5028901734104047,87,86,616392,179939,29.19229970538229
15,6,0.015,0.005,random_forest,100,15,0.5,0.5967854492436515,True,0.7084306033549133,0.5028571428571429,0.0024211742695207177,0.004819145149366118,0.5685163682985905,0.3373572596413575,0.5028571428571429,88,87,623262,178667,28.666435624183727
20,3,0.01,0.005,random_forest,200,10,0.5,0.5777949268608311,True,0.6739804339949274,0.5025641025641026,0.002420290928848386,0.004817381900408002,0.5674731357712626,0.37051885253431077,0.5025641025641026,98,97,620972,200227,32.244126949363256
30,3,0.01,0.005,xgboost,100,5,0.55,0.799532413482666,True,0.6738292815483578,0.5511363636363636,0.002411255841702297,0.004801504801504802,0.5729025018796097,0.3772563432413464,0.5511363636363636,97,79,616392,198938,32.27459149372478
10,3,0.01,0.008,xgboost,100,15,0.55,0.8765524625778198,True,0.6204730199582771,0.5507246376811594,0.0023997979117547997,0.004778772190899373,0.5692155985766789,0.42894682844670756,0.5507246376811594,114,93,625552,234823,37.53852597385989
20,3,0.015,0.008,xgboost,100,10,0.55,0.8317049145698547,True,0.6994564998590925,0.55625,0.0023832476435304197,0.004746160409556314,0.5963897005318439,0.3651822754972828,0.55625,89,71,620972,180125,29.00694395238433
20,6,0.015,0.005,xgboost,200,15,0.55,0.8386698961257935,True,0.7085470429566407,0.5620915032679739,0.0023746410426330905,0.004729302427891886,0.5587931844957288,0.333621722306758,0.5620915032679739,86,67,620972,177989,28.66296709030359
10,6,0.005,0.003,random_forest,200,15,0.5,0.5920689851275163,False,0.6567607964127854,0.4788732394366197,0.00237573950715051,0.004728022805757063,0.5770034696326745,0.3969886591671063,0.4788732394366197,102,111,625552,220541,35.25542241092667
10,6,0.005,0.003,random_forest,200,15,0.55,0.5920689851275163,False,0.6567607964127854,0.4788732394366197,0.00237573950715051,0.004728022805757063,0.5770034696326745,0.3969886591671063,0.4788732394366197,102,111,625552,220541,35.25542241092667
10,3,0.005,0.003,xgboost,100,10,0.5,0.8381910920143127,True,0.663402898226375,0.5025125628140703,0.0023745636739249164,0.004726791453961051,0.5781410419320473,0.39157897160960425,0.5025125628140703,100,99,625552,214996,34.36900529452387
20,3,0.01,0.005,xgboost,100,15,0.55,0.852997899055481,True,0.6741173155118966,0.5517241379310345,0.002370897236422909,0.004721504979712283,0.5625000683040225,0.3705619138375722,0.5517241379310345,96,78,620972,200227,32.244126949363256
15,3,0.015,0.005,xgboost,200,5,0.5,0.7866478562355042,True,0.7392521640072842,0.5032679738562091,0.002368939207482156,0.0047156811709587534,0.5994638821610455,0.32471979558896047,0.5032679738562091,77,76,623262,156869,25.169030038731705
30,12,0.01,0.005,random_forest,100,15,0.55,0.579994806273252,True,0.6464766910828283,0.5508021390374331,0.0023623311391940552,0.004704485247099662,0.559859689982576,0.3989605555518264,0.5508021390374331,103,84,616392,220790,35.81973808874872
30,3,0.015,0.005,xgboost,100,5,0.5,0.7706055045127869,True,0.7388687448795009,0.5066666666666667,0.0023606883270174566,0.004699480583724957,0.6008164695350653,0.3241912419187747,0.5066666666666667,76,74,616392,155288,25.19305896247842
30,12,0.015,0.003,xgboost,200,5,0.5,0.7814357280731201,True,0.7457393392224142,0.5,0.0023608230977827404,0.0046994570221954085,0.5816734784141215,0.30855025509096257,0.5,74,74,616392,155837,25.282125660294096
10,6,0.01,0.008,random_forest,100,5,0.55,0.5322815522976965,True,0.5900280550870827,0.5525114155251142,0.002357984994640943,0.004695928901307874,0.5595364184667511,0.44912397821851624,0.5525114155251142,121,98,625552,258184,41.272987697265776
30,12,0.015,0.005,xgboost,100,15,0.5,0.8377590775489807,True,0.6963797564873174,0.5,0.002351055303232701,0.004680104238685316,0.5519449861215074,0.3441669865335619,0.5,88,88,616392,186753,30.297765058599076
20,3,0.01,0.003,random_forest,100,15,0.55,0.6039789626880888,True,0.7222593502153871,0.5510204081632653,0.002347213770320786,0.004674515235457063,0.5767954621388062,0.3285843366100341,0.5510204081632653,81,66,620972,170695,27.488356962954853
30,3,0.015,0.008,xgboost,200,10,0.55,0.8515151739120483,True,0.6990728347893802,0.5576923076923077,0.0023440025864856127,0.004668383773341919,0.5954751208350748,0.36771763917567507,0.5576923076923077,87,69,616392,178995,29.03915041077756
10,3,0.015,0.008,xgboost,200,10,0.55,0.843363881111145,True,0.6992590579565346,0.55,0.0023378141437755697,0.004655838315433046,0.5899145399763266,0.3622818241910373,0.55,88,72,625552,181741,29.052900478297566
10,3,0.015,0.008,random_forest,100,10,0.5,0.6152652701716418,True,0.6991391644219933,0.5028571428571429,0.0023378141437755697,0.0046539915910833755,0.5943418274927506,0.3602737538783945,0.5028571428571429,88,87,625552,181741,29.052900478297566
30,3,0.01,0.003,xgboost,100,10,0.55,0.8162155747413635,True,0.7219802237201794,0.5517241379310345,0.0023331097436495667,0.004646570250333972,0.5764380290124057,0.3330968543019283,0.5517241379310345,80,65,616392,169603,27.51544471699827
30,6,0.015,0.003,xgboost,100,10,0.5,0.7980629205703735,True,0.7531453045530869,0.5,0.0023330704521556255,0.004644469156799895,0.5814570326240391,0.301961965583088,0.5,71,71,616392,149207,24.206511440771457
20,3,0.01,0.005,random_forest,200,15,0.55,0.5986286641879347,True,0.6741334192197753,0.5595238095238095,0.0023215035439974317,0.004623822523918444,0.5713808853156331,0.3755206733971073,0.5595238095238095,94,74,620972,200227,32.244126949363256
10,6,0.01,0.008,random_forest,200,10,0.55,0.5618359939081173,True,0.5900200621847799,0.5509259259259259,0.0023190100360518367,0.0046185791077215654,0.5638126250293205,0.4529721040532645,0.5509259259259259,119,97,625552,258184,41.272987697265776
30,12,0.01,0.005,xgboost,200,5,0.5,0.8293440937995911,True,0.6463793509032357,0.517948717948718,0.002316460631636889,0.0046122933601242125,0.5656599973271814,0.4016952975535676,0.517948717948718,101,94,616392,220790,35.81973808874872
15,3,0.01,0.005,xgboost,200,10,0.55,0.8450363874435425,True,0.674087266251113,0.5529411764705883,0.0023127644916838895,0.004606262556965747,0.5672188969192379,0.37361512632752053,0.5529411764705883,94,76,623262,201004,32.25032169456826
15,3,0.005,0.003,xgboost,100,15,0.55,0.8614246845245361,True,0.6636262264044989,0.5574712643678161,0.0023122765196662695,0.00460545057449435,0.567414512694642,0.3855128013856619,0.5574712643678161,97,77,623262,214089,34.349759812085445
15,6,0.015,0.005,xgboost,100,10,0.5,0.8094195127487183,True,0.7084386256247343,0.5060240963855421,0.0023111208936334123,0.004601226993865031,0.5679774235245734,0.3388903432764282,0.5060240963855421,84,82,623262,178667,28.666435624183727
30,6,0.015,0.005,xgboost,100,10,0.55,0.8179149031639099,True,0.7082633700792511,0.5570469798657718,0.002306708910010561,0.004594392626830146,0.5690414975699307,0.34181596353611915,0.5570469798657718,83,66,616392,176858,28.69245545042765
30,6,0.015,0.003,random_forest,200,10,0.5,0.5929655769637074,True,0.7531615279163524,0.5072463768115942,0.002300210304942166,0.004579653254824992,0.5820011123163549,0.2971474839163529,0.5072463768115942,70,68,616392,149207,24.206511440771457
15,3,0.015,0.008,xgboost,100,10,0.5,0.8265599608421326,True,0.699373460726978,0.5,0.002294924480973475,0.004568878499707804,0.5952272518936637,0.36250591839470264,0.5,86,86,623262,180854,29.017331395143614
30,3,0.015,0.008,random_forest,200,10,0.55,0.6184043935765746,True,0.6990566114261147,0.551948051948052,0.0022901174695549088,0.004561309364099812,0.5979248333218944,0.36231188062552,0.551948051948052,85,69,616392,178995,29.03915041077756
10,6,0.01,0.005,random_forest,100,15,0.55,0.5812603564992738,True,0.654522783768014,0.55,0.0022894937674891886,0.004560005527279427,0.5617281880496574,0.38851990668233793,0.55,99,81,625552,217445,34.76049952681791
10,6,0.01,0.003,random_forest,200,15,0.5,0.5853365202977792,True,0.7096178593409053,0.5060975609756098,0.0022844875041285917,0.004548443665059185,0.5667412440688592,0.33465895289079933,0.5060975609756098,83,81,625552,182597,29.18973962196588
10,6,0.01,0.003,xgboost,200,10,0.5,0.8293092846870422,True,0.7096098664386025,0.503030303030303,0.0022844875041285917,0.004548319039921089,0.5645064208260402,0.33465447607661764,0.503030303030303,83,82,625552,182597,29.18973962196588
10,3,0.01,0.005,random_forest,200,10,0.5,0.5792978244833428,True,0.6738256428291677,0.5,0.0022789649088414037,0.004537249353563936,0.5657051864636398,0.3695167713789482,0.5,93,93,625552,201919,32.27853160089009
20,3,0.015,0.008,xgboost,200,10,0.55,0.8491828441619873,True,0.6994726035669713,0.5666666666666667,0.002276135389888603,0.0045340587827385715,0.5939074237551815,0.36459744045125553,0.5666666666666667,85,65,620972,180125,29.00694395238433
30,12,0.01,0.003,xgboost,100,10,0.5,0.8229235410690308,True,0.7042643110343205,0.503030303030303,0.002276529800597932,0.004532546963739625,0.5658790539387053,0.34463605170218164,0.503030303030303,83,82,616392,184268,29.894612519305895
15,12,0.01,0.005,xgboost,200,10,0.55,0.8592532277107239,True,0.6467794597803502,0.5524861878453039,0.0022701990964607596,0.0045218177707438394,0.5581455660346689,0.395609720312153,0.5524861878453039,100,81,623262,223023,35.78318588330429
20,3,0.015,0.005,xgboost,100,15,0.55,0.826033353805542,True,0.7393051250050324,0.553030303030303,0.0022537124509894725,0.00448913076899425,0.5804365365821763,0.3121507709099807,0.553030303030303,73,59,620972,156263,25.16425861391496
20,3,0.015,0.008,xgboost,200,5,0.5,0.8093764185905457,True,0.6993437739039414,0.5121951219512195,0.002249357326478149,0.004479044470512957,0.6035720511217505,0.3679468824174188,0.5121951219512195,84,80,620972,180125,29.00694395238433
15,12,0.015,0.005,xgboost,100,15,0.5,0.8348473310470581,True,0.6967341339558615,0.5,0.002248498796391821,0.004476865141021252,0.5480832795403849,0.33731133287650783,0.5,85,85,623262,188637,30.266083926181924
15,3,0.015,0.008,xgboost,200,15,0.55,0.8614897131919861,True,0.6995098393139355,0.5562913907284768,0.00224155414420665,0.004465116279069767,0.5858907960912676,0.35884709139847615,0.5562913907284768,84,67,623262,180854,29.017331395143614
10,12,0.015,0.008,random_forest,100,15,0.55,0.5864742394288089,True,0.6362989665177322,0.5513513513513514,0.0022406748385396073,0.004463211324304811,0.5563589600440502,0.4043689855733246,0.5513513513513514,102,83,625552,228088,36.46187687034811
30,3,0.015,0.005,random_forest,100,15,0.5,0.6319973508824905,True,0.7388930799243991,0.5179856115107914,0.0022364415729639064,0.004453654161383107,0.5957294146046695,0.3212928520132677,0.5179856115107914,72,67,616392,155288,25.19305896247842
20,12,0.015,0.008,xgboost,100,10,0.55,0.8471879959106445,True,0.6363782760980716,0.554945054945055,0.002235502434705622,0.004453066443278515,0.5564260970279344,0.40569859544421627,0.554945054945055,101,81,620972,226182,36.423864522071845
10,6,0.005,0.003,xgboost,200,10,0.5,0.8619186878204346,True,0.6568327325335103,0.5,0.0022359901243769508,0.004452070676621992,0.5752431023561657,0.39794726952518794,0.5,96,96,625552,220541,35.25542241092667
30,6,0.01,0.003,xgboost,200,5,0.5,0.8030596971511841,True,0.7095531274588535,0.5,0.0022342624141205385,0.00444864594339098,0.5784611441825942,0.3435591335354298,0.5,80,80,616392,179939,29.19229970538229
20,12,0.015,0.005,xgboost,100,10,0.55,0.8178762793540955,True,0.6968235436209187,0.5562913907284768,0.0022298911600743296,0.004441976679622432,0.5578821849472606,0.3458430587246784,0.5562913907284768,84,67,620972,187935,30.264649613831217
15,6,0.01,0.005,random_forest,200,15,0.55,0.5791108125199416,True,0.654681395554058,0.5517241379310345,0.0022292919675823792,0.004440641117561348,0.5627870031183089,0.39049003154524736,0.5517241379310345,96,78,623262,216486,34.73434927847358
30,3,0.01,0.003,xgboost,200,15,0.55,0.836028516292572,True,0.7219721120385467,0.5507246376811594,0.0022164542564670885,0.004415139280216109,0.5664907045885572,0.3273899175258068,0.5507246376811594,76,62,616392,169603,27.51544471699827
15,3,0.015,0.008,xgboost,100,5,0.5,0.7901268601417542,True,0.699373460726978,0.5,0.0022148689758232374,0.004410201912858661,0.5994215499157067,0.36297340499841974,0.5,83,83,623262,180854,29.017331395143614
30,3,0.015,0.005,random_forest,200,15,0.55,0.6269834595051931,True,0.738982308422359,0.5634920634920635,0.002205379884450519,0.004393564356435644,0.5971866744800417,0.3232688119253987,0.5634920634920635,71,55,616392,155288,25.19305896247842
10,3,0.015,0.005,xgboost,100,10,0.55,0.8078701496124268,True,0.7391356475449801,0.5538461538461539,0.0022051391994119627,0.0043927885055367434,0.588863742462987,0.3194603968782182,0.5538461538461539,72,58,625552,157657,25.20286083331202
30,6,0.01,0.005,random_forest,200,5,0.5,0.5327844072295482,True,0.6542720171318717,0.5,0.0022054855587621126,0.004391599897217875,0.5504579190525494,0.37939974589214565,0.5,94,94,616392,214290,34.765214344118675
30,6,0.005,0.003,random_forest,100,15,0.55,0.606580310807793,True,0.6567623033931165,0.5502958579881657,0.0021969714866173725,0.004376470588235294,0.5778145582650743,0.4008196620105653,0.5502958579881657,93,76,616392,217402,35.27008786616309
15,12,0.015,0.005,random_forest,200,15,0.5,0.5785777781376641,True,0.6967341339558615,0.5,0.002195592942359072,0.0043719876741552316,0.5597215958117325,0.34425663687938024,0.5,83,83,623262,188637,30.266083926181924
10,12,0.01,0.005,random_forest,100,15,0.55,0.5713388379295423,True,0.6466178033905892,0.5511363636363636,0.002193081618810762,0.004368778993829663,0.5573764800282716,0.39431164937270213,0.5511363636363636,97,79,625552,224005,35.80917333810778
10,12,0.01,0.005,xgboost,200,10,0.55,0.8564000725746155,False,0.6465778388790754,0.5359116022099447,0.002193081618810762,0.0043682871360698925,0.55663121492806,0.39556108086264974,0.5359116022099447,97,84,625552,224005,35.80917333810778
15,3,0.015,0.008,random_forest,200,10,0.5,0.6126526334874395,True,0.699373460726978,0.5,0.002188183807439825,0.004357298474945534,0.5946099074089152,0.35941295753474584,0.5,82,82,623262,180854,29.017331395143614
10,3,0.01,0.005,random_forest,100,5,0.5,0.5455900841472444,True,0.6738256428291677,0.5,0.0021809449127622037,0.004342946371931879,0.5573183575980465,0.36329987078091347,0.5,89,89,625552,201919,32.27853160089009
30,12,0.01,0.005,xgboost,100,5,0.5,0.8161076307296753,True,0.6463387924950722,0.5053191489361702,0.0021788491089653906,0.004338989243874033,0.562712197045391,0.3981052349398233,0.5053191489361702,95,93,616392,220790,35.81973808874872
20,3,0.005,0.003,random_forest,100,15,0.5,0.5900905136464687,True,0.6634244534804139,0.5055555555555555,0.00217687725761309,0.004335088011814306,0.5758411115009957,0.38863710355578124,0.5055555555555555,91,89,620972,213297,34.34889173746964
30,3,0.015,0.005,xgboost,100,10,0.5,0.8121915459632874,True,0.7388525215162355,0.5,0.0021743181959371313,0.004329807632832312,0.5951493361649798,0.32272394471867205,0.5,70,70,616392,155288,25.19305896247842
10,12,0.015,0.003,random_forest,100,15,0.5,0.5972357671399577,True,0.7459056357954137,0.5,0.0021704938659955963,0.004322225006264094,0.5702916830524375,0.29954465708817635,0.5,69,69,625552,158145,25.28087193390797
20,12,0.015,0.008,xgboost,200,15,0.55,0.8893237113952637,True,0.6363702242441323,0.5536723163841808,0.002169101372288623,0.004321273452829772,0.5522798986648834,0.40244754654025305,0.5536723163841808,98,79,620972,226182,36.423864522071845
30,6,0.015,0.005,xgboost,100,5,0.5,0.7784859538078308,True,0.7081416948547603,0.5064935064935064,0.0021677505419376354,0.004317024573832189,0.572022742173851,0.34092480727439545,0.5064935064935064,78,76,616392,176858,28.69245545042765
20,3,0.015,0.005,xgboost,200,10,0.5,0.8245598077774048,True,0.7392165546116993,0.5109489051094891,0.0021610941310857956,0.0043039842597147075,0.5906512864956088,0.32089542959523343,0.5109489051094891,70,67,620972,156263,25.16425861391496
10,12,0.015,0.005,xgboost,100,5,0.5,0.7784513235092163,True,0.6965414711735979,0.5,0.0021598272138228943,0.004301075268817204,0.5600688915089246,0.34335418912123244,0.5,82,82,625552,189528,30.297721052766196
15,6,0.01,0.005,xgboost,100,10,0.5,0.8365674614906311,True,0.6545450169671007,0.5027027027027027,0.0021596265935954297,0.004300776914539401,0.5616996531989545,0.3897400795431101,0.5027027027027027,93,92,623262,216486,34.73434927847358
15,6,0.005,0.003,xgboost,100,5,0.5,0.8313347101211548,True,0.6569115865643025,0.5,0.0021511913391166087,0.004283951479593024,0.5837768907576681,0.40119671892159425,0.5,92,92,623262,219616,35.236545786523166
20,6,0.015,0.008,xgboost,200,5,0.5,0.8215647339820862,True,0.6549216957204397,0.5027322404371585,0.0021466237341919827,0.0042749936107432445,0.5729191060186648,0.3971109673526284,0.5027322404371585,92,91,620972,211055,33.98784486257029
15,12,0.01,0.003,xgboost,100,15,0.5,0.8344337344169617,True,0.7045157356822539,0.5031847133757962,0.0021447575609491233,0.004271309237382066,0.5496781150529974,0.33322885911545946,0.5031847133757962,79,78,623262,186123,29.862722258055204
10,6,0.005,0.003,xgboost,100,10,0.5,0.8501454591751099,True,0.6568327325335103,0.5,0.0021428238691945777,0.004267359339486989,0.5767503823049567,0.3976851544560885,0.5,92,92,625552,220541,35.25542241092667
15,3,0.015,0.003,xgboost,200,10,0.5,0.8031727075576782,True,0.7749271979013742,0.5042016806722689,0.002138503760202445,0.004258943781942078,0.5924797031465023,0.284296691427704,0.5042016806722689,60,59,623262,135352,21.71670982668605
15,3,0.01,0.008,xgboost,100,5,0.55,0.8271497488021851,True,0.6205867488147097,0.5519125683060109,0.0021346747262966565,0.0042529001831694635,0.5769438422709138,0.4321074906421693,0.5519125683060109,101,82,623262,233784,37.50974710474889
10,6,0.015,0.008,xgboost,200,10,0.55,0.8556824326515198,True,0.6549384146877573,0.5508982035928144,0.0021302213577845696,0.004244031830238726,0.5628486416590057,0.39095958499300204,0.5508982035928144,92,75,625552,212869,34.02898559991815
15,6,0.005,0.003,random_forest,100,5,0.55,0.5542260837693671,False,0.6568393861359133,0.47643979057591623,0.0021278088245609934,0.0042366963080217885,0.5679376847346362,0.389794656291312,0.47643979057591623,91,100,623262,219616,35.236545786523166
15,6,0.005,0.003,random_forest,100,5,0.5,0.5542260837693672,False,0.6568393861359133,0.47643979057591623,0.0021278088245609934,0.0042366963080217885,0.5679376847346362,0.389794656291312,0.47643979057591623,91,100,623262,219616,35.236545786523166
20,12,0.015,0.003,xgboost,200,10,0.5,0.8119606375694275,True,0.7460606304601635,0.5037593984962406,0.002124353974444339,0.0042308663803990905,0.5670809708746682,0.30076642388030606,0.5037593984962406,67,66,620972,156808,25.252024245859715
10,3,0.005,0.003,xgboost,100,15,0.55,0.862376868724823,True,0.6635467704678246,0.559748427672956,0.0021133616697931756,0.0042108251324753975,0.565314391134669,0.3835324892294176,0.559748427672956,89,70,625552,214996,34.36900529452387
30,12,0.01,0.003,random_forest,200,10,0.5,0.5677279106859922,True,0.7042643110343205,0.5032679738562091,0.0021119613812775996,0.004206271167923085,0.5624468824403418,0.3360459231661263,0.5032679738562091,77,76,616392,184268,29.894612519305895
30,12,0.01,0.003,random_forest,100,15,0.5,0.583919707191441,True,0.7042561993526878,0.5,0.0021119613812775996,0.004206156283287357,0.5639546115295361,0.3400454087653924,0.5,77,77,616392,184268,29.894612519305895
15,12,0.01,0.008,random_forest,100,10,0.55,0.5601568826993928,True,0.578108830112392,0.5522388059701493,0.0021098249415521467,0.004203590093160645,0.5611797030023042,0.46393689859753523,0.5522388059701493,111,90,623262,267143,42.86207084661026
30,12,0.015,0.003,xgboost,100,5,0.5,0.7648854851722717,True,0.7457393392224142,0.5,0.0021055989791035254,0.004193538138958604,0.5804952175269488,0.30584902730390046,0.5,66,66,616392,155837,25.282125660294096
30,12,0.015,0.003,random_forest,200,10,0.5,0.5808595941989706,False,0.7455933289530252,0.44,0.0021055989791035254,0.004191141451023972,0.5752505937327209,0.30031307491097353,0.44,66,84,616392,155837,25.282125660294096
30,12,0.015,0.003,random_forest,200,10,0.55,0.5808595941989706,False,0.7455933289530252,0.44,0.0021055989791035254,0.004191141451023972,0.5752505937327209,0.30031307491097353,0.44,66,84,616392,155837,25.282125660294096
20,3,0.01,0.008,random_forest,100,5,0.55,0.5493946057805111,True,0.6205885905229679,0.55,0.0021001718322408197,0.004184365688201357,0.5649869116262349,0.42067166293577796,0.55,99,81,620972,232849,37.49750391321992
30,6,0.015,0.008,random_forest,200,5,0.55,0.5507111772922493,True,0.6547100479400384,0.55625,0.002089937771515792,0.004164229734471868,0.5540235623396879,0.37942466609110437,0.55625,89,71,616392,209698,34.02023387714312
15,12,0.005,0.003,xgboost,100,15,0.55,0.8821499943733215,True,0.6539032353814188,0.5555555555555556,0.0020852641334569047,0.004154932828585938,0.5655286750181368,0.39718319224682613,0.5555555555555556,90,72,623262,222291,35.66573928781155
30,6,0.015,0.005,random_forest,100,10,0.5,0.5852261459290837,True,0.7081335831731276,0.5033557046979866,0.00208437552109388,0.004151559602557361,0.5681766180255742,0.3364128437057909,0.5033557046979866,75,74,616392,176858,28.69245545042765
10,3,0.01,0.005,xgboost,100,15,0.55,0.8539140820503235,True,0.6739535292660118,0.551948051948052,0.0020829249166830033,0.0041501879791025825,0.5611472156604065,0.3683851904876898,0.551948051948052,85,69,625552,201919,32.27853160089009
30,12,0.015,0.003,random_forest,200,15,0.5,0.5913483631249314,True,0.7457474509040469,0.5038759689922481,0.0020736959642686232,0.004130393340535045,0.5743878586038421,0.3035025195624529,0.5038759689922481,65,64,616392,155837,25.282125660294096
20,12,0.01,0.003,xgboost,200,15,0.5,0.8410019874572754,True,0.7045291678408954,0.5,0.0020710704163941574,0.004125054277029961,0.5532486548982031,0.33561364514724007,0.5,76,76,620972,185430,29.861249782598893
30,3,0.01,0.005,random_forest,200,5,0.5,0.5440853152600845,True,0.6736832712789689,0.5,0.002063239534652481,0.004109521216022182,0.5559396753552133,0.36068564253012014,0.5,83,83,616392,198938,32.27459149372478
10,3,0.01,0.005,xgboost,100,10,0.55,0.8293859958648682,True,0.6740014866798283,0.5753424657534246,0.0020584199176632034,0.004102163402842213,0.5689608229424614,0.3750820276721913,0.5753424657534246,84,62,625552,201919,32.27853160089009
20,12,0.015,0.008,random_forest,100,15,0.55,0.5930685785640069,True,0.6363621723901929,0.5535714285714286,0.002058432934926959,0.004101614183646467,0.5576119629422434,0.40610308626109903,0.5535714285714286,93,75,620972,226182,36.423864522071845
20,6,0.015,0.008,random_forest,100,10,0.55,0.5887314244417692,True,0.6550424735295302,0.55,0.0020532922674879836,0.004091310614161514,0.5645950417890389,0.3883893406046646,0.55,88,72,620972,211055,33.98784486257029
15,12,0.015,0.008,xgboost,200,10,0.5,0.860410749912262,True,0.636326442203557,0.5,0.0020514856726887697,0.004086205760231991,0.5529088622993013,0.40184828317427873,0.5,93,93,623262,227060,36.43090706637016
10,3,0.015,0.008,random_forest,200,10,0.55,0.6163669098862485,True,0.699243072151929,0.55,0.0020455873758036236,0.00407601503361389,0.5946637565415033,0.3608207907894751,0.55,77,63,625552,181741,29.052900478297566
30,12,0.015,0.003,xgboost,100,10,0.55,0.8064765930175781,True,0.7458366794020068,0.5517241379310345,0.0020417929494337215,0.004068529290232352,0.5726457375916544,0.3047992953559653,0.5517241379310345,64,52,616392,155837,25.282125660294096
30,6,0.01,0.005,xgboost,100,15,0.55,0.8658199310302734,True,0.6544099157196278,0.554140127388535,0.002041247272471317,0.004067511337603441,0.557652706229653,0.39010550360574214,0.554140127388535,87,70,616392,214290,34.765214344118675
30,6,0.01,0.005,random_forest,100,5,0.55,0.5338477358971229,True,0.6544099157196278,0.554140127388535,0.002041247272471317,0.004067511337603441,0.5507253619405532,0.3794799513454097,0.554140127388535,87,70,616392,214290,34.765214344118675
15,3,0.01,0.005,random_forest,200,15,0.55,0.5973377627127429,True,0.67406319944165,0.5503355704697986,0.002017517960830627,0.004020297600078445,0.5699234969562974,0.3738409066975778,0.5503355704697986,82,67,623262,201004,32.25032169456826
20,12,0.015,0.005,xgboost,200,10,0.5,0.8372449278831482,True,0.6967027658118282,0.5066666666666667,0.002017520573400584,0.004019037546271814,0.5558960462545715,0.3446603414291348,0.5066666666666667,76,74,620972,187935,30.264649613831217
15,6,0.005,0.003,xgboost,200,5,0.5,0.8422628045082092,True,0.6569276311039446,0.5058823529411764,0.002010896251782917,0.004005869063977456,0.5847859699322748,0.40212161290363824,0.5058823529411764,86,84,623262,219616,35.236545786523166
10,3,0.01,0.005,random_forest,200,5,0.5,0.5463619901636654,True,0.6738416286337732,0.5061728395061729,0.002009409919623603,0.004002928972418843,0.5581425873371793,0.36400769762841384,0.5061728395061729,82,80,625552,201919,32.27853160089009
15,3,0.015,0.008,xgboost,100,10,0.55,0.8291810154914856,True,0.6994857725044724,0.5514705882352942,0.0020013876287559374,0.003988300983780909,0.5952272518936637,0.36250591839470264,0.5514705882352942,75,61,623262,180854,29.017331395143614
20,12,0.015,0.003,xgboost,200,15,0.5,0.8128702640533447,True,0.7460525786062241,0.5,0.001997526871492438,0.003979156797726196,0.5512664891317183,0.29167884376524933,0.5,63,63,620972,156808,25.252024245859715
15,3,0.015,0.003,xgboost,200,15,0.5,0.7996976971626282,True,0.7749191756315532,0.5,0.0019959368428556154,0.003976001988000994,0.5797261375873209,0.27639565474404443,0.5,56,56,623262,135352,21.71670982668605
10,3,0.015,0.008,random_forest,100,15,0.55,0.6335885230612639,True,0.699243072151929,0.5514705882352942,0.0019924552361723605,0.003970564879030123,0.596402656440786,0.3641328771646058,0.5514705882352942,75,61,625552,181741,29.052900478297566
15,12,0.015,0.003,random_forest,200,15,0.5,0.5888187148308843,True,0.746087137894796,0.5,0.0019904584373321536,0.0039651320137206155,0.5730646502740093,0.30127011181273666,0.5,63,63,623262,157384,25.251659815615263
10,12,0.01,0.005,random_forest,200,15,0.5,0.5682330753436998,True,0.6464739311491395,0.5,0.0019895998191272893,0.003963428365536189,0.5578783360541382,0.3944365701760314,0.5,88,88,625552,224005,35.80917333810778
15,6,0.005,0.003,xgboost,200,15,0.55,0.885351836681366,True,0.657055987421081,0.5592105263157895,0.0019875137372273016,0.003960949695938861,0.5631160980693855,0.3910349701488291,0.5592105263157895,85,67,623262,219616,35.236545786523166
20,6,0.015,0.005,xgboost,100,10,0.5,0.8142353296279907,True,0.7083940577317928,0.5,0.0019880715705765406,0.0039603960396039604,0.5681208769727875,0.33832404854831416,0.5,72,72,620972,177989,28.66296709030359
20,3,0.005,0.003,xgboost,100,15,0.5,0.8657360076904297,True,0.6634325053343533,0.50920245398773,0.0019855034327679833,0.003955583091073726,0.563321084457388,0.38285648293057783,0.50920245398773,83,80,620972,213297,34.34889173746964
30,6,0.015,0.003,xgboost,200,15,0.55,0.8150944113731384,True,0.7532669797775777,0.5714285714285714,0.001971608832807571,0.0039296591020728956,0.5624855798219852,0.2916527130823616,0.5714285714285714,60,45,616392,149207,24.206511440771457
10,6,0.015,0.008,random_forest,100,5,0.55,0.5536527383061379,True,0.6549544004923628,0.5629139072847682,0.001968139297953135,0.003922563972403609,0.5544946979711591,0.37990476106400506,0.5629139072847682,85,66,625552,212869,34.02898559991815
20,12,0.015,0.008,xgboost,200,5,0.55,0.8299487829208374,True,0.6363460686823141,0.55,0.0019477644975652944,0.0038817820908689897,0.5602783478921538,0.40824667252889507,0.55,88,72,620972,226182,36.423864522071845
30,6,0.01,0.005,xgboost,200,5,0.55,0.8257114887237549,True,0.6544099157196278,0.5570469798657718,0.0019473968231622908,0.0038812251578209025,0.5684025550705121,0.3956281980118128,0.5570469798657718,83,66,616392,214290,34.765214344118675
10,12,0.01,0.005,random_forest,200,10,0.5,0.5502009422407419,True,0.6464739311491395,0.5,0.0019443816414198508,0.0038736993829106797,0.555586138231518,0.3914725650061142,0.5,86,86,625552,224005,35.80917333810778
30,3,0.015,0.003,xgboost,100,15,0.5,0.8049524426460266,True,0.7745601440634658,0.5192307692307693,0.0019427255720247517,0.003870967741935484,0.585238378629013,0.28033175585857695,0.5192307692307693,54,50,616392,134008,21.740710456981923
30,12,0.015,0.008,random_forest,100,10,0.55,0.5761120957918676,True,0.6359639516868242,0.5576923076923077,0.0019378118317890235,0.003862203675752464,0.5530177236777372,0.4016631370675428,0.5576923076923077,87,69,616392,224736,36.45991511895028
20,3,0.015,0.008,random_forest,100,10,0.5,0.6151988436682478,True,0.6993115664881839,0.5,0.0019280205655526992,0.0038412291933418692,0.5970397740870843,0.36123233176193287,0.5,72,72,620972,180125,29.00694395238433
30,6,0.015,0.008,xgboost,200,5,0.55,0.8259314894676208,True,0.6546857128951403,0.5503355704697986,0.0019255606434190442,0.0038376936397248092,0.5710797885522847,0.39530625804107444,0.5503355704697986,82,67,616392,209698,34.02023387714312
20,6,0.005,0.003,xgboost,200,15,0.55,0.8845255970954895,True,0.6569829703289183,0.5503355704697986,0.0019241599399286652,0.0038349117268794575,0.5674751484067634,0.3941782359514768,0.5503355704697986,82,67,620972,218805,35.23588825261042
15,3,0.01,0.008,random_forest,100,15,0.55,0.6095444164764534,True,0.6205867488147097,0.558282208588957,0.0019233207929999576,0.003833435137013712,0.5755247787480078,0.4314269916247647,0.558282208588957,91,72,623262,233784,37.50974710474889
10,12,0.01,0.005,random_forest,200,10,0.55,0.5502272738755223,False,0.6464819240514423,0.5029585798816568,0.0019217725525661315,0.003828915065654632,0.555586138231518,0.3914725650061142,0.5029585798816568,85,84,625552,224005,35.80917333810778
30,6,0.015,0.005,xgboost,200,15,0.55,0.8480430841445923,True,0.7082714817608838,0.575,0.00191762547940637,0.003822502908426126,0.5593261493354913,0.33611803613967417,0.575,69,51,616392,176858,28.69245545042765
30,6,0.015,0.005,xgboost,200,5,0.55,0.8021190762519836,True,0.7082471467159857,0.5609756097560976,0.00191762547940637,0.0038221852928957208,0.5734962772620704,0.3429878113872557,0.5609756097560976,69,54,616392,176858,28.69245545042765
15,6,0.005,0.003,xgboost,100,10,0.5,0.8538127541542053,True,0.6569115865643025,0.5,0.0019173661935604554,0.0038200833896252125,0.5772585505216405,0.3989776820413525,0.5,82,82,623262,219616,35.236545786523166
20,6,0.01,0.003,random_forest,100,15,0.5,0.593981064836632,True,0.709795080317243,0.5,0.001914433161311803,0.0038142620232172473,0.5680535705884027,0.3352619876779768,0.5,69,69,620972,181090,29.16234548417642
30,6,0.005,0.003,xgboost,100,15,0.55,0.8791763186454773,True,0.656746080029851,0.5510204081632653,0.0019134912947957761,0.0038137388765949434,0.5662222966836398,0.39382729422882484,0.5510204081632653,81,66,616392,217402,35.27008786616309
30,12,0.01,0.005,random_forest,200,15,0.55,0.5780853663550027,True,0.6464604677195629,0.5570469798657718,0.001903626063622394,0.0037942857142857144,0.5609756237273179,0.4002225539845,0.5570469798657718,83,66,616392,220790,35.81973808874872
20,3,0.015,0.008,random_forest,200,15,0.55,0.6279139179673554,True,0.6994323442972744,0.5590551181102362,0.0019012425021422451,0.0037895972885698273,0.5984980678133892,0.36400424993663555,0.5590551181102362,71,56,620972,180125,29.00694395238433
10,3,0.015,0.005,random_forest,200,15,0.5,0.6302646860516063,True,0.7390237469127415,0.5,0.0018988698661603013,0.0037833714721586574,0.5932776428627026,0.32064699678619935,0.5,62,62,625552,157657,25.20286083331202
30,12,0.015,0.005,random_forest,200,10,0.55,0.5713542011325314,True,0.6965095433934408,0.5634920634920635,0.001896874165108202,0.003781020342954521,0.558906898354764,0.34262235808866714,0.5634920634920635,71,55,616392,186753,30.297765058599076
30,3,0.015,0.005,xgboost,200,15,0.55,0.8397964239120483,True,0.7389498616958282,0.5545454545454546,0.0018947629993166428,0.0037766220901436355,0.5808916398784256,0.31733510382227614,0.5545454545454546,61,49,616392,155288,25.19305896247842
20,6,0.015,0.003,xgboost,100,10,0.55,0.8011249899864197,True,0.753500543500141,0.5523809523809524,0.001893877551020408,0.0037748128864301986,0.5796802201996542,0.30121550622307924,0.5523809523809524,58,47,620972,150151,24.17999523327944
30,12,0.015,0.008,random_forest,100,5,0.55,0.5311907174305418,True,0.6359477283235587,0.551948051948052,0.001893264433357092,0.0037735849056603774,0.5445593813826,0.39398497170429764,0.551948051948052,85,69,616392,224736,36.45991511895028
20,3,0.01,0.008,xgboost,200,5,0.55,0.8431565165519714,True,0.6205885905229679,0.55625,0.0018880332633276055,0.003763293092877228,0.5800009359744391,0.436069661511032,0.55625,89,71,620972,232849,37.49750391321992
10,3,0.01,0.005,random_forest,200,10,0.55,0.5809661365375878,True,0.6739375434614062,0.55,0.001886884924524603,0.003760867441633291,0.5657051864636398,0.3695167713789482,0.55,77,63,625552,201919,32.27853160089009
30,12,0.005,0.003,random_forest,200,10,0.55,0.6329483436336879,True,0.653566300829825,0.5517241379310345,0.0018725276782997448,0.00373238779509191,0.5768878371250805,0.40459648411883553,0.5517241379310345,80,65,616392,220054,35.70033355397214
20,6,0.01,0.005,random_forest,200,15,0.55,0.5841496560419156,True,0.6546801401022585,0.5517241379310345,0.0018647149317048157,0.003716867609821823,0.5635586145046944,0.3914379659433837,0.5517241379310345,80,65,620972,215661,34.729585230896085
30,3,0.01,0.005,random_forest,100,10,0.55,0.5849608242198635,True,0.673821169866725,0.5639097744360902,0.0018643730734811575,0.0037164589579049083,0.5647407952297698,0.3692218748356421,0.5639097744360902,75,58,616392,198938,32.27459149372478
30,12,0.015,0.003,random_forest,200,15,0.55,0.5944151333644337,True,0.7458366794020068,0.5576923076923077,0.00185037486042431,0.0036885115583961334,0.5743878586038421,0.3035025195624529,0.5576923076923077,58,46,616392,155837,25.282125660294096
20,6,0.015,0.005,xgboost,100,5,0.5,0.7780582904815674,True,0.7083940577317928,0.5,0.0018500110448420588,0.003686382393397524,0.5742872092247508,0.3404008586735045,0.5,67,67,620972,177989,28.66296709030359
10,12,0.015,0.008,random_forest,200,5,0.5,0.5322775400926449,True,0.6361471013739799,0.5,0.0018452616317385,0.003676953381483913,0.545885942778664,0.39397429090829994,0.5,84,84,625552,228088,36.46187687034811
10,12,0.015,0.005,xgboost,200,10,0.5,0.8348572254180908,True,0.6965414711735979,0.5,0.0018437549386293,0.0036739621057051385,0.5542189689929362,0.3429381634583137,0.5,70,70,625552,189528,30.297721052766196
20,6,0.015,0.005,random_forest,200,15,0.55,0.5994706932986724,True,0.7084987318330046,0.5546218487394958,0.0018223989396951624,0.003632860877941379,0.570186090228929,0.33997942016665844,0.5546218487394958,66,53,620972,177989,28.66296709030359
30,12,0.01,0.003,xgboost,100,5,0.5,0.7908040285110474,True,0.7042724227159533,0.5076923076923077,0.0018102526125236566,0.0036076416409303344,0.5719070973299498,0.3432898233895325,0.5076923076923077,66,64,616392,184268,29.894612519305895
10,3,0.015,0.003,xgboost,200,5,0.5,0.7757034301757812,True,0.7747280414991488,0.5,0.001809537326142492,0.0036060241815739236,0.6078730959290728,0.2916424592216676,0.5,51,51,625552,136036,21.74655344399826
20,12,0.015,0.005,xgboost,100,15,0.5,0.8400276899337769,True,0.6966947139578888,0.5037037037037037,0.0018051499867268383,0.0035974077502975797,0.547284389971856,0.3374801453126988,0.5037037037037037,68,67,620972,187935,30.264649613831217
20,3,0.005,0.003,xgboost,200,5,0.5,0.8318917155265808,True,0.6634083497725352,0.5,0.0017941296079228763,0.0035754296474626367,0.585360220147908,0.39503719101117263,0.5,75,75,620972,213297,34.34889173746964
15,6,0.015,0.008,xgboost,100,5,0.5,0.8062827587127686,True,0.655034375426183,0.5167785234899329,0.001790447844486816,0.0035685320356853203,0.5707314686298973,0.39206378267950404,0.5167785234899329,77,72,623262,211891,33.9970991332698
10,6,0.01,0.003,random_forest,200,15,0.55,0.5878734388350488,True,0.7097057812662356,0.5555555555555556,0.0017890564791368491,0.0035666273423139183,0.5667412440688592,0.33465895289079933,0.5555555555555556,65,52,625552,182597,29.18973962196588
30,12,0.01,0.005,xgboost,200,5,0.55,0.8323835134506226,True,0.6464442443562975,0.5531914893617021,0.0017889497947294786,0.0035663664212884643,0.5656599973271814,0.4016952975535676,0.5531914893617021,78,63,616392,220790,35.81973808874872
15,3,0.015,0.008,xgboost,200,5,0.5,0.8104511499404907,True,0.6993895052666201,0.5075757575757576,0.0017879062816886374,0.0035632611817263205,0.6003614462729603,0.36529667509227615,0.5075757575757576,67,65,623262,180854,29.017331395143614
15,3,0.005,0.003,xgboost,100,10,0.5,0.8443428874015808,True,0.6634818255477205,0.5067567567567568,0.0017878426698450535,0.00356311463727493,0.5761119644389447,0.38898194885020976,0.5067567567567568,75,73,623262,214089,34.349759812085445
30,3,0.015,0.008,random_forest,100,10,0.55,0.6219008371071234,True,0.6990322763812166,0.5546218487394958,0.0017782088587132234,0.0035450516986706058,0.5974222038729025,0.3616614959514881,0.5546218487394958,66,53,616392,178995,29.03915041077756
30,6,0.015,0.003,xgboost,100,15,0.55,0.8151341080665588,True,0.7532426447326795,0.5625,0.001774447949526814,0.003537735849056604,0.5640865791614682,0.2911704163086709,0.5625,54,42,616392,149207,24.206511440771457
20,3,0.015,0.008,xgboost,200,5,0.55,0.8137299418449402,True,0.6994645517130319,0.584070796460177,0.0017673521850899742,0.0035240409002322663,0.6035720511217505,0.3679468824174188,0.584070796460177,66,47,620972,180125,29.00694395238433
15,6,0.01,0.005,xgboost,200,5,0.5,0.8239332437515259,True,0.6545610615067428,0.5100671140939598,0.0017648561410027169,0.0035175414236786077,0.5666840860460637,0.3918339734912756,0.5100671140939598,76,73,623262,216486,34.73434927847358
10,6,0.01,0.005,random_forest,200,5,0.5,0.532411856172391,True,0.65439489733117,0.5066666666666667,0.0017575911750422053,0.0035030305823788343,0.5530641340305835,0.38105253610601897,0.5066666666666667,76,74,625552,217445,34.76049952681791
30,12,0.01,0.003,random_forest,200,15,0.55,0.5837076389782702,True,0.7043778745771786,0.5663716814159292,0.0017553964727502127,0.003499945313354479,0.5656050730467757,0.3418081721883247,0.5663716814159292,64,49,616392,184268,29.894612519305895
20,3,0.015,0.003,xgboost,200,5,0.5,0.7800237536430359,True,0.7748943194170458,0.5157894736842106,0.0017525035765379113,0.0034931384779896633,0.6113167548248791,0.2946100013338663,0.5157894736842106,49,46,620972,134836,21.71370045670336
30,3,0.015,0.008,random_forest,100,15,0.55,0.6415430628532662,True,0.6990566114261147,0.5701754385964912,0.0017512663002478715,0.0034918076819769003,0.599840585469078,0.365581083512416,0.5701754385964912,65,49,616392,178995,29.03915041077756
20,12,0.015,0.008,xgboost,100,15,0.55,0.8741959929466248,True,0.6363380168283748,0.5524475524475524,0.0017485613103142984,0.0034860887408159212,0.5510648477405948,0.4002852848265693,0.5524475524475524,79,64,620972,226182,36.423864522071845
20,6,0.01,0.003,xgboost,200,10,0.5,0.8348376154899597,True,0.7098031321711824,0.504,0.001747960712502081,0.003483838858628031,0.5681747819494283,0.3404100441487364,0.504,63,62,620972,181090,29.16234548417642
10,3,0.015,0.005,random_forest,100,15,0.5,0.6352565269067092,True,0.7390237469127415,0.5,0.0017457351995344705,0.0034793224477338625,0.5924578384289548,0.31989950821775276,0.5,57,57,625552,157657,25.20286083331202
15,6,0.01,0.003,xgboost,200,10,0.5,0.8324263095855713,True,0.709762300145203,0.5,0.0017413416622902788,0.0034705963365927557,0.5661434435760713,0.33926040251105716,0.5,63,63,623262,181774,29.16494187035308
10,12,0.015,0.005,random_forest,200,15,0.55,0.58560290947404,True,0.6966533718058364,0.559322033898305,0.0017383975135647684,0.003466022476630606,0.558503745875376,0.3443373744816257,0.559322033898305,66,52,625552,189528,30.297721052766196
10,12,0.015,0.005,random_forest,100,15,0.55,0.5884078105095444,True,0.6966373860012309,0.55,0.0017383975135647684,0.003465840466313081,0.5572739462340489,0.34371415149538914,0.55,66,54,625552,189528,30.297721052766196
20,3,0.01,0.003,random_forest,200,10,0.5,0.5860819836497176,True,0.7221385724062965,0.5,0.0017386768669042858,0.0034653036472320885,0.5777780076558403,0.32663332376806276,0.5,60,60,620972,170695,27.488356962954853
10,12,0.015,0.008,xgboost,100,5,0.5,0.8148848414421082,True,0.6361471013739799,0.5,0.0017354246298493037,0.003458844133099825,0.5549401182256457,0.4012926969110998,0.5,79,79,625552,228088,36.46187687034811
20,6,0.015,0.003,xgboost,100,15,0.55,0.8136918544769287,True,0.753500543500141,0.5578947368421052,0.0017306122448979592,0.0034505208333333332,0.563259775656335,0.2896075317202876,0.5578947368421052,53,42,620972,150151,24.17999523327944
15,6,0.005,0.003,xgboost,200,10,0.55,0.868564784526825,True,0.6570238983417969,0.5522388059701493,0.001730306077115533,0.0034498030348942914,0.5758322102805576,0.3987976634900563,0.5522388059701493,74,60,623262,219616,35.236545786523166
20,3,0.01,0.005,random_forest,100,15,0.55,0.6048368890725461,True,0.6740851080961391,0.5555555555555556,0.0017287792348917043,0.0034468326070364627,0.5701338707266044,0.37445756997333485,0.5555555555555556,70,56,620972,200227,32.244126949363256
10,12,0.015,0.003,xgboost,100,5,0.5,0.7572944164276123,False,0.7457857422608724,0.44,0.0017301038062283738,0.003446655177816074,0.5762731011222906,0.3016975201049154,0.44,55,70,625552,158145,25.28087193390797
10,12,0.015,0.003,xgboost,100,5,0.55,0.7572944164276123,False,0.7457857422608724,0.44,0.0017301038062283738,0.003446655177816074,0.5762731011222906,0.3016975201049154,0.44,55,70,625552,158145,25.28087193390797
10,3,0.01,0.003,xgboost,100,10,0.55,0.8104981184005737,False,0.7220228437147813,0.5128205128205128,0.0017250797849400535,0.003438592469482492,0.5724773247320863,0.3291533445631292,0.5128205128205128,60,57,625552,172139,27.51793615878456
10,3,0.015,0.005,random_forest,100,10,0.5,0.6184680565265528,False,0.7389598036943195,0.4666666666666667,0.0017151082662093045,0.00341765585426139,0.5915632003993917,0.3172617719358263,0.4666666666666667,56,64,625552,157657,25.20286083331202
10,3,0.015,0.005,random_forest,100,10,0.55,0.6184680565265528,False,0.7389598036943195,0.4666666666666667,0.0017151082662093045,0.00341765585426139,0.5915632003993917,0.3172617719358263,0.4666666666666667,56,64,625552,157657,25.20286083331202
30,6,0.015,0.008,random_forest,100,5,0.5,0.5509335366416095,True,0.654637042805344,0.5328467153284672,0.0017142186215803688,0.0034174430036047003,0.553991965187498,0.3796541947282744,0.5328467153284672,73,64,616392,209698,34.02023387714312
15,12,0.015,0.003,xgboost,200,15,0.5,0.8119764924049377,True,0.746087137894796,0.5,0.001706107231998989,0.003400610850467584,0.5476619558140896,0.2868325208695841,0.5,54,54,623262,157384,25.251659815615263
20,12,0.015,0.005,random_forest,200,10,0.5,0.5686813410072749,True,0.6966866621039495,0.5,0.0016989646933899655,0.0033864225620403197,0.5594478963016699,0.3421373704988749,0.5,64,64,620972,187935,30.264649613831217
15,6,0.015,0.008,xgboost,200,10,0.5,0.8574168682098389,True,0.654994264077078,0.5,0.001697437566851137,0.0033833889506859473,0.5644119408963231,0.3892561129143278,0.5,73,73,623262,211891,33.9970991332698
10,12,0.01,0.005,xgboost,100,15,0.5,0.8653702735900879,True,0.6464979098560478,0.5102040816326531,0.0016956816640289396,0.0033801293462829844,0.549173334800185,0.38932244580577086,0.5102040816326531,75,72,625552,224005,35.80917333810778
30,3,0.01,0.003,random_forest,200,15,0.55,0.6058314981433232,True,0.721964000356914,0.5631067961165048,0.001691504564145936,0.0033728774133519423,0.5767412977213762,0.3294796123475025,0.5631067961165048,58,45,616392,169603,27.51544471699827
30,6,0.015,0.008,xgboost,200,10,0.55,0.8644025325775146,True,0.6546776012135076,0.5538461538461539,0.0016907361747094047,0.0033711810839283625,0.5666390966025011,0.3950687039424476,0.5538461538461539,72,58,616392,209698,34.02023387714312
10,6,0.01,0.005,random_forest,200,15,0.55,0.5801731398221727,True,0.6544988050611057,0.5572519083969466,0.0016882125760273815,0.0033662270589320297,0.5622252615176447,0.3885610119736888,0.5572519083969466,73,58,625552,217445,34.76049952681791
20,12,0.01,0.005,xgboost,100,5,0.5,0.8168580532073975,True,0.6466443898707678,0.5034013605442177,0.0016861869388871166,0.0033611155269911205,0.5642306297696917,0.3984901853408697,0.5034013605442177,74,73,620972,222184,35.78003517066792
20,6,0.015,0.005,random_forest,100,15,0.55,0.6041231376492618,True,0.7085067836869439,0.5648148148148148,0.0016843384139606803,0.003358660940425063,0.5689192244108758,0.33836550419757083,0.5648148148148148,61,47,620972,177989,28.66296709030359
10,6,0.015,0.003,xgboost,200,15,0.5,0.813805103302002,True,0.7532750917185539,0.5,0.0016845924582091487,0.0033578716259847602,0.5546380245157133,0.2845085956849686,0.5,52,52,625552,151449,24.21045732409136
10,3,0.015,0.005,xgboost,100,5,0.5,0.7735096216201782,True,0.739039732717347,0.5092592592592593,0.0016844813328841383,0.003357855856405873,0.5967804685136411,0.3208602154540901,0.5092592592592593,55,53,625552,157657,25.20286083331202
15,12,0.015,0.005,xgboost,200,15,0.5,0.8460061550140381,True,0.6967341339558615,0.5,0.0016665344020315848,0.0033219963616230325,0.54999366744035,0.339288848732263,0.5,63,63,623262,188637,30.266083926181924
30,12,0.015,0.003,xgboost,200,10,0.55,0.8260946869850159,True,0.7458204560387414,0.5531914893617021,0.0016589567714148988,0.0033079932567829764,0.5692484303630987,0.3051294389167772,0.5531914893617021,52,42,616392,155837,25.282125660294096
15,12,0.01,0.005,random_forest,100,10,0.55,0.5562728189610094,False,0.6466350589235719,0.503448275862069,0.0016572453404163545,0.003303615875458207,0.5568855456858393,0.39218781482836373,0.503448275862069,73,72,623262,223023,35.78318588330429
15,12,0.01,0.005,random_forest,100,10,0.5,0.5562728189610094,True,0.6466350589235719,0.503448275862069,0.0016572453404163545,0.003303615875458207,0.5568855456858393,0.39218781482836373,0.503448275862069,73,72,623262,223023,35.78318588330429
30,3,0.015,0.003,random_forest,200,15,0.5,0.6309619088911904,True,0.7745276973369349,0.5,0.001654914376169233,0.0032989099254159496,0.6037715929590095,0.2904022492102577,0.5,46,46,616392,134008,21.740710456981923
10,6,0.01,0.003,xgboost,200,10,0.55,0.8358045816421509,True,0.70968979546163,0.5504587155963303,0.001651436749972476,0.003292994154935375,0.5645064208260402,0.33465447607661764,0.5504587155963303,60,49,625552,182597,29.18973962196588
30,3,0.015,0.005,xgboost,100,15,0.5,0.8298783898353577,True,0.7388525215162355,0.5,0.0016462694912095421,0.003281733746130031,0.5835016289048189,0.3176897895646364,0.5,53,53,616392,155288,25.19305896247842
30,12,0.01,0.003,xgboost,200,5,0.55,0.8092836737632751,True,0.7043454278506477,0.5504587155963303,0.0016456841932033243,0.003281557646029315,0.5751389516698516,0.34775809269822205,0.5504587155963303,60,49,616392,184268,29.894612519305895
15,3,0.005,0.003,xgboost,200,10,0.5,0.8591408133506775,True,0.6634657810080784,0.5,0.0016448152562574493,0.003278844326173731,0.5745624118712367,0.38837163801422314,0.5,69,69,623262,214089,34.349759812085445
15,12,0.015,0.003,xgboost,100,15,0.5,0.8117846250534058,True,0.746095160164617,0.5048543689320388,0.0016429180752582857,0.003275177930339485,0.5496949066866076,0.2876507767188885,0.5048543689320388,52,51,623262,157384,25.251659815615263
10,12,0.005,0.003,random_forest,200,10,0.55,0.6227885561057181,True,0.6537794438538578,0.5503875968992248,0.0016386254010016387,0.003267522665562152,0.5759015693662041,0.40222949431558813,0.5503875968992248,71,58,625552,223222,35.68400388776632
10,3,0.01,0.003,random_forest,100,10,0.5,0.5893951886313329,True,0.721998865007873,0.5,0.0016388257956930507,0.0032669436882074797,0.5730906001762264,0.3242975994571346,0.5,57,57,625552,172139,27.51793615878456
10,3,0.005,0.003,random_forest,100,15,0.5,0.5865933310541319,True,0.6633949053240722,0.5,0.0016384489350081922,0.00326619488296135,0.5746232294741502,0.38762241136047093,0.5,69,69,625552,214996,34.36900529452387
20,12,0.015,0.008,random_forest,200,15,0.55,0.5924159337062034,True,0.6363380168283748,0.556390977443609,0.001637892872952634,0.0032661708560457266,0.5595307184852945,0.4074550351492968,0.556390977443609,74,59,620972,226182,36.423864522071845
10,6,0.01,0.008,random_forest,100,10,0.55,0.5638872829247239,True,0.5899721047709634,0.5526315789473685,0.001636948260742473,0.003264227563292984,0.5635034594817792,0.4528952086015678,0.5526315789473685,84,68,625552,258184,41.272987697265776
20,3,0.015,0.008,random_forest,100,15,0.5,0.6325366282012534,True,0.6993276701960627,0.5083333333333333,0.0016334618680377035,0.0032564595344864405,0.5973033140620814,0.36255817807508556,0.5083333333333333,61,59,620972,180125,29.00694395238433
10,3,0.015,0.003,xgboost,200,15,0.55,0.8180403709411621,True,0.7748239563267818,0.575,0.001632131705932444,0.0032550240588734786,0.5768404984843626,0.27428466427569953,0.575,46,34,625552,136036,21.74655344399826
15,3,0.015,0.005,xgboost,100,10,0.5,0.8118953704833984,True,0.7392521640072842,0.5047619047619047,0.0016305685454097957,0.003250636327394278,0.5928749125133449,0.32023440249453106,0.5047619047619047,53,52,623262,156869,25.169030038731705
30,12,0.015,0.005,random_forest,200,5,0.5,0.5351876500318551,True,0.6963959798505828,0.5083333333333333,0.0016297087897408497,0.0032490013315579227,0.5512658892622813,0.33495125934567105,0.5083333333333333,61,59,616392,186753,30.297765058599076
10,12,0.01,0.005,xgboost,200,5,0.5,0.8280937671661377,True,0.6464739311491395,0.5,0.001627854397467782,0.0032451435525307614,0.561893888689849,0.39615953574543694,0.5,72,72,625552,224005,35.80917333810778
10,3,0.015,0.008,xgboost,100,5,0.55,0.7932644486427307,True,0.6992270863473236,0.5545454545454546,0.00162053025875352,0.0032316168679805044,0.5975122420184857,0.3625984141423382,0.5545454545454546,61,49,625552,181741,29.052900478297566
30,6,0.01,0.005,random_forest,200,5,0.55,0.5331351341668394,True,0.654377468993097,0.552,0.0016189202505806997,0.0032283722453562906,0.5504579190525494,0.37939974589214565,0.552,69,56,616392,214290,34.765214344118675
10,3,0.01,0.005,random_forest,100,10,0.55,0.5821132708279138,True,0.6739215576568007,0.55,0.0016173299353068025,0.003225175918686474,0.5650368345106697,0.36897711599694455,0.55,66,54,625552,201919,32.27853160089009
30,3,0.01,0.005,xgboost,100,15,0.55,0.8622198104858398,True,0.673796834821827,0.5603448275862069,0.001615789997017003,0.00322228832044418,0.5663234025543151,0.375126433199228,0.5603448275862069,65,51,616392,198938,32.27459149372478
15,6,0.005,0.003,random_forest,200,5,0.55,0.5539568614264327,False,0.656759163437703,0.4394904458598726,0.0016133935043374564,0.003214984623986581,0.5680859693570065,0.3897578750069106,0.4394904458598726,69,88,623262,219616,35.236545786523166
15,6,0.005,0.003,random_forest,200,5,0.5,0.5539568614264327,False,0.656759163437703,0.4394904458598726,0.0016133935043374564,0.003214984623986581,0.5680859693570065,0.3897578750069106,0.4394904458598726,69,88,623262,219616,35.236545786523166
30,6,0.015,0.008,random_forest,100,5,0.55,0.5510699066764032,True,0.654693824576773,0.5666666666666667,0.0015968063872255488,0.0031846388010771574,0.553991965187498,0.3796541947282744,0.5666666666666667,68,52,616392,209698,34.02023387714312
30,12,0.01,0.003,xgboost,100,10,0.55,0.8302811980247498,True,0.7043454278506477,0.5523809523809524,0.0015908280534298802,0.0031725194180067828,0.5658790539387053,0.34463605170218164,0.5523809523809524,58,47,616392,184268,29.894612519305895
20,6,0.015,0.008,random_forest,100,15,0.55,0.6124382340962687,True,0.655018317967712,0.5528455284552846,0.0015866349339679873,0.003164188827621507,0.5679987903043042,0.3933131305689847,0.5528455284552846,68,55,620972,211055,33.98784486257029
10,12,0.015,0.008,xgboost,200,15,0.55,0.891520619392395,True,0.6362590020062184,0.5538461538461539,0.0015816528272044287,0.0031542977306580214,0.5487062396854976,0.39946292243857123,0.5538461538461539,72,58,625552,228088,36.46187687034811
30,3,0.01,0.008,random_forest,200,5,0.5,0.5513079961929782,True,0.6201380608213889,0.5068493150684932,0.0015801499007067968,0.003150477893437214,0.5645091958577415,0.4205601134803496,0.5068493150684932,74,72,616392,231335,37.530500071383145
20,12,0.015,0.005,random_forest,100,10,0.5,0.5716664826209259,True,0.6967269213736463,0.5221238938053098,0.0015662330767188745,0.0031230976894370483,0.5592625819486382,0.34168012737817083,0.5221238938053098,59,54,620972,187935,30.264649613831217
30,12,0.01,0.003,xgboost,100,15,0.5,0.8443970680236816,True,0.7042561993526878,0.5,0.001563399983543158,0.0031170535641046673,0.5540654916976888,0.33751058316887383,0.5,57,57,616392,184268,29.894612519305895
10,3,0.015,0.005,xgboost,200,5,0.5,0.789937436580658,True,0.7390237469127415,0.5,0.0015619735995834737,0.003114218544866119,0.5979503986513073,0.32355453426528474,0.5,51,51,625552,157657,25.20286083331202
10,3,0.015,0.003,random_forest,100,15,0.5,0.6386953310477671,True,0.7747280414991488,0.5,0.0015611694578484246,0.00311262026032824,0.598019209501861,0.2847712268340894,0.5,44,44,625552,136036,21.74655344399826
20,3,0.01,0.005,xgboost,200,10,0.55,0.8523881435394287,True,0.6740770562421997,0.5575221238938053,0.001555901311402534,0.0031031425475322627,0.5707235570557208,0.37711749845960635,0.5575221238938053,63,50,620972,200227,32.244126949363256
20,6,0.005,0.003,xgboost,100,15,0.55,0.8789728879928589,True,0.6569588147671002,0.55,0.0015487140979913647,0.0030887308124298014,0.5664323022084845,0.39262920892262987,0.55,66,54,620972,218805,35.23588825261042
30,3,0.015,0.003,xgboost,100,15,0.55,0.812467634677887,True,0.7745925907899966,0.5512820512820513,0.0015469851777234135,0.0030853124775776708,0.585238378629013,0.28033175585857695,0.5512820512820513,43,35,616392,134008,21.740710456981923
15,12,0.01,0.005,xgboost,100,5,0.5,0.8160735964775085,False,0.6465949475744667,0.4857142857142857,0.0015437353855933165,0.003077689017628822,0.5620119888018968,0.3956203805206167,0.4857142857142857,68,72,623262,223023,35.78318588330429
15,12,0.01,0.005,xgboost,100,5,0.55,0.8160735964775085,False,0.6465949475744667,0.4857142857142857,0.0015437353855933165,0.003077689017628822,0.5620119888018968,0.3956203805206167,0.4857142857142857,68,72,623262,223023,35.78318588330429
10,12,0.015,0.008,random_forest,200,15,0.55,0.5877911237924004,True,0.6362510091039157,0.5511811023622047,0.00153771802644875,0.0030668798878398214,0.557151596258558,0.404728718277353,0.5511811023622047,70,57,625552,228088,36.46187687034811
30,3,0.01,0.008,random_forest,100,10,0.55,0.5944408517050995,True,0.6202435126826142,0.5581395348837209,0.00153744314663364,0.0030664395229982964,0.5714858464628373,0.428248946638087,0.5581395348837209,72,57,616392,231335,37.530500071383145
20,12,0.005,0.003,xgboost,100,5,0.5,0.8497766852378845,True,0.6537058657755949,0.5,0.0015345982142857143,0.00305980528511822,0.5860458082823158,0.4086456661129172,0.5,66,66,620972,221474,35.66569829235456
20,12,0.01,0.005,random_forest,100,15,0.55,0.5843294719534045,True,0.6467571158259189,0.5630252100840336,0.0015266827689923894,0.0030451085103965457,0.5601733110581701,0.3969303581895275,0.5630252100840336,67,52,620972,222184,35.78003517066792
30,12,0.015,0.005,xgboost,100,10,0.55,0.8297633528709412,True,0.6964689849852773,0.5533980582524272,0.0015228426395939086,0.0030373271521061465,0.5590494826132085,0.34763775047175804,0.5533980582524272,57,46,616392,186753,30.297765058599076
30,3,0.015,0.005,random_forest,200,10,0.55,0.6159949600534155,True,0.73892552665093,0.550561797752809,0.001522022737155992,0.003035653439890964,0.5958370230562302,0.32047354940366685,0.550561797752809,49,40,616392,155288,25.19305896247842
15,6,0.005,0.003,xgboost,100,15,0.5,0.8758326768875122,True,0.6569115865643025,0.5,0.0015198634461149952,0.0030305149544257175,0.5631567133595337,0.39049744081291066,0.5,65,65,623262,219616,35.236545786523166
10,12,0.015,0.008,random_forest,100,5,0.55,0.5322018188748285,False,0.6361311155693744,0.4928571428571429,0.0015157506260709108,0.0030222066488546275,0.5458357469555286,0.39384885986310203,0.4928571428571429,69,71,625552,228088,36.46187687034811
10,12,0.015,0.008,random_forest,100,5,0.5,0.5322018188748284,False,0.6361311155693744,0.4928571428571429,0.0015157506260709108,0.0030222066488546275,0.5458357469555286,0.39384885986310203,0.4928571428571429,69,71,625552,228088,36.46187687034811
20,3,0.015,0.005,random_forest,100,15,0.5,0.6296196830462536,True,0.7391923990498812,0.5,0.0015127658917600568,0.0030164055526485886,0.5956259089306779,0.3216200318421959,0.5,49,49,620972,156263,25.16425861391496
10,6,0.015,0.005,random_forest,100,15,0.5,0.6062849625450871,True,0.7082270943402259,0.5,0.0015066841989918912,0.0030043152892336267,0.5667406697785222,0.33653015794883495,0.5,55,55,625552,179524,28.698493490549147
15,12,0.01,0.003,random_forest,200,15,0.55,0.5819941130528108,True,0.7045959583804642,0.5555555555555556,0.0014931856436987566,0.0029783662307421546,0.5644871898024064,0.3392704381786102,0.5555555555555556,55,44,623262,186123,29.862722258055204
15,6,0.01,0.003,xgboost,100,10,0.5,0.8200514316558838,True,0.7097863669546661,0.5142857142857142,0.001492578567677382,0.002976518575680741,0.5686277606113638,0.3378187465733927,0.5142857142857142,54,51,623262,181774,29.16494187035308
30,3,0.015,0.005,xgboost,100,10,0.55,0.8181827664375305,True,0.73892552665093,0.5517241379310345,0.0014909610486426041,0.002973885567361606,0.5951493361649798,0.32272394471867205,0.5517241379310345,48,39,616392,155288,25.19305896247842
20,6,0.015,0.005,random_forest,100,10,0.5,0.5857314702367806,True,0.7084262651475502,0.5192307692307693,0.0014910536779324055,0.002973568281938326,0.5687844734209258,0.3366894635287593,0.5192307692307693,54,50,620972,177989,28.66296709030359
15,6,0.01,0.005,xgboost,200,15,0.55,0.8786351084709167,True,0.6546332619351319,0.5517241379310345,0.0014861946450549196,0.0029644039926816274,0.5552688844216438,0.3856938782361639,0.5517241379310345,64,52,623262,216486,34.73434927847358
30,6,0.015,0.003,xgboost,200,10,0.5,0.8215693235397339,True,0.7531453045530869,0.5,0.0014787066246056781,0.0029486927462158445,0.5777439219907898,0.3019827210053087,0.5,45,45,616392,149207,24.206511440771457
15,3,0.005,0.003,xgboost,100,10,0.55,0.8471553921699524,True,0.6635620482459307,0.5535714285714286,0.0014779499404052442,0.002948029099900147,0.5761119644389447,0.38898194885020976,0.5535714285714286,62,50,623262,214089,34.349759812085445
10,12,0.015,0.005,xgboost,200,5,0.5,0.7985149621963501,True,0.6965414711735979,0.5,0.0014750039509034399,0.002941330952255896,0.562234408380353,0.3458978390934059,0.5,56,56,625552,189528,30.297721052766196
30,6,0.015,0.005,random_forest,100,10,0.55,0.5883821230111169,True,0.7082146999894549,0.5578947368421052,0.0014729587015730088,0.002938160046567065,0.5681766180255742,0.3364128437057909,0.5578947368421052,53,42,616392,176858,28.69245545042765
10,3,0.005,0.003,xgboost,200,15,0.55,0.8810963034629822,True,0.6634908201517052,0.5535714285714286,0.0014722294778334482,0.002936648904677324,0.5641320885630117,0.38298527781213104,0.5535714285714286,62,50,625552,214996,34.36900529452387
20,6,0.01,0.005,xgboost,200,10,0.55,0.8622815012931824,True,0.6546801401022585,0.5675675675675675,0.0014684630087175422,0.0029293469416223003,0.5617833417717133,0.39247168488108997,0.5675675675675675,63,48,620972,215661,34.729585230896085
10,12,0.01,0.003,xgboost,100,15,0.5,0.8427735567092896,True,0.7043425438210869,0.5,0.00145985401459854,0.002911208151382824,0.5489713959288185,0.33033699881568795,0.5,54,54,625552,186961,29.88736348057396
20,6,0.005,0.003,xgboost,100,5,0.55,0.8337563872337341,False,0.6569266073513427,0.5344827586206896,0.0014548526375070395,0.0029018066086305347,0.5849529067705439,0.40171926877228586,0.5344827586206896,62,54,620972,218805,35.23588825261042
30,6,0.015,0.003,xgboost,100,10,0.55,0.8094483613967896,True,0.7532426447326795,0.5789473684210527,0.0014458464773922186,0.002884489314278222,0.5814570326240391,0.301961965583088,0.5789473684210527,44,32,616392,149207,24.206511440771457
15,3,0.015,0.005,xgboost,200,15,0.55,0.838496208190918,True,0.7393163421658524,0.5529411764705883,0.0014459758798917057,0.002884408849611832,0.5779658843785213,0.31295323631868055,0.5529411764705883,47,38,623262,156869,25.169030038731705
30,6,0.015,0.005,xgboost,100,5,0.55,0.7840573787689209,True,0.7082065883078221,0.5531914893617021,0.0014451670279584236,0.0028828029715046014,0.572022742173851,0.34092480727439545,0.5531914893617021,52,42,616392,176858,28.69245545042765
20,12,0.01,0.003,random_forest,100,10,0.5,0.5694869767011439,False,0.7044486493015016,0.45689655172413796,0.0014442991061696098,0.0028794958165815495,0.5635659670549463,0.33613663556030293,0.45689655172413796,53,63,620972,185430,29.861249782598893
20,12,0.01,0.003,random_forest,100,10,0.55,0.569486976701144,False,0.7044486493015016,0.45689655172413796,0.0014442991061696098,0.0028794958165815495,0.5635659670549463,0.33613663556030293,0.45689655172413796,53,63,620972,185430,29.861249782598893
10,3,0.015,0.005,random_forest,200,15,0.55,0.6334344856338737,True,0.7390956830334663,0.5529411764705883,0.0014394658662828092,0.0028714565004887586,0.5932776428627026,0.32064699678619935,0.5529411764705883,47,38,625552,157657,25.20286083331202
20,12,0.015,0.008,random_forest,100,5,0.5,0.5342165368520615,True,0.6362172390192842,0.5,0.001438689685701638,0.0028691238137276537,0.5465155507117193,0.3946001789698849,0.5,65,65,620972,226182,36.423864522071845
15,6,0.01,0.003,xgboost,100,10,0.55,0.8210124969482422,True,0.7098425228434133,0.5531914893617021,0.001437297879985627,0.002867146362308053,0.5686277606113638,0.3378187465733927,0.5531914893617021,52,42,623262,181774,29.16494187035308
30,12,0.015,0.003,xgboost,100,15,0.55,0.8154783248901367,True,0.7458123443571086,0.5555555555555556,0.0014356356675705854,0.0028638706803283905,0.5550969017031134,0.29474084216375257,0.5555555555555556,45,36,616392,155837,25.282125660294096
10,6,0.015,0.008,random_forest,200,5,0.55,0.5534174250663191,True,0.6548984501762435,0.5535714285714286,0.0014355839585069928,0.0028637413394919167,0.5549631671888788,0.3804546380545297,0.5535714285714286,62,50,625552,212869,34.02898559991815
10,12,0.01,0.003,xgboost,100,10,0.5,0.8223304152488708,True,0.7043425438210869,0.5,0.0014328196809948635,0.0028574509381065344,0.5632457837663363,0.3389917086221877,0.5,53,53,625552,186961,29.88736348057396
15,3,0.01,0.005,random_forest,100,10,0.55,0.5801643777132978,True,0.674031110362366,0.5523809523809524,0.001427024899124102,0.0028466956244325016,0.5665736703413389,0.36952138049995364,0.5523809523809524,58,47,623262,201004,32.25032169456826
30,12,0.015,0.008,xgboost,200,10,0.55,0.8761098384857178,True,0.6359233932786607,0.5565217391304348,0.0014255167498218105,0.002843749305725267,0.5593739666058384,0.40930140062703735,0.5565217391304348,64,51,616392,224736,36.45991511895028
15,3,0.015,0.008,random_forest,100,10,0.5,0.6172591417882578,True,0.699373460726978,0.5,0.0014143139243208624,0.00282064928153273,0.5943008833088566,0.3589705798725609,0.5,53,53,623262,180854,29.017331395143614
10,3,0.015,0.005,random_forest,200,10,0.5,0.6184582316362967,True,0.7390317398150442,0.5054945054945055,0.001408838932957643,0.002809846680105064,0.5917000338260997,0.3177198885566268,0.5054945054945055,46,45,625552,157657,25.20286083331202
10,6,0.01,0.003,xgboost,100,10,0.55,0.8212202787399292,True,0.70968979546163,0.5604395604395604,0.0014037212374766047,0.002800428300798946,0.5666135768477106,0.33631373580186447,0.5604395604395604,51,40,625552,182597,29.18973962196588
30,12,0.015,0.003,random_forest,100,15,0.5,0.602787911866821,True,0.7457717859489451,0.5238095238095238,0.0014037326527356836,0.0027999618187024723,0.5721491469379039,0.3016819457438918,0.5238095238095238,44,40,616392,155837,25.282125660294096
15,6,0.015,0.005,xgboost,200,15,0.55,0.8491961359977722,True,0.7085108260531234,0.5604395604395604,0.001403180542563143,0.00279935230672119,0.557399298779151,0.33287690442717044,0.5604395604395604,51,40,623262,178667,28.666435624183727
10,3,0.005,0.003,xgboost,100,10,0.55,0.8461430668830872,True,0.6634828272494026,0.5514018691588785,0.0014009925676157005,0.002794883941260066,0.5781410419320473,0.39157897160960425,0.5514018691588785,59,48,625552,214996,34.36900529452387
30,3,0.015,0.005,random_forest,100,10,0.5,0.6162407428088398,True,0.7388525215162355,0.5,0.0013977759831024414,0.00278775864205179,0.5950271790030256,0.3192929644028746,0.5,45,45,616392,155288,25.19305896247842
20,6,0.01,0.003,xgboost,200,15,0.55,0.8543390035629272,True,0.7098997544184549,0.5747126436781609,0.0013872704067476832,0.00276785961416037,0.5552346974137746,0.33189880067218436,0.5747126436781609,50,37,620972,181090,29.16234548417642
10,3,0.015,0.003,random_forest,200,15,0.5,0.6334088878306599,True,0.7747360344014516,0.5064935064935064,0.0013837638376383763,0.002759987261597254,0.5998033667711236,0.2864538840938677,0.5064935064935064,39,38,625552,136036,21.74655344399826
15,3,0.005,0.003,xgboost,200,15,0.55,0.8833871483802795,True,0.6635620482459307,0.5576923076923077,0.0013825983313468415,0.00275835830123175,0.565793487493633,0.3846067270931576,0.5576923076923077,58,46,623262,214089,34.349759812085445
30,12,0.01,0.008,random_forest,100,10,0.55,0.5693588582154486,True,0.5775841789761436,0.5538461538461539,0.001382249611242297,0.0027576169593443,0.5617409928538923,0.46799093220698795,0.5538461538461539,72,58,616392,264422,42.898350400394555
15,6,0.01,0.003,random_forest,200,5,0.5,0.5408230172180594,True,0.7097703224150241,0.5050505050505051,0.0013820171922938722,0.0027564915375709797,0.5615162382321417,0.32788554367966183,0.5050505050505051,50,49,623262,181774,29.16494187035308
20,3,0.01,0.008,random_forest,200,5,0.55,0.5494669725135896,True,0.620548331253271,0.5555555555555556,0.0013789006979358918,0.0027509734213644827,0.5652519390636894,0.4208194172607986,0.5555555555555556,65,52,620972,232849,37.49750391321992
30,12,0.015,0.003,random_forest,100,10,0.55,0.586403005878312,False,0.7457231158591487,0.48863636363636365,0.0013718296379007816,0.0027359781121751026,0.574437902480638,0.3000967723936853,0.48863636363636365,43,45,616392,155837,25.282125660294096
30,12,0.015,0.003,random_forest,100,10,0.5,0.5864030058783121,False,0.7457231158591487,0.48863636363636365,0.0013718296379007816,0.0027359781121751026,0.574437902480638,0.3000967723936853,0.48863636363636365,43,45,616392,155837,25.282125660294096
30,6,0.01,0.003,random_forest,100,15,0.5,0.5961030447034804,True,0.7095531274588535,0.5,0.0013684857286488299,0.002729500891265597,0.5667123856334882,0.335344692606515,0.5,49,49,616392,179939,29.19229970538229
30,3,0.015,0.003,random_forest,200,15,0.55,0.6335256648140336,True,0.7745844791083639,0.5507246376811594,0.0013671031803137142,0.0027274358514265207,0.6037715929590095,0.2904022492102577,0.5507246376811594,38,31,616392,134008,21.740710456981923
30,3,0.015,0.003,random_forest,100,15,0.5,0.637185948100317,True,0.7745276973369349,0.5,0.0013671031803137142,0.0027267508610792192,0.601299929576037,0.2878473855716987,0.5,38,38,616392,134008,21.740710456981923
30,6,0.015,0.005,random_forest,200,10,0.55,0.5884819736518608,True,0.7082146999894549,0.5632183908045977,0.0013617920071146684,0.0027170146108846933,0.5682429328930834,0.336275412519103,0.5632183908045977,49,38,616392,176858,28.69245545042765
20,3,0.01,0.005,xgboost,200,5,0.55,0.8206307888031006,True,0.6740529006803817,0.55,0.0013583265417006249,0.0027099603360350817,0.5766714074556099,0.379676048931408,0.55,55,45,620972,200227,32.244126949363256
20,6,0.01,0.005,xgboost,100,10,0.5,0.8446775674819946,True,0.6545674141471074,0.5043478260869565,0.0013519183254859914,0.0026966083176418625,0.5627227471422714,0.3920897085351524,0.5043478260869565,58,57,620972,215661,34.729585230896085
15,12,0.015,0.008,xgboost,100,10,0.5,0.8497486114501953,True,0.636326442203557,0.5,0.0013455981293980103,0.002683973160268397,0.5551412465333714,0.40378067798246514,0.5,61,61,623262,227060,36.43090706637016
30,6,0.01,0.005,xgboost,200,15,0.55,0.8911356925964355,True,0.6543612456298316,0.5533980582524272,0.0013373689026536214,0.0026682894860031833,0.5602413164264689,0.3943095018582134,0.5533980582524272,57,46,616392,214290,34.765214344118675
20,3,0.015,0.005,random_forest,100,15,0.55,0.6318195103137689,True,0.7392729175892749,0.5657894736842105,0.0013275292519527029,0.002648843441032433,0.5956259089306779,0.3216200318421959,0.5657894736842105,43,33,620972,156263,25.16425861391496
20,3,0.015,0.005,xgboost,100,5,0.5,0.7758018970489502,True,0.7391923990498812,0.5,0.0013275292519527029,0.0026480278350832897,0.6015204612509898,0.3240608193071771,0.5,43,43,620972,156263,25.16425861391496
15,12,0.005,0.003,xgboost,200,5,0.5,0.8626956939697266,True,0.6537588345246405,0.5,0.0013206672845227062,0.002634376299856727,0.5868032615126959,0.40910568643239925,0.5,57,57,623262,222291,35.66573928781155
20,6,0.005,0.003,random_forest,200,10,0.5,0.5868715462528308,True,0.6568621925198277,0.5,0.001314060446780552,0.002621231979030144,0.576065234841434,0.39680451602959727,0.5,56,56,620972,218805,35.23588825261042
30,12,0.015,0.003,random_forest,100,15,0.55,0.6046679825061182,True,0.7458123443571086,0.5616438356164384,0.001308023608230978,0.0026099688076898593,0.5721491469379039,0.3016819457438918,0.5616438356164384,41,32,616392,155837,25.282125660294096
20,12,0.01,0.003,xgboost,200,10,0.5,0.8417751789093018,True,0.7045372196948347,0.5052631578947369,0.0013080444735120995,0.002609333804463048,0.561604211008791,0.3406799151406178,0.5052631578947369,48,47,620972,185430,29.861249782598893
30,12,0.01,0.005,xgboost,100,5,0.55,0.8206452131271362,True,0.6464117976297666,0.5533980582524272,0.0013073094653792345,0.0026084568918176825,0.562712197045391,0.3981052349398233,0.5533980582524272,57,46,616392,220790,35.81973808874872
20,12,0.015,0.005,xgboost,200,10,0.55,0.8461793065071106,True,0.6967591287894037,0.550561797752809,0.0013007698433766923,0.0025954077173653963,0.5558960462545715,0.3446603414291348,0.550561797752809,49,40,620972,187935,30.264649613831217
20,12,0.015,0.003,xgboost,200,10,0.55,0.8254239559173584,True,0.7461330971456178,0.5694444444444444,0.0012999778052569834,0.0025940337224383916,0.5670809708746682,0.30076642388030606,0.5694444444444444,41,31,620972,156808,25.252024245859715
15,3,0.015,0.005,random_forest,200,15,0.5,0.6258846988111519,True,0.7392521640072842,0.5060240963855421,0.0012921486586266306,0.0025777150397397735,0.5946365491162029,0.3211819778872336,0.5060240963855421,42,41,623262,156869,25.169030038731705
10,12,0.015,0.005,xgboost,100,10,0.5,0.8192534446716309,True,0.6965494640759006,0.5051546391752577,0.0012906284570405099,0.0025746788219530776,0.5547436564050455,0.3425884330734501,0.5051546391752577,49,48,625552,189528,30.297721052766196
10,12,0.01,0.005,xgboost,200,15,0.5,0.8844380378723145,True,0.6464819240514423,0.504424778761062,0.0012887180646619942,0.002570868006224207,0.5488740347533235,0.3889510309836305,0.504424778761062,57,56,625552,224005,35.80917333810778
30,6,0.01,0.003,random_forest,200,15,0.55,0.5970726354635978,True,0.709626132593548,0.5542168674698795,0.0012847008881193096,0.0025634595558527685,0.5676333598877352,0.33653462544669605,0.5542168674698795,46,37,616392,179939,29.19229970538229
30,3,0.01,0.003,xgboost,100,15,0.55,0.842582643032074,True,0.7219234419487504,0.55,0.0012832103590072618,0.002560446914370508,0.5671420819099996,0.32699702771663075,0.55,44,36,616392,169603,27.51544471699827
10,3,0.005,0.003,xgboost,100,5,0.5,0.8168351650238037,True,0.6633949053240722,0.5,0.0012822643839194548,0.0025579687833068854,0.5814168643562878,0.39140966072767003,0.5,54,54,625552,214996,34.36900529452387
20,6,0.01,0.005,xgboost,100,5,0.5,0.8099764585494995,True,0.6545674141471074,0.5045871559633027,0.0012819915155470607,0.002557485294459557,0.5646006267359116,0.3889126532130754,0.5045871559633027,55,54,620972,215661,34.729585230896085
15,6,0.01,0.005,random_forest,100,5,0.5,0.5332225336876718,True,0.6545369946972797,0.5,0.0012771985230940715,0.0025478887267505156,0.552507301835987,0.3805074005077965,0.5,55,55,623262,216486,34.73434927847358
10,6,0.015,0.008,xgboost,100,5,0.5,0.808222770690918,True,0.654850492762427,0.5288461538461539,0.001273501898675558,0.00254088515199113,0.5663356923481588,0.3893368952424323,0.5288461538461539,55,49,625552,212869,34.02898559991815
15,6,0.015,0.005,xgboost,100,15,0.55,0.8392545580863953,True,0.7084947815134814,0.5542168674698795,0.0012656138227040115,0.0025254604847786103,0.5564905549027191,0.33200994353159846,0.5542168674698795,46,37,623262,178667,28.666435624183727
30,12,0.01,0.003,random_forest,100,15,0.55,0.5913684025106201,True,0.7043292044873822,0.5542168674698795,0.0012616912147892154,0.002517650922226479,0.5639546115295361,0.3400454087653924,0.5542168674698795,46,37,616392,184268,29.894612519305895
10,3,0.005,0.003,random_forest,200,15,0.5,0.5844101536328081,True,0.663402898226375,0.5047619047619047,0.0012585187471802056,0.0025107773935288268,0.574966738127249,0.38764932499411636,0.5047619047619047,53,52,625552,214996,34.36900529452387
30,6,0.01,0.003,xgboost,100,10,0.5,0.8272886872291565,True,0.7095855741853844,0.5232558139534884,0.0012567726079428028,0.0025075225677031092,0.569051345015252,0.34017335339135013,0.5232558139534884,45,41,616392,179939,29.19229970538229
30,3,0.005,0.003,xgboost,100,10,0.55,0.853771984577179,True,0.6632516486992919,0.5531914893617021,0.001252287833542048,0.0024989187370849154,0.5791962919983654,0.39484569064723024,0.5531914893617021,52,42,616392,211913,34.379583122428585
30,6,0.005,0.003,random_forest,200,10,0.5,0.5898700971611924,True,0.6566649632135237,0.5247524752475248,0.0012520375138787177,0.0024981146304675714,0.5748000203867976,0.3970751905697967,0.5247524752475248,53,48,616392,217402,35.27008786616309
15,3,0.015,0.003,xgboost,100,15,0.5,0.8176042437553406,True,0.7749673092504793,0.546875,0.0012474605267847596,0.0024892429145478468,0.582520670406096,0.2770667976983685,0.546875,35,29,623262,135352,21.71670982668605
20,3,0.005,0.003,random_forest,200,15,0.5,0.590689896944905,True,0.6634325053343533,0.5148514851485149,0.0012439298614931942,0.0024818633066055746,0.576786445400228,0.38950481761181993,0.5148514851485149,52,49,620972,213297,34.34889173746964
30,6,0.01,0.005,random_forest,200,10,0.55,0.5682157708921542,True,0.6543693573114643,0.5638297872340425,0.0012435184533445955,0.002481563853447267,0.5576616081934228,0.3859568228282475,0.5638297872340425,53,41,616392,214290,34.765214344118675
30,3,0.015,0.008,random_forest,200,5,0.5,0.586203227903499,True,0.6989430478832567,0.5111111111111111,0.001239357689406186,0.0024727194538515292,0.5889535210732257,0.35226909914440496,0.5111111111111111,46,44,616392,178995,29.03915041077756
20,12,0.015,0.003,xgboost,200,5,0.5,0.7864425778388977,True,0.7460686823141028,0.5131578947368421,0.001236564253781033,0.002467183299066899,0.5820541701147306,0.30794933761788107,0.5131578947368421,39,37,620972,156808,25.252024245859715
15,6,0.015,0.003,xgboost,100,5,0.5,0.7634159326553345,True,0.7534435593206742,0.5,0.0012364156959718878,0.0024667315806556314,0.587155515669494,0.3009510415261028,0.5,38,38,623262,150712,24.181162978009247
20,3,0.015,0.005,xgboost,200,5,0.5,0.7957783341407776,True,0.7392004509038206,0.5063291139240507,0.001234910932049026,0.0024638127502309825,0.6025538264838572,0.3262541507614042,0.5063291139240507,40,39,620972,156263,25.16425861391496
20,12,0.005,0.003,xgboost,200,5,0.55,0.8688019514083862,True,0.6537863843149885,0.5520833333333334,0.001232328869047619,0.00245916852264291,0.5875463274451689,0.4098778181677346,0.5520833333333334,53,43,620972,221474,35.66569829235456
30,12,0.015,0.005,random_forest,100,5,0.5,0.5365147064381531,True,0.6964040915322155,0.5168539325842697,0.001228960726689821,0.002452090940590101,0.5513320778043059,0.3347382828403277,0.5168539325842697,46,43,616392,186753,30.297765058599076
20,6,0.01,0.003,random_forest,200,15,0.5,0.592225897875202,True,0.709795080317243,0.5,0.0012207979579379612,0.002435649045114863,0.5695233196367461,0.33677540299173064,0.5,44,44,620972,181090,29.16234548417642
10,12,0.015,0.005,xgboost,200,5,0.55,0.8011988401412964,True,0.6966134072943226,0.5542168674698795,0.0012116103882421113,0.0024179347683250547,0.562234408380353,0.3458978390934059,0.5542168674698795,46,37,625552,189528,30.297721052766196
30,3,0.015,0.005,xgboost,100,15,0.55,0.8404664993286133,True,0.7389174149692973,0.5571428571428572,0.0012114058520221159,0.002417555169848748,0.5835016289048189,0.3176897895646364,0.5571428571428572,39,31,616392,155288,25.19305896247842
30,3,0.015,0.005,xgboost,200,10,0.5,0.8377304673194885,True,0.7388687448795009,0.5131578947368421,0.0012114058520221159,0.0024171056709017666,0.5916949788634732,0.32231745011282714,0.5131578947368421,39,37,616392,155288,25.19305896247842
10,12,0.015,0.008,random_forest,200,5,0.55,0.5328592403852187,False,0.6361790729831909,0.5188679245283019,0.0012082070207811609,0.0024108003857280617,0.545885942778664,0.39397429090829994,0.5188679245283019,55,51,625552,228088,36.46187687034811
15,3,0.01,0.005,random_forest,100,5,0.5,0.5455789069595888,True,0.6739508876641557,0.5051546391752577,0.0012055900009841551,0.0024054392381139393,0.558806448130486,0.36338568974892355,0.5051546391752577,49,48,623262,201004,32.25032169456826
10,6,0.015,0.005,xgboost,100,10,0.5,0.8194776773452759,True,0.7082430801448314,0.5116279069767442,0.001205347359193513,0.002405028696365127,0.5628958551769825,0.33453056488457183,0.5116279069767442,44,42,625552,179524,28.698493490549147
20,12,0.015,0.003,xgboost,200,15,0.55,0.8309377431869507,True,0.7461330971456178,0.5757575757575758,0.0012048574780430578,0.0024046828033539,0.5512664891317183,0.29167884376524933,0.5757575757575758,38,28,620972,156808,25.252024245859715
15,12,0.005,0.003,xgboost,200,5,0.55,0.8653031587600708,False,0.6538310349530296,0.5473684210526316,0.0012048192771084338,0.0024043463183447,0.5868032615126959,0.40910568643239925,0.5473684210526316,52,43,623262,222291,35.66573928781155
10,3,0.01,0.005,random_forest,200,5,0.55,0.5472656871938618,True,0.6738975789498926,0.550561797752809,0.001200744951970202,0.0023962637846296794,0.5581425873371793,0.36400769762841384,0.550561797752809,49,40,625552,201919,32.27853160089009
20,12,0.01,0.003,xgboost,100,10,0.55,0.8287198543548584,True,0.7045935826724103,0.55,0.001199040767386091,0.0023928649118990647,0.5628775184071181,0.340374632469849,0.55,44,36,620972,185430,29.861249782598893
10,3,0.015,0.008,xgboost,100,10,0.55,0.83475661277771,True,0.6992190934450209,0.569620253164557,0.0011954731417034164,0.0023859388669441426,0.5929951784130738,0.36299694743741173,0.569620253164557,45,34,625552,181741,29.052900478297566
30,3,0.01,0.003,random_forest,100,10,0.5,0.5909001696654343,True,0.7218585484956886,0.5,0.001195718743620403,0.0023857321579238313,0.575300382881753,0.32449277214779826,0.5,41,41,616392,169603,27.51544471699827
10,12,0.01,0.008,random_forest,100,15,0.55,0.5836093924555025,True,0.5779907442191334,0.6057692307692307,0.0011927300265051116,0.002380772428387877,0.5636926402640269,0.46711453629281713,0.6057692307692307,63,41,625552,268278,42.88660255262552
15,3,0.005,0.003,xgboost,200,10,0.55,0.8642494082450867,True,0.6635861150553938,0.5882352941176471,0.0011918951132300357,0.0023789699060306887,0.5745624118712367,0.38837163801422314,0.5882352941176471,50,35,623262,214089,34.349759812085445
10,12,0.01,0.003,xgboost,200,15,0.5,0.8555511236190796,True,0.7043425438210869,0.5,0.0011895106785617734,0.002373375047197799,0.5496911466743549,0.33243246607138044,0.5,44,44,625552,186961,29.88736348057396
20,6,0.015,0.005,xgboost,100,5,0.55,0.7831715941429138,True,0.7084665244172471,0.5584415584415584,0.0011873205213165452,0.0023696029537376355,0.5742872092247508,0.3404008586735045,0.5584415584415584,43,34,620972,177989,28.66296709030359
30,6,0.015,0.003,random_forest,100,15,0.55,0.6185337552157399,True,0.7532101980061486,0.5625,0.0011829652996845426,0.00236096537250787,0.580231485072561,0.2979449469322011,0.5625,36,28,616392,149207,24.206511440771457
30,3,0.015,0.005,xgboost,200,5,0.55,0.7981834411621094,True,0.73892552665093,0.5671641791044776,0.0011803441635087283,0.0023557856235082606,0.6022922249007839,0.32733038573943873,0.5671641791044776,38,29,616392,155288,25.19305896247842
30,3,0.015,0.005,random_forest,200,5,0.55,0.580951173318699,False,0.7387876280631738,0.4523809523809524,0.0011803441635087283,0.002354544891257203,0.5855721597637564,0.3098270888922309,0.4523809523809524,38,46,616392,155288,25.19305896247842
30,3,0.015,0.005,random_forest,200,5,0.5,0.5809511733186989,False,0.7387876280631738,0.4523809523809524,0.0011803441635087283,0.002354544891257203,0.5855721597637564,0.3098270888922309,0.4523809523809524,38,46,616392,155288,25.19305896247842
20,3,0.015,0.005,xgboost,100,5,0.55,0.7782994508743286,True,0.7392487620274568,0.5507246376811594,0.0011731653854465747,0.002341343191620456,0.6015204612509898,0.3240608193071771,0.5507246376811594,38,31,620972,156263,25.16425861391496
30,6,0.01,0.003,random_forest,100,15,0.55,0.5985912098049961,True,0.7096180209119153,0.5526315789473685,0.0011729877674132828,0.0023410066328521262,0.5667123856334882,0.335344692606515,0.5526315789473685,42,34,616392,179939,29.19229970538229
30,6,0.01,0.003,xgboost,200,10,0.55,0.8452851176261902,True,0.7096180209119153,0.5526315789473685,0.0011729877674132828,0.0023410066328521262,0.5684782080032318,0.34253336607814866,0.5526315789473685,42,34,616392,179939,29.19229970538229
20,3,0.005,0.003,xgboost,100,15,0.55,0.8729600310325623,True,0.6634969201658681,0.5632183908045977,0.0011721646771762793,0.0023394604917641444,0.563321084457388,0.38285648293057783,0.5632183908045977,49,38,620972,213297,34.34889173746964
20,12,0.01,0.003,random_forest,200,10,0.5,0.5689043897617561,False,0.7044244937396835,0.43434343434343436,0.001171789840854589,0.00233727408615301,0.5640756963224492,0.33641635953462906,0.43434343434343436,43,56,620972,185430,29.861249782598893
20,12,0.01,0.003,random_forest,200,10,0.55,0.5689043897617561,False,0.7044244937396835,0.43434343434343436,0.001171789840854589,0.00233727408615301,0.5640756963224492,0.33641635953462906,0.43434343434343436,43,56,620972,185430,29.861249782598893
15,6,0.015,0.003,random_forest,100,15,0.5,0.6144500101604108,False,0.7534275147810321,0.4864864864864865,0.0011713411856575779,0.0023370553103090105,0.5785603976246794,0.29618582569476304,0.4864864864864865,36,38,623262,150712,24.181162978009247
15,6,0.015,0.003,random_forest,100,15,0.55,0.6144500101604108,False,0.7534275147810321,0.4864864864864865,0.0011713411856575779,0.0023370553103090105,0.5785603976246794,0.29618582569476304,0.4864864864864865,36,38,623262,150712,24.181162978009247
15,3,0.015,0.005,random_forest,200,15,0.55,0.6281725173900026,True,0.7393002976262104,0.5507246376811594,0.0011690868816145706,0.0023332207656648145,0.5946365491162029,0.3211819778872336,0.5507246376811594,38,31,623262,156869,25.169030038731705
15,12,0.015,0.008,random_forest,200,5,0.5,0.5354754734254465,True,0.636326442203557,0.5,0.0011691262435753204,0.0023327978168533638,0.5459392288403295,0.3939535333536868,0.5,53,53,623262,227060,36.43090706637016
10,3,0.015,0.005,random_forest,100,15,0.55,0.6400750317249883,True,0.7390956830334663,0.5671641791044776,0.0011638234663563138,0.0023228803716608595,0.5924578384289548,0.31989950821775276,0.5671641791044776,38,29,625552,157657,25.20286083331202
15,6,0.01,0.003,random_forest,100,15,0.5,0.5923766996785155,True,0.709762300145203,0.5,0.0011608944415268526,0.002316410666519593,0.5672121144486085,0.33508948511462006,0.5,42,42,623262,181774,29.16494187035308
30,3,0.015,0.003,xgboost,100,5,0.5,0.7690812945365906,True,0.7745276973369349,0.5,0.001151244783422075,0.002297200287150036,0.6114901084279389,0.29364367760403265,0.5,32,32,616392,134008,21.740710456981923
10,3,0.01,0.003,xgboost,100,15,0.5,0.8404743671417236,True,0.7220148508124785,0.5128205128205128,0.0011500531899600356,0.0022949596947703607,0.5604289711448528,0.3185924141670009,0.5128205128205128,40,38,625552,172139,27.51793615878456
30,3,0.015,0.005,random_forest,100,10,0.55,0.6178405822145719,True,0.7389174149692973,0.5606060606060606,0.0011492824749953408,0.0022938623682579045,0.5950271790030256,0.3192929644028746,0.5606060606060606,37,29,616392,155288,25.19305896247842
30,12,0.015,0.005,random_forest,100,10,0.55,0.5760801480168282,True,0.6964446499403791,0.5512820512820513,0.0011488111140796153,0.0022928441932387757,0.5583353435804019,0.3421268890906122,0.5512820512820513,43,35,616392,186753,30.297765058599076
30,12,0.005,0.003,xgboost,200,5,0.55,0.8658240437507629,True,0.6535176307400287,0.550561797752809,0.0011469232029585937,0.002289077828646174,0.5884890777534679,0.4128519103770376,0.550561797752809,49,40,616392,220054,35.70033355397214
20,3,0.015,0.003,xgboost,100,5,0.5,0.7632490992546082,True,0.7748701638552277,0.5,0.0011444921316165952,0.0022837567799029405,0.609895144649561,0.29142547928093554,0.5,32,32,620972,134836,21.71370045670336
10,3,0.015,0.008,random_forest,100,10,0.55,0.6194940870682023,True,0.6992031076404153,0.5584415584415584,0.0011423410020721535,0.002280018028049524,0.5943418274927506,0.3602737538783945,0.5584415584415584,43,34,625552,181741,29.052900478297566
20,3,0.015,0.005,xgboost,200,10,0.55,0.8393740057945251,True,0.7392568138813962,0.5606060606060606,0.001142292612145349,0.002279939612410266,0.5906512864956088,0.32089542959523343,0.5606060606060606,37,29,620972,156263,25.16425861391496
20,12,0.015,0.005,random_forest,200,10,0.55,0.5720516757662591,True,0.6967591287894037,0.5584415584415584,0.001141491903371383,0.0022783267544440617,0.5594478963016699,0.3421373704988749,0.5584415584415584,43,34,620972,187935,30.264649613831217
10,3,0.005,0.003,random_forest,200,10,0.5,0.5677609023574753,True,0.6633949053240722,0.5,0.00113979056348396,0.00227439645573219,0.5718471351452317,0.38500937611276265,0.5,48,48,625552,214996,34.36900529452387
30,6,0.015,0.005,xgboost,200,10,0.55,0.8522629737854004,True,0.7081984766261894,0.5616438356164384,0.001139458618197988,0.0022743031479683816,0.5676299220564738,0.34110600774903527,0.5616438356164384,41,32,616392,176858,28.69245545042765
20,12,0.01,0.005,random_forest,200,5,0.5,0.5311946379068035,False,0.6466202343089497,0.49019607843137253,0.0011393154992480519,0.0022733472765299628,0.5503695216868467,0.3863473260668619,0.49019607843137253,50,52,620972,222184,35.78003517066792
20,12,0.01,0.005,random_forest,200,5,0.55,0.5311946379068035,False,0.6466202343089497,0.49019607843137253,0.0011393154992480519,0.0022733472765299628,0.5503695216868467,0.3863473260668619,0.49019607843137253,50,52,620972,222184,35.78003517066792
15,3,0.015,0.005,xgboost,200,10,0.55,0.8344894051551819,True,0.7393083198960314,0.5606060606060606,0.0011383214373615555,0.0022720294749769727,0.5871610094021901,0.31813437058915534,0.5606060606060606,37,29,623262,156869,25.169030038731705
30,12,0.015,0.008,random_forest,200,5,0.55,0.5324097879241796,True,0.6358990582337625,0.5543478260869565,0.0011359586600142551,0.0022672712723392904,0.5446667809471901,0.3941405613565173,0.5543478260869565,51,41,616392,224736,36.45991511895028
10,3,0.01,0.005,random_forest,100,5,0.55,0.5466902867314729,True,0.6738975789498926,0.5542168674698795,0.001127229954910802,0.0022498838375192586,0.5573183575980465,0.36329987078091347,0.5542168674698795,46,37,625552,201919,32.27853160089009
15,3,0.01,0.003,xgboost,100,5,0.55,0.785854160785675,False,0.7221005511299367,0.4936708860759494,0.001125866050808314,0.0022466084852674328,0.5824708621123216,0.3317709332049653,0.4936708860759494,39,40,623262,171350,27.492451007762387
15,3,0.01,0.003,xgboost,100,5,0.5,0.785854160785675,False,0.7221005511299367,0.4936708860759494,0.001125866050808314,0.0022466084852674328,0.5824708621123216,0.3317709332049653,0.4936708860759494,39,40,623262,171350,27.492451007762387
20,3,0.005,0.003,random_forest,100,15,0.55,0.5964586498399825,True,0.6634888683119288,0.5595238095238095,0.0011243212209650025,0.0022441330245660945,0.5758411115009957,0.38863710355578124,0.5595238095238095,47,37,620972,213297,34.34889173746964
15,3,0.015,0.008,xgboost,100,15,0.5,0.8558785915374756,True,0.699373460726978,0.5,0.001120777072103325,0.002236540816869908,0.5871119695321696,0.3574902676545694,0.5,42,42,623262,180854,29.017331395143614
20,12,0.01,0.003,xgboost,200,10,0.55,0.8465028405189514,True,0.7045935826724103,0.5540540540540541,0.0011172879877915849,0.0022300788686429153,0.561604211008791,0.3406799151406178,0.5540540540540541,41,33,620972,185430,29.861249782598893
20,12,0.005,0.003,random_forest,100,15,0.55,0.6743825275005486,True,0.6537783324610491,0.5517241379310345,0.0011160714285714285,0.002227636616776888,0.5803022064301544,0.40628366339955607,0.5517241379310345,48,39,620972,221474,35.66569829235456
15,6,0.01,0.005,xgboost,100,15,0.5,0.8667598962783813,True,0.6545369946972797,0.5,0.0011146459837911896,0.002224333279269677,0.555260896114042,0.3847657814354526,0.5,48,48,623262,216486,34.73434927847358
15,12,0.015,0.005,xgboost,200,10,0.5,0.8449148535728455,True,0.6967341339558615,0.5,0.0011110229346877232,0.0022171193285295747,0.5537938105663712,0.3410732787779119,0.5,42,42,623262,188637,30.266083926181924
20,6,0.01,0.003,xgboost,100,15,0.5,0.8437010049819946,True,0.709795080317243,0.5,0.0011098163253981466,0.0022147167930900834,0.5561006957680178,0.33136395493182896,0.5,40,40,620972,181090,29.16234548417642
10,12,0.01,0.003,random_forest,200,15,0.5,0.5824962659738603,True,0.7043505367233897,0.5061728395061729,0.0011084076777507434,0.0022119716220226054,0.5625639064284103,0.337757623349155,0.5061728395061729,41,40,625552,186961,29.88736348057396
10,12,0.005,0.003,random_forest,100,10,0.55,0.6279978081654456,True,0.6537554651469495,0.5581395348837209,0.0011078030880011078,0.0022112173212023496,0.5756139123279633,0.40192430981153987,0.5581395348837209,48,38,625552,223222,35.68400388776632
15,3,0.015,0.005,random_forest,100,15,0.5,0.6299760455089973,True,0.7392842530865683,0.5373134328358209,0.0011075559931085406,0.0022105554020447637,0.5936143296792862,0.32003004477295915,0.5373134328358209,36,31,623262,156869,25.169030038731705
10,6,0.01,0.003,xgboost,100,5,0.5,0.7827524542808533,True,0.7096018735362998,0.5,0.0011009578333149841,0.0021970778864110734,0.5735558666257375,0.3373573408341889,0.5,40,40,625552,182597,29.18973962196588
10,12,0.015,0.008,random_forest,200,10,0.55,0.5699653095666324,True,0.6362270303970075,0.5555555555555556,0.0010983700188919644,0.0021924055073226346,0.5530214266201643,0.40017101572425773,0.5555555555555556,50,40,625552,228088,36.46187687034811
20,12,0.005,0.003,random_forest,200,15,0.55,0.6727582103868504,True,0.6537944361689279,0.5662650602409639,0.0010928199404761905,0.002181429996983129,0.5806377691042637,0.4071390679367158,0.5662650602409639,47,36,620972,221474,35.66569829235456
10,3,0.015,0.008,xgboost,100,15,0.5,0.8595681190490723,True,0.6991311715196905,0.5,0.0010892088624408906,0.0021736825363164033,0.584301461298942,0.3552880786706046,0.5,41,41,625552,181741,29.052900478297566
10,6,0.015,0.008,xgboost,200,5,0.55,0.8217650651931763,True,0.6548904572739408,0.5662650602409639,0.0010882652588682042,0.002172355619236902,0.5682528114704619,0.3917597199855074,0.5662650602409639,47,36,625552,212869,34.02898559991815
10,6,0.015,0.008,random_forest,200,15,0.55,0.6088901964408929,True,0.6548744714693352,0.5529411764705883,0.0010882652588682042,0.002172255216878885,0.5670922904289151,0.3913712047734438,0.5529411764705883,47,38,625552,212869,34.02898559991815
10,6,0.01,0.005,random_forest,100,5,0.5,0.5322675706685976,True,0.6543869044288672,0.5053763440860215,0.0010869313845655744,0.0021691973969631237,0.552977530127355,0.38095312745864707,0.5053763440860215,47,46,625552,217445,34.76049952681791
30,3,0.005,0.003,xgboost,200,10,0.55,0.8676345944404602,True,0.6632516486992919,0.5625,0.0010837106251806185,0.002163253533314104,0.5776911678091442,0.3946960665364447,0.5625,45,35,616392,211913,34.379583122428585
30,6,0.015,0.005,random_forest,200,5,0.5,0.5507195758081966,True,0.7081254714914949,0.5,0.0010838752709688177,0.0021630615640599003,0.5610720927754594,0.32854154127751606,0.5,39,39,616392,176858,28.69245545042765
20,6,0.01,0.003,xgboost,200,5,0.5,0.8060561418533325,True,0.709795080317243,0.5,0.001082070917263193,0.002159468438538206,0.5772613795080125,0.34083150906949256,0.5,39,39,620972,181090,29.16234548417642
15,12,0.015,0.008,xgboost,200,15,0.55,0.8989336490631104,True,0.6363986426319462,0.550561797752809,0.0010808903006639754,0.002157544802078288,0.5491384775800223,0.3987998434607347,0.550561797752809,49,40,623262,227060,36.43090706637016
15,6,0.015,0.003,xgboost,200,15,0.5,0.82098788022995,True,0.7534435593206742,0.5,0.0010737294201861132,0.002142857142857143,0.5588666903373098,0.28580206772525035,0.5,33,33,623262,150712,24.181162978009247
20,6,0.01,0.005,xgboost,100,15,0.55,0.8716504573822021,True,0.6546318289786224,0.5542168674698795,0.001072211085730269,0.0021402814935442597,0.5554734086436313,0.38596218282273825,0.5542168674698795,46,37,620972,215661,34.729585230896085
20,6,0.01,0.005,random_forest,200,5,0.5,0.5324507066230898,True,0.6545754660010468,0.5111111111111111,0.001072211085730269,0.002139933010792706,0.5523781264823399,0.3800670253420694,0.5111111111111111,46,44,620972,215661,34.729585230896085
15,6,0.01,0.005,random_forest,200,5,0.5,0.5330497657009238,True,0.6545450169671007,0.5054945054945055,0.0010682024011332235,0.002131899708022431,0.5529936774026756,0.3809219191563164,0.5054945054945055,46,45,623262,216486,34.73434927847358
10,3,0.015,0.003,xgboost,200,10,0.5,0.8193879127502441,True,0.7747280414991488,0.5,0.0010644337212602896,0.0021243449936269652,0.5920611116554672,0.2851036978508695,0.5,30,30,625552,136036,21.74655344399826
10,6,0.01,0.005,random_forest,200,10,0.55,0.5628538452430308,True,0.6544588405495919,0.5609756097560976,0.0010638051848939664,0.002123583316021513,0.5588067846467807,0.38523871388749487,0.5609756097560976,46,36,625552,217445,34.76049952681791
10,3,0.01,0.003,xgboost,200,5,0.5,0.7996972799301147,True,0.721998865007873,0.5,0.001063799200713033,0.0021230813369674363,0.5813371800403591,0.33153821500962927,0.5,37,37,625552,172139,27.51793615878456
30,6,0.005,0.003,xgboost,200,15,0.55,0.902754008769989,True,0.6567055216216874,0.5625,0.0010630507193309868,0.002122090966966117,0.5688734084419186,0.3970407786668703,0.5625,45,35,616392,217402,35.27008786616309
10,12,0.01,0.005,xgboost,200,5,0.55,0.8322755694389343,False,0.6465298814652588,0.5402298850574713,0.0010626271761248023,0.0021210822032177268,0.561893888689849,0.39615953574543694,0.5402298850574713,47,40,625552,224005,35.80917333810778
20,3,0.01,0.005,random_forest,200,10,0.55,0.5826822249352673,True,0.6740529006803817,0.5657894736842105,0.0010619643871477612,0.002119949712820766,0.5674731357712626,0.37051885253431077,0.5657894736842105,43,33,620972,200227,32.244126949363256
30,6,0.01,0.003,xgboost,100,10,0.55,0.830704927444458,True,0.7096099092302826,0.5507246376811594,0.0010612746467072557,0.002118466898954704,0.569051345015252,0.34017335339135013,0.5507246376811594,38,31,616392,179939,29.19229970538229
30,3,0.005,0.003,xgboost,200,5,0.5,0.8396063446998596,True,0.6631705318829647,0.5,0.0010596281668432714,0.002114774584254542,0.5862539289637498,0.396974025773247,0.5,44,44,616392,211913,34.379583122428585
30,6,0.015,0.003,random_forest,200,15,0.55,0.6127623695630459,True,0.7531939746428832,0.5517241379310345,0.0010515247108307045,0.0020990488684814695,0.582189539231786,0.3004126680569475,0.5517241379310345,32,26,616392,149207,24.206511440771457
20,6,0.015,0.005,xgboost,100,15,0.5,0.8472102880477905,True,0.7083940577317928,0.5,0.0010492599955820633,0.00209412542709137,0.5577096485999745,0.33201681945398676,0.5,38,38,620972,177989,28.66296709030359
20,12,0.01,0.005,random_forest,100,5,0.5,0.5325141666633297,False,0.646628286162889,0.4946236559139785,0.0010481702593082077,0.0020919075013074422,0.5505540593317402,0.38673392611681096,0.4946236559139785,46,47,620972,222184,35.78003517066792
20,12,0.01,0.005,random_forest,100,5,0.55,0.5325141666633297,False,0.646628286162889,0.4946236559139785,0.0010481702593082077,0.0020919075013074422,0.5505540593317402,0.38673392611681096,0.4946236559139785,46,47,620972,222184,35.78003517066792
15,6,0.015,0.008,random_forest,100,15,0.55,0.6172140978360431,True,0.6550664645054671,0.5555555555555556,0.001046365623401386,0.0020887970849676235,0.5650882185259039,0.38918383218652997,0.5555555555555556,45,36,623262,211891,33.9970991332698
20,12,0.015,0.003,random_forest,200,15,0.5,0.5965551236186071,True,0.7460767341680422,0.5238095238095238,0.0010463235993531817,0.0020884754129485475,0.574190445899817,0.30209994395494116,0.5238095238095238,33,30,620972,156808,25.252024245859715
15,6,0.015,0.005,random_forest,200,15,0.55,0.60339823931888,True,0.7084787369738393,0.5507246376811594,0.0010455070709294008,0.0020870520389949195,0.5697858037739061,0.3385456824557482,0.5507246376811594,38,31,623262,178667,28.666435624183727
15,12,0.005,0.003,xgboost,100,5,0.5,0.8518115878105164,True,0.6537588345246405,0.5,0.0010426320667284523,0.0020809248554913293,0.5854885126507281,0.40787802459399286,0.5,45,45,623262,222291,35.66573928781155
30,12,0.015,0.005,xgboost,100,15,0.55,0.8529770374298096,True,0.6964446499403791,0.5571428571428572,0.0010419449639326743,0.00208,0.5519449861215074,0.3441669865335619,0.5571428571428572,39,31,616392,186753,30.297765058599076
20,12,0.015,0.008,random_forest,200,5,0.55,0.5332775307655855,True,0.6362897057047385,0.5529411764705883,0.0010402833111996458,0.00207665967082735,0.5461936026906317,0.3943086037110042,0.5529411764705883,47,38,620972,226182,36.423864522071845
15,3,0.01,0.003,random_forest,100,15,0.55,0.6089266345330248,True,0.7221647292885048,0.5538461538461539,0.0010392609699769054,0.002074629015991932,0.5746929600546024,0.3270633992413776,0.5538461538461539,36,29,623262,171350,27.492451007762387
15,3,0.01,0.008,xgboost,200,10,0.55,0.8787849545478821,True,0.6205065261164994,0.550561797752809,0.0010356342731538235,0.002067379701706643,0.5741232001111312,0.4326531990590867,0.550561797752809,49,40,623262,233784,37.50974710474889
30,3,0.005,0.003,xgboost,100,15,0.5,0.8750850558280945,True,0.66318675524623,0.5119047619047619,0.0010355457085059242,0.0020669102095750816,0.5691217280472773,0.3867903153793094,0.5119047619047619,43,41,616392,211913,34.379583122428585
20,12,0.01,0.003,random_forest,200,15,0.5,0.5860193039527755,True,0.7045291678408954,0.5,0.0010355352081970787,0.002066789948874143,0.5664340633044901,0.3409035490082423,0.5,38,38,620972,185430,29.861249782598893
20,12,0.015,0.005,xgboost,200,5,0.5,0.8063100576400757,True,0.6967027658118282,0.5131578947368421,0.0010353066100345103,0.0020664441265299633,0.5666225285399822,0.34858777859246476,0.5131578947368421,39,37,620972,187935,30.264649613831217
15,6,0.015,0.008,xgboost,100,15,0.55,0.8736982941627502,True,0.6550584422356461,0.55,0.001023113053992466,0.00204242677435826,0.5589221201006719,0.38568152842612347,0.55,44,36,623262,211891,33.9970991332698
20,12,0.005,0.003,xgboost,100,10,0.55,0.8751274943351746,True,0.6537783324610491,0.5569620253164557,0.0010230654761904762,0.0020423793719683433,0.5789874512978599,0.406968362882013,0.5569620253164557,44,35,620972,221474,35.66569829235456
15,6,0.01,0.003,xgboost,200,10,0.55,0.8450227975845337,True,0.7098665896528764,0.6065573770491803,0.0010226927222974653,0.0020419426048565122,0.5661434435760713,0.33926040251105716,0.6065573770491803,37,24,623262,181774,29.16494187035308
30,3,0.01,0.003,random_forest,200,10,0.5,0.590752817083518,True,0.7218747718589541,0.5147058823529411,0.0010207355128466855,0.0020374305090665656,0.5759266353260952,0.3251984229929525,0.5147058823529411,35,33,616392,169603,27.51544471699827
15,3,0.015,0.008,xgboost,100,5,0.55,0.7970272302627563,True,0.6994536834251883,0.5757575757575758,0.001014036398569675,0.0020245071923281834,0.5994215499157067,0.36297340499841974,0.5757575757575758,38,28,623262,180854,29.017331395143614
15,12,0.015,0.003,xgboost,200,10,0.5,0.8235934376716614,True,0.746087137894796,0.5,0.0010110265078512527,0.0020179725681854013,0.5649822677951313,0.29990180006353384,0.5,32,32,623262,157384,25.251659815615263
15,3,0.01,0.005,random_forest,200,10,0.55,0.5823374550404313,True,0.6740230880925449,0.5694444444444444,0.0010087589804153134,0.0020139502898123586,0.5667189081649341,0.3695384550000935,0.5694444444444444,41,31,623262,201004,32.25032169456826
20,6,0.005,0.003,random_forest,200,5,0.55,0.5548415363624931,False,0.6567977776883127,0.4574468085106383,0.0010090107002064953,0.002013579957855303,0.5682461200794393,0.39037116136720673,0.4574468085106383,43,51,620972,218805,35.23588825261042
20,6,0.005,0.003,random_forest,200,5,0.5,0.554841536362493,False,0.6567977776883127,0.4574468085106383,0.0010090107002064953,0.002013579957855303,0.5682461200794393,0.39037116136720673,0.4574468085106383,43,51,620972,218805,35.23588825261042
20,3,0.005,0.003,xgboost,200,5,0.55,0.8373193740844727,True,0.6634727646040501,0.5526315789473685,0.0010047125804368106,0.002005778552496478,0.585360220147908,0.39503719101117263,0.5526315789473685,42,34,620972,213297,34.34889173746964
10,6,0.005,0.003,xgboost,200,15,0.55,0.8957782983779907,True,0.6568966757519323,0.5512820512820513,0.001001537243210509,0.0019994420161815307,0.5644902625603736,0.39192487783841623,0.5512820512820513,43,35,625552,220541,35.25542241092667
15,6,0.01,0.003,random_forest,100,5,0.5,0.5402396841067003,True,0.709762300145203,0.5,0.000995052378451588,0.001986152106148796,0.5602931523921375,0.3272593203895259,0.5,36,36,623262,181774,29.16494187035308
20,6,0.015,0.005,random_forest,200,10,0.5,0.5866461440090944,True,0.7084101614396715,0.5142857142857142,0.0009940357852882703,0.0019842363445957117,0.5689760216314448,0.336573528260861,0.5142857142857142,36,34,620972,177989,28.66296709030359
10,6,0.01,0.003,random_forest,100,15,0.55,0.5972309423981199,True,0.7096658167547218,0.5625,0.0009908620499834856,0.0019782393669634025,0.5652074063917016,0.3332259874092037,0.5625,36,28,625552,182597,29.18973962196588
20,3,0.01,0.005,random_forest,100,5,0.5,0.5450633322260056,True,0.673972382140988,0.5,0.0009878738485095454,0.0019718518153360775,0.5592917265756381,0.3634624179057817,0.5,40,40,620972,200227,32.244126949363256
30,12,0.01,0.003,random_forest,200,10,0.55,0.5735726162275084,True,0.7043210928057495,0.5625,0.0009874105159219946,0.001971360512553733,0.5624468824403418,0.3360459231661263,0.5625,36,28,616392,184268,29.894612519305895
20,12,0.015,0.003,xgboost,200,5,0.55,0.7902058959007263,True,0.7461008897298603,0.5535714285714286,0.0009829100478772313,0.0019623358126285803,0.5820541701147306,0.30794933761788107,0.5535714285714286,31,25,620972,156808,25.252024245859715
15,12,0.015,0.003,xgboost,100,10,0.5,0.807496964931488,True,0.746087137894796,0.5,0.0009794319294809011,0.0019550342130987292,0.5691170909512477,0.3004946470960615,0.5,31,31,623262,157384,25.251659815615263
20,6,0.01,0.005,random_forest,100,10,0.5,0.5685248712943225,True,0.654559362293168,0.5,0.0009789753391450282,0.0019541245987065555,0.5597582886924795,0.386044438650102,0.5,42,42,620972,215661,34.729585230896085
20,12,0.015,0.008,random_forest,200,10,0.55,0.5760093967280081,True,0.6362897057047385,0.5569620253164557,0.0009738822487826472,0.001944364656753353,0.5544149662888099,0.4012799726590055,0.5569620253164557,44,35,620972,226182,36.423864522071845
10,6,0.015,0.008,xgboost,100,5,0.55,0.8104643225669861,True,0.6549064430785463,0.5915492957746479,0.000972492358988608,0.001941792459372616,0.5663356923481588,0.3893368952424323,0.5915492957746479,42,29,625552,212869,34.02898559991815
10,6,0.015,0.003,xgboost,200,15,0.55,0.8334656357765198,True,0.7533230491323705,0.5555555555555556,0.0009718802643514319,0.0019403660824008795,0.5546380245157133,0.2845085956849686,0.5555555555555556,30,24,625552,151449,24.21045732409136
10,12,0.015,0.008,xgboost,100,15,0.55,0.8803956508636475,True,0.636211044592402,0.55,0.0009665656166249286,0.0019297399236875576,0.547886996609971,0.3981631380157373,0.55,44,36,625552,228088,36.46187687034811
10,12,0.015,0.008,xgboost,200,5,0.5,0.8328579664230347,True,0.6361471013739799,0.5,0.0009665656166249286,0.0019294014470510852,0.5564094044146486,0.40382188748225684,0.5,44,44,625552,228088,36.46187687034811
20,3,0.015,0.003,random_forest,200,15,0.5,0.6333272828058467,True,0.774878215709167,0.5094339622641509,0.0009656652360515021,0.0019276764359404562,0.6034420439563888,0.289227395938707,0.5094339622641509,27,26,620972,134836,21.71370045670336
30,3,0.005,0.003,random_forest,200,10,0.5,0.5723364004427743,True,0.6632029786094955,0.5263157894736842,0.000963298333493883,0.0019230769230769232,0.5731230615653562,0.38634527023584087,0.5263157894736842,40,36,616392,211913,34.379583122428585
15,3,0.015,0.003,xgboost,100,15,0.55,0.8274591565132141,True,0.7749833537901214,0.5869565217391305,0.0009623266920911003,0.001921503042379817,0.582520670406096,0.2770667976983685,0.5869565217391305,27,19,623262,135352,21.71670982668605
15,3,0.015,0.003,xgboost,200,15,0.55,0.8276828527450562,True,0.7749753315203004,0.574468085106383,0.0009623266920911003,0.0019214346712211785,0.5797261375873209,0.27639565474404443,0.574468085106383,27,20,623262,135352,21.71670982668605
15,3,0.015,0.003,xgboost,200,10,0.55,0.8227570056915283,True,0.7749592869806583,0.5510204081632653,0.0009623266920911003,0.0019212979434996087,0.5924797031465023,0.284296691427704,0.5510204081632653,27,22,623262,135352,21.71670982668605
20,12,0.01,0.005,random_forest,200,10,0.55,0.5661843726062773,False,0.6466202343089497,0.4883720930232558,0.0009570250193683635,0.001910306558719185,0.5576567523843996,0.39291749734675646,0.4883720930232558,42,44,620972,222184,35.78003517066792
20,12,0.01,0.005,random_forest,200,10,0.5,0.5661843726062774,False,0.6466202343089497,0.4883720930232558,0.0009570250193683635,0.001910306558719185,0.5576567523843996,0.39291749734675646,0.4883720930232558,42,44,620972,222184,35.78003517066792
10,3,0.01,0.005,xgboost,200,15,0.5,0.8812423944473267,True,0.673849621536076,0.52,0.0009556949617722016,0.0019078834723479197,0.5621292697086716,0.36918105177414945,0.52,39,36,625552,201919,32.27853160089009
20,12,0.015,0.005,xgboost,100,5,0.5,0.7890408635139465,True,0.6967108176657676,0.5217391304347826,0.0009556676400318556,0.0019078406953019424,0.5649121562141829,0.3466523790327863,0.5217391304347826,36,33,620972,187935,30.264649613831217
10,6,0.005,0.003,xgboost,100,15,0.5,0.8824912309646606,True,0.656840725435813,0.5061728395061729,0.0009549541156193226,0.0019063117517145183,0.5665624938057782,0.3912089200518053,0.5061728395061729,41,40,625552,220541,35.25542241092667
15,12,0.01,0.005,xgboost,100,15,0.5,0.8761621713638306,True,0.6466270366537508,0.5,0.000953483620513519,0.0019033376385018013,0.5509448455191477,0.3891311718806995,0.5,42,42,623262,223023,35.78318588330429
15,6,0.015,0.008,xgboost,100,10,0.5,0.8463447093963623,True,0.65501030861672,0.5125,0.0009533553457657071,0.001903170403379288,0.5648101401862713,0.3894299368903175,0.5125,41,39,623262,211891,33.9970991332698
30,6,0.015,0.003,xgboost,200,10,0.55,0.8316271305084229,True,0.7531939746428832,0.5576923076923077,0.000952944269190326,0.0019026374491536544,0.5777439219907898,0.3019827210053087,0.5576923076923077,29,23,616392,149207,24.206511440771457
10,12,0.01,0.005,xgboost,200,15,0.55,0.8922795057296753,True,0.6465458672698644,0.56,0.0009495817318562062,0.001895948538539668,0.5488740347533235,0.3889510309836305,0.56,42,33,625552,224005,35.80917333810778
15,6,0.015,0.003,random_forest,200,15,0.5,0.6118435171195966,True,0.7534435593206742,0.5,0.0009435803995574933,0.0018836061314627176,0.5800871719207943,0.29802648609525767,0.5,29,29,623262,150712,24.181162978009247
30,12,0.01,0.008,random_forest,200,10,0.55,0.5744906116634994,True,0.5775436205679799,0.550561797752809,0.0009406976520954521,0.0018781862087469815,0.5620193536681094,0.46867422255554836,0.550561797752809,49,40,616392,264422,42.898350400394555
20,6,0.015,0.005,xgboost,200,5,0.5,0.8058038353919983,True,0.7084021095857321,0.5074626865671642,0.0009388115749944776,0.0018741559407987212,0.5744564581629119,0.34181122233068106,0.5074626865671642,34,33,620972,177989,28.66296709030359
30,3,0.015,0.003,xgboost,200,10,0.55,0.8326339721679688,True,0.7745763674267312,0.5652173913043478,0.000935386386530436,0.0018676819194023417,0.5964722244163151,0.28958407328235447,0.5652173913043478,26,20,616392,134008,21.740710456981923
30,3,0.015,0.003,xgboost,200,10,0.5,0.8326339721679688,True,0.7745763674267312,0.5652173913043478,0.000935386386530436,0.0018676819194023417,0.5964722244163151,0.28958407328235447,0.5652173913043478,26,20,616392,134008,21.740710456981923
30,3,0.01,0.003,xgboost,200,5,0.55,0.811366617679596,True,0.721907218585485,0.5517241379310345,0.0009332438974598268,0.0018633359536495181,0.58517184191244,0.3360123106283951,0.5517241379310345,32,26,616392,169603,27.51544471699827
15,12,0.01,0.008,random_forest,200,10,0.55,0.5635413489573976,True,0.5780125628745397,0.550561797752809,0.0009313641633878847,0.0018595825426944972,0.5616267607451648,0.46390941876201536,0.550561797752809,49,40,623262,267143,42.86207084661026
20,12,0.015,0.005,xgboost,200,5,0.55,0.8083440065383911,True,0.696743025081525,0.5555555555555556,0.0009291213166976374,0.0018551400630747621,0.5666225285399822,0.34858777859246476,0.5555555555555556,35,28,620972,187935,30.264649613831217
10,3,0.01,0.008,random_forest,100,5,0.55,0.5529040299213452,True,0.6203691122283412,0.55,0.0009262377905018525,0.0018493611297915266,0.5646315152168163,0.4207152146379849,0.55,44,36,625552,234823,37.53852597385989
10,12,0.005,0.003,xgboost,200,15,0.55,0.9182765483856201,True,0.6537474722446468,0.5633802816901409,0.0009231692400009232,0.0018433179723502304,0.5656092391039876,0.39716801951838554,0.5633802816901409,40,31,625552,223222,35.68400388776632
15,12,0.01,0.003,xgboost,200,15,0.55,0.8629269003868103,False,0.704547824761538,0.5396825396825397,0.0009230602161046859,0.0018429682630024121,0.5508341262894466,0.33498224240207597,0.5396825396825397,34,29,623262,186123,29.862722258055204
10,12,0.015,0.008,random_forest,100,10,0.55,0.5727497034309035,True,0.6362270303970075,0.5675675675675675,0.00092263081586925,0.0018422668655145187,0.5522430968583547,0.3995372369527428,0.5675675675675675,42,32,625552,228088,36.46187687034811
30,6,0.01,0.003,xgboost,200,5,0.55,0.8140575289726257,True,0.7096017975486498,0.55,0.0009216332458247222,0.0018401829030279373,0.5784611441825942,0.3435591335354298,0.55,33,27,616392,179939,29.19229970538229
30,6,0.015,0.003,xgboost,100,5,0.5,0.770190417766571,True,0.7531696395979851,0.5283018867924528,0.0009200841219768665,0.0018369690011481056,0.5877570707072252,0.3025548473065979,0.5283018867924528,28,25,616392,149207,24.206511440771457
10,12,0.01,0.003,random_forest,100,10,0.5,0.5691496051223558,True,0.7043505367233897,0.5074626865671642,0.0009191673425250068,0.0018350109291092101,0.5602927861800926,0.3341765988097667,0.5074626865671642,34,33,625552,186961,29.88736348057396
15,12,0.015,0.003,random_forest,200,15,0.55,0.5972302102318366,True,0.7461432937835432,0.5686274509803921,0.0009162427727401977,0.0018295375686076588,0.5730646502740093,0.30127011181273666,0.5686274509803921,29,22,623262,157384,25.251659815615263
15,6,0.015,0.003,xgboost,200,5,0.5,0.7895604372024536,True,0.7534435593206742,0.5,0.0009110431444003384,0.0018187723286781422,0.5879086953229449,0.30292819556943174,0.5,28,28,623262,150712,24.181162978009247
30,12,0.01,0.003,xgboost,100,15,0.55,0.8563551902770996,True,0.7043129811241169,0.559322033898305,0.0009051263062618283,0.0018073278930938168,0.5540654916976888,0.33751058316887383,0.559322033898305,33,26,616392,184268,29.894612519305895
30,3,0.015,0.005,xgboost,100,5,0.55,0.7815795540809631,True,0.7389093032876646,0.5686274509803921,0.0009007889668882401,0.0017987284850364397,0.6008164695350653,0.3241912419187747,0.5686274509803921,29,22,616392,155288,25.19305896247842
10,12,0.01,0.003,random_forest,100,10,0.55,0.5696693081867562,False,0.7043745154302979,0.532258064516129,0.0008921330089213301,0.0017812803627334558,0.5602927861800926,0.3341765988097667,0.532258064516129,33,29,625552,186961,29.88736348057396
30,3,0.015,0.008,random_forest,200,5,0.55,0.586716474170095,True,0.6989754946097876,0.55,0.0008891044293566117,0.0017753389283408651,0.5889535210732257,0.35226909914440496,0.55,33,27,616392,178995,29.03915041077756
10,3,0.015,0.005,xgboost,100,5,0.55,0.7790617942810059,True,0.739071704326558,0.5576923076923077,0.0008881810664298184,0.0017735375959392105,0.5967804685136411,0.3208602154540901,0.5576923076923077,29,23,625552,157657,25.20286083331202
30,6,0.015,0.003,random_forest,100,10,0.5,0.6015528149078707,True,0.7531453045530869,0.5,0.000887223974763407,0.0017713048612477858,0.5811936973706061,0.2963800612778208,0.5,27,27,616392,149207,24.206511440771457
20,6,0.01,0.005,random_forest,200,5,0.55,0.5325697223537227,True,0.6546157252707436,0.5507246376811594,0.0008857395925597874,0.0017686346605850457,0.5523781264823399,0.3800670253420694,0.5507246376811594,38,31,620972,215661,34.729585230896085
20,3,0.005,0.003,random_forest,200,10,0.5,0.5751582666481093,True,0.6634083497725352,0.5,0.000885103939908619,0.0017670797812641785,0.5732799045287292,0.38607401920792345,0.5,37,37,620972,213297,34.34889173746964
20,6,0.015,0.005,random_forest,100,10,0.55,0.5880994094334647,True,0.708442368855429,0.5517241379310345,0.0008835873647006848,0.0017643491205822353,0.5687844734209258,0.3366894635287593,0.5517241379310345,32,26,620972,177989,28.66296709030359
30,12,0.015,0.005,random_forest,100,5,0.55,0.5371087342579208,True,0.6964284265771137,0.55,0.0008816457387122629,0.0017604694585222726,0.5513320778043059,0.3347382828403277,0.55,33,27,616392,186753,30.297765058599076
15,3,0.015,0.008,random_forest,200,10,0.55,0.6191920610120879,True,0.6994296166157252,0.559322033898305,0.0008806105566526124,0.0017584525617456638,0.5946099074089152,0.35941295753474584,0.559322033898305,33,26,623262,180854,29.017331395143614
15,3,0.015,0.008,xgboost,100,15,0.55,0.8602684140205383,True,0.6994215943459042,0.55,0.0008806105566526124,0.0017584057121543134,0.5871119695321696,0.3574902676545694,0.55,33,27,623262,180854,29.017331395143614
15,12,0.005,0.003,random_forest,200,10,0.55,0.6359721462819757,True,0.6538149904133875,0.5507246376811594,0.0008804448563484708,0.0017580790672927895,0.577261271847783,0.40370635777019936,0.5507246376811594,38,31,623262,222291,35.66573928781155
15,6,0.015,0.005,random_forest,100,15,0.55,0.6068543176541399,False,0.7084546701643764,0.5333333333333333,0.0008804270070984427,0.0017579519859363842,0.5685163682985905,0.33735725964135743,0.5333333333333333,32,28,623262,178667,28.666435624183727
30,12,0.01,0.003,xgboost,100,5,0.55,0.7999172210693359,True,0.7043048694424842,0.5517241379310345,0.0008776982363751063,0.0017526083741818878,0.5719070973299498,0.3432898233895325,0.5517241379310345,32,26,616392,184268,29.894612519305895
30,3,0.01,0.003,random_forest,100,15,0.55,0.6202398786824418,True,0.721964000356914,0.6382978723404256,0.0008749161538685876,0.0017474370922646784,0.5759596761346629,0.3289290269154514,0.6382978723404256,30,17,616392,169603,27.51544471699827
30,6,0.005,0.003,random_forest,200,10,0.55,0.5942134967786056,True,0.6566811865767892,0.5522388059701493,0.0008740639247832557,0.0017453653474220482,0.5748000203867976,0.3970751905697967,0.5522388059701493,37,30,616392,217402,35.27008786616309
30,3,0.015,0.005,xgboost,200,10,0.55,0.8455193638801575,True,0.7389011916060318,0.56,0.0008697272783748525,0.0017367572261506017,0.5916949788634732,0.32231745011282714,0.56,28,22,616392,155288,25.19305896247842
15,12,0.01,0.003,random_forest,100,15,0.55,0.5908470449171899,True,0.7045558470313591,0.5517241379310345,0.000868762556333822,0.001734793451154722,0.5632672106870625,0.3374747798551026,0.5517241379310345,32,26,623262,186123,29.862722258055204
20,3,0.015,0.005,xgboost,100,10,0.55,0.8226873278617859,True,0.7392407101735174,0.56,0.0008644376524343182,0.0017262106593508215,0.5955748436203099,0.3230288914438021,0.56,28,22,620972,156263,25.16425861391496
20,3,0.01,0.005,xgboost,100,10,0.55,0.8440088033676147,True,0.674036796972503,0.5645161290322581,0.0008643896174458522,0.0017261361674845263,0.5707528208298474,0.3762069356789546,0.5645161290322581,35,27,620972,200227,32.244126949363256
30,3,0.015,0.003,random_forest,100,15,0.55,0.6438132365700607,True,0.7745682557450985,0.5581395348837209,0.0008634335875665563,0.0017241998635008442,0.601299929576037,0.2878473855716987,0.5581395348837209,24,19,616392,134008,21.740710456981923
20,6,0.015,0.008,xgboost,100,5,0.55,0.8149056434631348,True,0.6549700068440758,0.5522388059701493,0.0008633160670119931,0.001723937099592312,0.570568398230783,0.3939569747025725,0.5522388059701493,37,30,620972,211055,33.98784486257029
20,6,0.01,0.005,random_forest,200,10,0.55,0.5679021172580394,True,0.6546157252707436,0.5522388059701493,0.0008624306559134773,0.0017221717982731737,0.5601238567614293,0.3864007985991764,0.5522388059701493,37,30,620972,215661,34.729585230896085
15,6,0.015,0.008,random_forest,200,15,0.55,0.616208978915505,True,0.6550504199658251,0.5522388059701493,0.0008603450681300284,0.001718013604810438,0.5674322374056311,0.39160266815166583,0.5522388059701493,37,30,623262,211891,33.9970991332698
20,6,0.01,0.003,random_forest,200,5,0.55,0.5410329601258399,False,0.7096743025081526,0.4025974025974026,0.0008601076521835636,0.001716548077189291,0.5602754209896955,0.3260110762899074,0.4025974025974026,31,46,620972,181090,29.16234548417642
20,6,0.01,0.003,random_forest,200,5,0.5,0.5410329601258399,False,0.7096743025081526,0.4025974025974026,0.0008601076521835636,0.001716548077189291,0.5602754209896955,0.3260110762899074,0.4025974025974026,31,46,620972,181090,29.16234548417642
20,12,0.015,0.003,random_forest,200,15,0.55,0.5993116532852852,True,0.746092837875921,0.5510204081632653,0.0008560829449253306,0.001709509940483728,0.574190445899817,0.30209994395494116,0.5510204081632653,27,22,620972,156808,25.252024245859715
20,12,0.015,0.003,xgboost,100,5,0.5,0.7719247341156006,True,0.7460606304601635,0.5094339622641509,0.0008560829449253306,0.001709293492023297,0.5797862281381412,0.3046932325272872,0.5094339622641509,27,26,620972,156808,25.252024245859715
15,12,0.015,0.003,xgboost,100,15,0.55,0.8269972801208496,True,0.746135271513722,0.5625,0.0008530536159994945,0.0017035237704659454,0.5496949066866076,0.2876507767188885,0.5625,27,21,623262,157384,25.251659815615263
15,12,0.015,0.003,random_forest,100,15,0.5,0.6010076395058508,True,0.746087137894796,0.5,0.0008530536159994945,0.0017032013877937235,0.5710331707259676,0.2998201247000278,0.5,27,27,623262,157384,25.251659815615263
10,6,0.015,0.005,random_forest,100,15,0.55,0.611849326928753,True,0.7082830446563452,0.5636363636363636,0.0008492220030681569,0.0016958888372220248,0.5667406697785222,0.33653015794883495,0.5636363636363636,31,24,625552,179524,28.698493490549147
10,6,0.015,0.005,xgboost,200,5,0.5,0.8023672699928284,True,0.7082350872425286,0.5081967213114754,0.0008492220030681569,0.0016956105565431423,0.5712363516047306,0.33915541973075,0.5081967213114754,31,30,625552,179524,28.698493490549147
20,12,0.01,0.005,xgboost,100,5,0.55,0.8225162625312805,False,0.6466765972865253,0.5362318840579711,0.0008430934694435583,0.0016835399840746219,0.5642306297696917,0.3984901853408697,0.5362318840579711,37,32,620972,222184,35.78003517066792
30,12,0.005,0.003,xgboost,100,10,0.55,0.8790379166603088,True,0.6535014073767633,0.5538461538461539,0.0008426374552348852,0.0016827147798448164,0.578930546121119,0.4082725296945103,0.5538461538461539,36,29,616392,220054,35.70033355397214
15,12,0.01,0.005,xgboost,200,15,0.5,0.893052875995636,True,0.6466270366537508,0.5,0.0008399736656904811,0.0016771298415792218,0.5513129148273854,0.3903731674201092,0.5,37,37,623262,223023,35.78318588330429
20,6,0.01,0.005,random_forest,100,10,0.55,0.5696019026936177,True,0.6546398808325617,0.5806451612903226,0.0008391217192671671,0.0016758216180988734,0.5597582886924795,0.386044438650102,0.5806451612903226,36,26,620972,215661,34.729585230896085
10,6,0.005,0.003,xgboost,100,5,0.5,0.8326147198677063,True,0.656840725435813,0.5070422535211268,0.0008384962966413565,0.0016742239274502965,0.5824567900677432,0.39843138580280857,0.5070422535211268,36,35,625552,220541,35.25542241092667
30,6,0.01,0.003,random_forest,200,10,0.5,0.5796891821930332,True,0.7095693508221189,0.5172413793103449,0.0008378484052952019,0.0016729868391701986,0.5672784839832854,0.33309502193688906,0.5172413793103449,30,28,616392,179939,29.19229970538229
15,6,0.015,0.008,xgboost,200,10,0.55,0.8714637160301208,True,0.6550905313149302,0.6,0.0008370924987211087,0.0016718525054567408,0.5644119408963231,0.3892561129143278,0.6,36,24,623262,211891,33.9970991332698
15,3,0.01,0.003,xgboost,100,15,0.5,0.845076322555542,True,0.7221246179393997,0.5178571428571429,0.0008371824480369515,0.001671662439474291,0.5595013137889321,0.3171996848712645,0.5178571428571429,29,27,623262,171350,27.492451007762387
10,3,0.01,0.003,random_forest,200,10,0.5,0.5921717594293794,True,0.7220148508124785,0.5178571428571429,0.0008337885627210258,0.0016648965180698682,0.5740549257599001,0.3246846749226761,0.5178571428571429,29,27,625552,172139,27.51793615878456
20,12,0.015,0.005,xgboost,100,5,0.55,0.7910445332527161,True,0.6967349732275856,0.5535714285714286,0.0008229360233607645,0.0016434289349520224,0.5649121562141829,0.3466523790327863,0.5535714285714286,31,25,620972,187935,30.264649613831217
10,3,0.015,0.003,xgboost,200,10,0.55,0.8300822377204895,True,0.774783991815268,0.5897435897435898,0.000816065852966222,0.0016298763419905751,0.5920611116554672,0.2851036978508695,0.5897435897435898,23,16,625552,136036,21.74655344399826
20,6,0.01,0.005,random_forest,100,5,0.5,0.5334876139451192,True,0.654559362293168,0.5,0.0008158127826208569,0.0016289676998976078,0.5522866687328286,0.37997797027657265,0.5,35,35,620972,215661,34.729585230896085
10,6,0.005,0.003,xgboost,100,15,0.55,0.8854275345802307,True,0.6568966757519323,0.5645161290322581,0.0008152047328457633,0.0016280584240394456,0.5665624938057782,0.3912089200518053,0.5645161290322581,35,27,625552,220541,35.25542241092667
15,6,0.015,0.003,random_forest,200,10,0.5,0.5988431493168482,True,0.7534435593206742,0.5,0.0008134313789288735,0.0016242203742203743,0.5802866531936838,0.2956614466063938,0.5,25,25,623262,150712,24.181162978009247
15,3,0.01,0.005,random_forest,100,15,0.55,0.6103515695547437,True,0.6739990212830819,0.559322033898305,0.0008119279598464718,0.0016215021005822666,0.5689628044091315,0.3724230900242375,0.559322033898305,33,26,623262,201004,32.25032169456826
10,12,0.01,0.003,xgboost,200,15,0.55,0.8654286861419678,True,0.7043905012349034,0.5555555555555556,0.0008110300081103001,0.0016196954972465176,0.5496911466743549,0.33243246607138044,0.5555555555555556,30,24,625552,186961,29.88736348057396
10,12,0.01,0.003,random_forest,200,15,0.55,0.5850924975675609,True,0.7043905012349034,0.5555555555555556,0.0008110300081103001,0.0016196954972465176,0.5625639064284103,0.337757623349155,0.5555555555555556,30,24,625552,186961,29.88736348057396
10,6,0.01,0.005,random_forest,200,5,0.55,0.5331362891321964,True,0.6544348618426837,0.5555555555555556,0.0008094169885062788,0.0016164788472196564,0.5530641340305835,0.38105253610601897,0.5555555555555556,35,28,625552,217445,34.76049952681791
20,6,0.01,0.003,random_forest,200,15,0.55,0.5973243574559463,True,0.7098433914408793,0.5576923076923077,0.0008046168359136563,0.0016069152767773038,0.5695233196367461,0.3367754029917307,0.5576923076923077,29,23,620972,181090,29.16234548417642
30,12,0.015,0.005,xgboost,200,15,0.55,0.8774977922439575,True,0.6964689849852773,0.6122448979591837,0.0008014961261020571,0.0016008965020411431,0.5549221466515244,0.34769432264959116,0.6122448979591837,30,19,616392,186753,30.297765058599076
30,12,0.015,0.005,random_forest,200,5,0.55,0.5366193152788528,True,0.6964365382587464,0.5660377358490566,0.0008014961261020571,0.0016007256623002428,0.5512658892622813,0.33495125934567105,0.5660377358490566,30,23,616392,186753,30.297765058599076
15,3,0.015,0.005,random_forest,100,15,0.55,0.6328067094110268,True,0.7392922753563893,0.5652173913043478,0.0007999015505783904,0.001597542242703533,0.5936143296792862,0.32003004477295915,0.5652173913043478,26,20,623262,156869,25.169030038731705
15,3,0.015,0.005,random_forest,200,10,0.5,0.6154906116206057,True,0.7392441417374632,0.5,0.0007999015505783904,0.0015972478191424008,0.5922628192614041,0.3183363523231678,0.5,26,26,623262,156869,25.169030038731705
15,12,0.01,0.008,random_forest,200,5,0.55,0.5304342575230538,True,0.5780045406047187,0.5526315789473685,0.0007983121400467583,0.001594321179797673,0.5568071633651244,0.4600573759086293,0.5526315789473685,42,34,623262,267143,42.86207084661026
15,12,0.01,0.008,random_forest,100,5,0.5,0.5308294684585416,True,0.5779724515254346,0.525,0.0007983121400467583,0.001594200148032871,0.5569708280076207,0.46003691087294313,0.525,42,38,623262,267143,42.86207084661026
30,12,0.015,0.003,random_forest,100,5,0.55,0.5524566252177581,False,0.745715004177516,0.4716981132075472,0.0007975753708725474,0.0015924581183514874,0.5683526704744871,0.29358994473029776,0.4716981132075472,25,28,616392,155837,25.282125660294096
30,12,0.015,0.003,random_forest,100,5,0.5,0.552456625217758,False,0.745715004177516,0.4716981132075472,0.0007975753708725474,0.0015924581183514874,0.5683526704744871,0.29358994473029776,0.4716981132075472,25,28,616392,155837,25.282125660294096
30,3,0.015,0.003,xgboost,100,10,0.55,0.8200370669364929,True,0.7745682557450985,0.5641025641025641,0.0007914807886026767,0.0015807436680438298,0.6036222550879071,0.29134156733577765,0.5641025641025641,22,17,616392,134008,21.740710456981923
20,12,0.005,0.003,random_forest,200,10,0.5,0.6493630714329686,True,0.6537058657755949,0.5,0.0007905505952380952,0.0015786052558269105,0.5775888731576739,0.4040214918712093,0.5,34,34,620972,221474,35.66569829235456
30,3,0.01,0.003,random_forest,100,10,0.55,0.5947462183746777,True,0.7219396653120158,0.6136363636363636,0.0007874245384817288,0.0015728308041825648,0.575300382881753,0.32449277214779826,0.6136363636363636,27,17,616392,169603,27.51544471699827
10,12,0.015,0.003,random_forest,100,15,0.55,0.6079794890638589,True,0.7459456003069275,0.5555555555555556,0.0007864108210128972,0.001570598397989634,0.5702916830524375,0.29954465708817635,0.5555555555555556,25,20,625552,158145,25.28087193390797
30,6,0.01,0.003,xgboost,100,5,0.55,0.7984324097633362,True,0.7096180209119153,0.5833333333333334,0.0007819918449421885,0.0015618898867629833,0.5761976540233158,0.34112862203857836,0.5833333333333334,28,20,616392,179939,29.19229970538229
15,6,0.015,0.003,xgboost,100,5,0.55,0.7678117752075195,True,0.7534916929396003,0.5714285714285714,0.0007808941237717186,0.0015596568754873928,0.587155515669494,0.3009510415261028,0.5714285714285714,24,18,623262,150712,24.181162978009247
20,6,0.01,0.003,xgboost,100,15,0.55,0.853805661201477,True,0.709859495148758,0.5833333333333334,0.0007768714277787026,0.0015516763646439458,0.5561006957680178,0.33136395493182896,0.5833333333333334,28,20,620972,181090,29.16234548417642
20,6,0.005,0.003,random_forest,100,5,0.5,0.5557353836286874,True,0.6569024517895246,0.5409836065573771,0.0007743570489956823,0.0015465004569205896,0.5681642675795184,0.3904019254881839,0.5409836065573771,33,28,620972,218805,35.23588825261042
15,12,0.015,0.008,xgboost,100,15,0.55,0.8834087252616882,True,0.6363825980923042,0.5555555555555556,0.0007720645004742682,0.0015419860780685522,0.547700324596362,0.39703949429315666,0.5555555555555556,35,28,623262,227060,36.43090706637016
20,6,0.015,0.008,xgboost,200,5,0.55,0.8349874019622803,True,0.6549700068440758,0.559322033898305,0.0007699846003079939,0.001537852133187315,0.5729191060186648,0.3971109673526284,0.559322033898305,33,26,620972,211055,33.98784486257029
20,6,0.01,0.005,xgboost,200,15,0.55,0.8923893570899963,True,0.6546157252707436,0.559322033898305,0.0007691949093282365,0.001536277088522148,0.5586631209148062,0.39016029651043965,0.559322033898305,33,26,620972,215661,34.729585230896085
15,12,0.015,0.005,xgboost,200,15,0.55,0.8634003400802612,True,0.6967822675747876,0.5576923076923077,0.0007671348834748565,0.0015321621978602563,0.54999366744035,0.339288848732263,0.5576923076923077,29,23,623262,188637,30.266083926181924
15,12,0.015,0.005,xgboost,100,15,0.55,0.8574914932250977,True,0.6967822675747876,0.5576923076923077,0.0007671348834748565,0.0015321621978602563,0.5480832795403849,0.33731133287650783,0.5576923076923077,29,23,623262,188637,30.266083926181924
15,6,0.01,0.005,xgboost,100,5,0.5,0.8166232705116272,True,0.6545369946972797,0.5,0.0007663191138564428,0.0015302928424030236,0.5651247380621641,0.3900880218074013,0.5,33,33,623262,216486,34.73434927847358
20,3,0.005,0.003,xgboost,100,5,0.55,0.8265406489372253,True,0.6634566608961714,0.5517241379310345,0.0007654952993804273,0.0015288693533360407,0.5836587888332667,0.3934186217138205,0.5517241379310345,32,26,620972,213297,34.34889173746964
20,3,0.005,0.003,xgboost,200,10,0.5,0.8692271709442139,True,0.6634083497725352,0.5,0.0007654952993804273,0.0015286502495999235,0.5765730869985775,0.39165702427587734,0.5,32,32,620972,213297,34.34889173746964
15,12,0.005,0.003,xgboost,100,5,0.55,0.8553124070167542,False,0.6537748790642824,0.515625,0.0007645968489341983,0.001526929483620211,0.5854885126507281,0.40787802459399286,0.515625,33,31,623262,222291,35.66573928781155
20,12,0.01,0.003,xgboost,200,15,0.55,0.8668347597122192,True,0.7045774789645316,0.56,0.000763025942882058,0.0015239753986828499,0.5532486548982031,0.33561364514724007,0.56,28,22,620972,185430,29.861249782598893
20,12,0.01,0.003,random_forest,200,5,0.55,0.5373653193630483,False,0.7044244937396835,0.4057971014492754,0.000763025942882058,0.001523187814497484,0.5556051423234305,0.3287843949282573,0.4057971014492754,28,41,620972,185430,29.861249782598893
20,12,0.01,0.003,random_forest,200,5,0.5,0.5373653193630484,False,0.7044244937396835,0.4057971014492754,0.000763025942882058,0.001523187814497484,0.5556051423234305,0.3287843949282573,0.4057971014492754,28,41,620972,185430,29.861249782598893
15,12,0.01,0.003,xgboost,100,15,0.55,0.8550207018852234,True,0.7045558470313591,0.56,0.0007601672367920942,0.0015182735061273181,0.5496781150529974,0.33322885911545946,0.56,28,22,623262,186123,29.862722258055204
30,12,0.01,0.005,random_forest,100,10,0.5,0.5672160973939835,True,0.6463306808134395,0.5076923076923077,0.0007568633746932409,0.0015114734576100399,0.5551248248869713,0.39289497023590286,0.5076923076923077,33,32,616392,220790,35.81973808874872
20,6,0.005,0.003,random_forest,100,5,0.55,0.5557572073884354,True,0.6569105036434639,0.5517241379310345,0.0007508916838746011,0.0014997422318039086,0.5681642675795184,0.3904019254881839,0.5517241379310345,32,26,620972,218805,35.23588825261042
30,6,0.015,0.005,random_forest,200,5,0.55,0.5515736638141142,True,0.7081660298996585,0.5510204081632653,0.0007503751875937969,0.001498709444644889,0.5610720927754594,0.32854154127751606,0.5510204081632653,27,22,616392,176858,28.69245545042765
20,6,0.01,0.003,xgboost,100,10,0.5,0.8292229175567627,True,0.709795080317243,0.5,0.000749126019643749,0.0014960106382978723,0.5711199329609653,0.3416235582858986,0.5,27,27,620972,181090,29.16234548417642
30,3,0.005,0.003,random_forest,100,5,0.55,0.5489570301190254,False,0.6631786435645973,0.5081967213114754,0.0007465562084577594,0.0014909222075267525,0.564972702383981,0.38066719149084605,0.5081967213114754,31,30,616392,211913,34.379583122428585
30,3,0.005,0.003,random_forest,100,5,0.5,0.5489570301190255,True,0.6631786435645973,0.5081967213114754,0.0007465562084577594,0.0014909222075267525,0.564972702383981,0.38066719149084605,0.5081967213114754,31,30,616392,211913,34.379583122428585
15,6,0.01,0.003,random_forest,100,15,0.55,0.5960723266749705,True,0.7098024114943082,0.5510204081632653,0.000746289283838691,0.0014905597880092746,0.5672121144486085,0.33508948511462006,0.5510204081632653,27,22,623262,181774,29.16494187035308
20,6,0.01,0.005,random_forest,100,15,0.55,0.5986348469712296,True,0.6546157252707436,0.5614035087719298,0.0007458859726819263,0.001489792592937452,0.5630222792931215,0.3904633735172262,0.5614035087719298,32,25,620972,215661,34.729585230896085
20,6,0.01,0.005,random_forest,100,5,0.55,0.5336072284840172,True,0.6546076734168043,0.5517241379310345,0.0007458859726819263,0.0014897579143389199,0.5522866687328286,0.37997797027657265,0.5517241379310345,32,26,620972,215661,34.729585230896085
30,3,0.01,0.005,random_forest,100,5,0.5,0.5445780904607733,True,0.6736994946422343,0.5172413793103449,0.000745749229392463,0.0014893511393536216,0.5560251292859775,0.36088149614688597,0.5172413793103449,30,28,616392,198938,32.27459149372478
20,6,0.015,0.005,xgboost,100,10,0.55,0.828335702419281,True,0.708442368855429,0.5625,0.0007455268389662028,0.0014890800794176043,0.5681208769727875,0.33832404854831416,0.5625,27,21,620972,177989,28.66296709030359
10,6,0.005,0.003,random_forest,100,15,0.5,0.6034553852140998,False,0.6567927680219965,0.463768115942029,0.0007453300414589836,0.0014882682603539288,0.5761700396770146,0.39623220299848855,0.463768115942029,32,37,625552,220541,35.25542241092667
10,6,0.005,0.003,random_forest,100,15,0.55,0.6034553852140999,False,0.6567927680219965,0.463768115942029,0.0007453300414589836,0.0014882682603539288,0.5761700396770146,0.39623220299848855,0.463768115942029,32,37,625552,220541,35.25542241092667
10,6,0.015,0.003,xgboost,100,15,0.5,0.8252547979354858,True,0.7532830846208567,0.5111111111111111,0.0007451082026694311,0.0014880470999255977,0.5573156014111565,0.2853848235394245,0.5111111111111111,23,22,625552,151449,24.21045732409136
10,6,0.015,0.003,random_forest,200,15,0.5,0.6146381524085579,True,0.7532750917185539,0.5,0.0007451082026694311,0.0014879989648702854,0.5790994633074842,0.29767835350166433,0.5,23,23,625552,151449,24.21045732409136
20,3,0.005,0.003,xgboost,100,10,0.55,0.8532592058181763,True,0.6634647127501108,0.5636363636363636,0.0007415735712747889,0.001481198337235415,0.5779629788297445,0.39191566031736597,0.5636363636363636,31,24,620972,213297,34.34889173746964
20,3,0.005,0.003,random_forest,200,15,0.55,0.5947917509790168,True,0.6634566608961714,0.5535714285714286,0.0007415735712747889,0.0014811629518144246,0.576786445400228,0.38950481761181993,0.5535714285714286,31,25,620972,213297,34.34889173746964
15,12,0.015,0.005,xgboost,100,5,0.5,0.7918983697891235,True,0.6967742453049666,0.5490196078431373,0.0007406819564584822,0.0014793680984836477,0.5613741879830885,0.34433773660426636,0.5490196078431373,28,23,623262,188637,30.266083926181924
10,6,0.015,0.005,xgboost,100,5,0.5,0.7831724882125854,True,0.7082270943402259,0.5,0.0007396449704142012,0.0014771048744460858,0.569588554838407,0.3369015473870887,0.5,27,27,625552,179524,28.698493490549147
30,12,0.015,0.003,random_forest,200,5,0.5,0.5521985202962914,True,0.7457555625856797,0.5227272727272727,0.0007337693412027437,0.0014654815381184491,0.5688407660578267,0.29415533396249793,0.5227272727272727,23,21,616392,155837,25.282125660294096
15,12,0.01,0.003,xgboost,100,10,0.5,0.832611083984375,True,0.704523757952075,0.5192307692307693,0.0007330184069066623,0.0014639700699452367,0.5626747734713029,0.3402925136358784,0.5192307692307693,27,25,623262,186123,29.862722258055204
20,12,0.015,0.003,xgboost,100,5,0.55,0.7744414210319519,True,0.746092837875921,0.5609756097560976,0.0007292558419734297,0.0014566181127295757,0.5797862281381412,0.3046932325272872,0.5609756097560976,23,18,620972,156808,25.252024245859715
20,12,0.015,0.003,random_forest,100,15,0.5,0.6031138669616368,True,0.7460606304601635,0.5111111111111111,0.0007292558419734297,0.0014564336372847012,0.5725354039467594,0.30011344494798287,0.5111111111111111,23,22,620972,156808,25.252024245859715
20,12,0.01,0.005,xgboost,100,15,0.55,0.8886153697967529,True,0.6466846491404646,0.5517241379310345,0.0007291619195187531,0.0014563990533406153,0.5509499924994341,0.39144351724220844,0.5517241379310345,32,26,620972,222184,35.78003517066792
15,12,0.015,0.008,xgboost,100,10,0.55,0.8570548892021179,True,0.6363745758224832,0.55,0.0007279465290185957,0.0014539686735840329,0.5551412465333714,0.40378067798246514,0.55,33,27,623262,227060,36.43090706637016
15,12,0.015,0.008,random_forest,100,5,0.5,0.5360454194542799,True,0.636326442203557,0.5,0.0007279465290185957,0.0014537765149012093,0.5454949820868911,0.39317136149168214,0.5,33,33,623262,227060,36.43090706637016
15,6,0.005,0.003,xgboost,100,10,0.55,0.8643149733543396,True,0.6569757647228707,0.5740740740740741,0.0007248579512240746,0.001447887718642722,0.5772585505216405,0.3989776820413525,0.5740740740740741,31,23,623262,219616,35.236545786523166
20,12,0.01,0.008,xgboost,100,5,0.55,0.8541969060897827,True,0.5779620757679456,0.5507246376811594,0.000724886498035176,0.001447867253433922,0.5661222338430727,0.46875037110701373,0.5507246376811594,38,31,620972,266109,42.85362302970182
20,3,0.01,0.003,xgboost,200,15,0.55,0.859637975692749,True,0.7221868835299328,0.5681818181818182,0.0007244486945434524,0.0014470523543541804,0.5646472005100486,0.3235978386995996,0.5681818181818182,25,19,620972,170695,27.488356962954853
20,12,0.005,0.003,random_forest,100,5,0.55,0.5695304237439821,True,0.6537622287531705,0.5636363636363636,0.000720796130952381,0.0014397510623969532,0.5696982932132139,0.39848793952603806,0.5636363636363636,31,24,620972,221474,35.66569829235456
10,3,0.01,0.003,random_forest,100,15,0.55,0.6139913650414134,True,0.7220388295193868,0.5555555555555556,0.0007187832437250223,0.0014357089530810314,0.5745767179930898,0.3277318460414452,0.5555555555555556,25,20,625552,172139,27.51793615878456
10,3,0.01,0.003,xgboost,200,10,0.5,0.8415711522102356,True,0.721998865007873,0.5,0.0007187832437250223,0.0014355028566506848,0.5706399769406251,0.3281768112635079,0.5,25,25,625552,172139,27.51793615878456
10,6,0.015,0.008,random_forest,100,15,0.55,0.6151026688885257,True,0.654850492762427,0.5535714285714286,0.0007177919792534964,0.0014337249098140782,0.5661364296398652,0.390388215127092,0.5535714285714286,31,25,625552,212869,34.02898559991815
20,12,0.015,0.005,xgboost,100,15,0.55,0.8662538528442383,True,0.696743025081525,0.574468085106383,0.0007167507300238916,0.0014317151417132857,0.547284389971856,0.3374801453126988,0.574468085106383,27,20,620972,187935,30.264649613831217
10,3,0.01,0.008,xgboost,200,10,0.55,0.8841300010681152,True,0.6203611193260384,0.5573770491803278,0.0007157292017514314,0.0014296226216756018,0.5719148635161773,0.4314460772772255,0.5573770491803278,34,27,625552,234823,37.53852597385989
15,6,0.015,0.005,random_forest,200,10,0.5,0.5861335719383832,True,0.7084225810850923,0.5,0.0007153469432674847,0.0014286499258201,0.5677938513168798,0.3349457189975888,0.5,26,26,623262,178667,28.666435624183727
15,3,0.005,0.003,random_forest,200,10,0.5,0.5727150239265671,True,0.6634818255477205,0.5172413793103449,0.0007151370679380214,0.0014282993715482766,0.5729868172679362,0.38560536049239497,0.5172413793103449,30,28,623262,214089,34.349759812085445
15,12,0.015,0.005,xgboost,100,5,0.55,0.7921474575996399,True,0.6967742453049666,0.5510204081632653,0.0007142290294421078,0.001426608897812533,0.5613741879830885,0.34433773660426636,0.5510204081632653,27,22,623262,188637,30.266083926181924
10,6,0.015,0.003,xgboost,100,15,0.55,0.8277292251586914,True,0.753307063327765,0.55,0.0007127121938577168,0.001423579655752556,0.5573156014111565,0.2853848235394245,0.55,22,18,625552,151449,24.21045732409136
20,12,0.01,0.003,random_forest,200,15,0.55,0.5895533118707571,True,0.7045694271105922,0.5531914893617021,0.0007085240898190539,0.0014152355550717144,0.5664340633044901,0.3409035490082424,0.5531914893617021,26,21,620972,185430,29.861249782598893
20,12,0.015,0.008,xgboost,100,5,0.55,0.8273630738258362,True,0.6362655501429204,0.5517241379310345,0.0007082779991146526,0.0014147398205048853,0.558689362303015,0.4060061716905268,0.5517241379310345,32,26,620972,226182,36.423864522071845
30,3,0.015,0.008,random_forest,100,5,0.5,0.5885924662755272,True,0.6989511595648894,0.5306122448979592,0.0007005065200991486,0.001399165881878111,0.5890583210372166,0.352055001903571,0.5306122448979592,26,23,616392,178995,29.03915041077756
15,12,0.015,0.003,random_forest,100,15,0.55,0.6047788613184993,True,0.7461432937835432,0.5945945945945946,0.0006950807241477363,0.0013885382479171926,0.5710331707259676,0.2998201247000278,0.5945945945945946,22,15,623262,157384,25.251659815615263
20,6,0.01,0.003,xgboost,100,5,0.5,0.7950491309165955,True,0.709795080317243,0.5,0.0006936352033738416,0.00138534855369611,0.5760713925404952,0.3395821484273205,0.5,25,25,620972,181090,29.16234548417642
30,6,0.015,0.003,xgboost,100,5,0.55,0.7754161953926086,True,0.7532020863245159,0.6,0.0006900630914826499,0.0013785407161847245,0.5877570707072252,0.3025548473065979,0.6,21,14,616392,149207,24.206511440771457
20,3,0.015,0.003,random_forest,200,15,0.55,0.6360466908348328,True,0.7749023712709852,0.5588235294117647,0.0006795422031473533,0.0013574337358005287,0.6034420439563888,0.289227395938707,0.5588235294117647,19,15,620972,134836,21.71370045670336
15,12,0.01,0.003,xgboost,100,10,0.55,0.8352894186973572,True,0.7045718915710011,0.5952380952380952,0.0006787207471357985,0.0013558954333441804,0.5626747734713029,0.3402925136358784,0.5952380952380952,25,17,623262,186123,29.862722258055204
15,12,0.01,0.003,random_forest,200,5,0.5,0.5370187302863605,False,0.7044194684444016,0.4098360655737705,0.0006787207471357985,0.001355197181189863,0.5548506582404593,0.3295970688719275,0.4098360655737705,25,36,623262,186123,29.862722258055204
15,12,0.01,0.003,random_forest,200,5,0.55,0.5370187302863604,False,0.7044194684444016,0.4098360655737705,0.0006787207471357985,0.001355197181189863,0.5548506582404593,0.3295970688719275,0.4098360655737705,25,36,623262,186123,29.862722258055204
15,6,0.015,0.008,xgboost,100,10,0.55,0.8516791462898254,True,0.6550664645054671,0.5918367346938775,0.0006743245128586709,0.0013471141563116944,0.5648101401862713,0.3894299368903175,0.5918367346938775,29,20,623262,211891,33.9970991332698
30,3,0.005,0.003,random_forest,200,5,0.55,0.5471184407105752,False,0.6631380851564338,0.4666666666666667,0.0006743088334457181,0.0013466717968449403,0.5647328233659095,0.38028065289894175,0.4666666666666667,28,32,616392,211913,34.379583122428585
30,3,0.005,0.003,random_forest,200,5,0.5,0.5471184407105751,False,0.6631380851564338,0.4666666666666667,0.0006743088334457181,0.0013466717968449403,0.5647328233659095,0.38028065289894175,0.4666666666666667,28,32,616392,211913,34.379583122428585
30,3,0.015,0.008,random_forest,100,5,0.55,0.5886468957045339,True,0.6989754946097876,0.5681818181818182,0.0006735639616337968,0.0013455328310010765,0.5890583210372166,0.352055001903571,0.5681818181818182,25,19,616392,178995,29.03915041077756
15,3,0.005,0.003,xgboost,100,5,0.5,0.8296400308609009,True,0.6634657810080784,0.5,0.00066746126340882,0.0013331428843498547,0.5823478594232183,0.3921951213745014,0.5,28,28,623262,214089,34.349759812085445
20,3,0.01,0.003,xgboost,100,5,0.5,0.7940037250518799,True,0.7221466242602359,0.5111111111111111,0.0006664927989799762,0.001331249638247381,0.5830018405833716,0.3307462002963663,0.5111111111111111,23,22,620972,170695,27.488356962954853
20,3,0.01,0.003,xgboost,100,15,0.5,0.8500885963439941,True,0.7221385724062965,0.5,0.0006664927989799762,0.001331211112718854,0.5652069685089398,0.323557307031861,0.5,23,23,620972,170695,27.488356962954853
20,6,0.01,0.003,xgboost,100,10,0.55,0.8328002095222473,True,0.7098353395869399,0.5581395348837209,0.000665889795238888,0.0013301926008036581,0.5711199329609653,0.3416235582858986,0.5581395348837209,24,19,620972,181090,29.16234548417642
20,12,0.015,0.003,random_forest,100,15,0.55,0.6060323748477129,True,0.7461008897298603,0.5833333333333334,0.0006658422904974793,0.001330166270783848,0.5725354039467594,0.30011344494798287,0.5833333333333334,21,15,620972,156808,25.252024245859715
30,12,0.01,0.005,random_forest,100,10,0.55,0.5698742353356887,True,0.646371239221603,0.5576923076923077,0.0006651223595789087,0.0013286601149978237,0.5551248248869713,0.39289497023590286,0.5576923076923077,29,23,616392,220790,35.81973808874872
15,3,0.01,0.005,xgboost,100,5,0.55,0.8110662698745728,True,0.6739829767434398,0.5510204081632653,0.0006643046944198405,0.0013270095593836777,0.5728506620842566,0.37521302827158237,0.5510204081632653,27,22,623262,201004,32.25032169456826
15,12,0.015,0.003,xgboost,200,5,0.55,0.7923516631126404,False,0.7460069151965857,0.40384615384615385,0.0006634861457773847,0.0013247957606535659,0.5792657052478345,0.3050483329495394,0.40384615384615385,21,31,623262,157384,25.251659815615263
15,12,0.015,0.003,xgboost,200,5,0.5,0.7923516631126404,False,0.7460069151965857,0.40384615384615385,0.0006634861457773847,0.0013247957606535659,0.5792657052478345,0.3050483329495394,0.40384615384615385,21,31,623262,157384,25.251659815615263
10,3,0.01,0.003,xgboost,100,5,0.5,0.7832446098327637,True,0.7220068579101757,0.5111111111111111,0.0006612805842270205,0.001320852236834549,0.5795915505185993,0.32866232243972054,0.5111111111111111,23,22,625552,172139,27.51793615878456
10,12,0.015,0.003,random_forest,100,10,0.5,0.5914732033747387,True,0.7459056357954137,0.5,0.0006605850896508336,0.001319426991706459,0.5711041388600696,0.29797908344617674,0.5,21,21,625552,158145,25.28087193390797
10,12,0.015,0.003,xgboost,200,15,0.55,0.8428165316581726,False,0.7459056357954137,0.5,0.0006605850896508336,0.001319426991706459,0.5486942054537907,0.287581416615619,0.5,21,21,625552,158145,25.28087193390797
10,12,0.015,0.003,xgboost,200,15,0.5,0.8428165316581726,True,0.7459056357954137,0.5,0.0006605850896508336,0.001319426991706459,0.5486942054537907,0.287581416615619,0.5,21,21,625552,158145,25.28087193390797
10,6,0.015,0.005,random_forest,200,15,0.5,0.6095755447958979,True,0.7082590659494369,0.5454545454545454,0.0006574621959237344,0.0013133413593083068,0.5680105245915943,0.33770004545337706,0.5454545454545454,24,20,625552,179524,28.698493490549147
20,6,0.015,0.003,random_forest,200,10,0.5,0.5992453243050605,True,0.7534119731068079,0.5,0.0006530612244897959,0.0013044187184086092,0.5825067598414806,0.2972311012165314,0.5,20,20,620972,150151,24.17999523327944
15,12,0.01,0.003,random_forest,100,5,0.5,0.5369567408993112,False,0.7044515575236857,0.43636363636363634,0.0006515719172503665,0.0013012008999972891,0.5541886078437345,0.32909114992040384,0.43636363636363634,24,31,623262,186123,29.862722258055204
15,12,0.01,0.003,random_forest,100,5,0.55,0.5369567408993112,False,0.7044515575236857,0.43636363636363634,0.0006515719172503665,0.0013012008999972891,0.5541886078437345,0.32909114992040384,0.43636363636363634,24,31,623262,186123,29.862722258055204
15,6,0.015,0.003,random_forest,100,10,0.5,0.6019533932376483,True,0.7534836706697793,0.5714285714285714,0.0006507451031430989,0.0013000097500731255,0.5795468048801715,0.29506811267734157,0.5714285714285714,20,15,623262,150712,24.181162978009247
15,6,0.015,0.003,random_forest,100,10,0.55,0.6019533932376483,True,0.7534836706697793,0.5714285714285714,0.0006507451031430989,0.0013000097500731255,0.5795468048801715,0.29506811267734157,0.5714285714285714,20,15,623262,150712,24.181162978009247
15,6,0.015,0.003,random_forest,200,15,0.55,0.6151960041868197,True,0.7534756483999583,0.5555555555555556,0.0006507451031430989,0.0012999675008124798,0.5800871719207943,0.29802648609525767,0.5555555555555556,20,16,623262,150712,24.181162978009247
15,6,0.015,0.003,xgboost,100,15,0.5,0.8305840492248535,True,0.7534435593206742,0.5,0.0006507451031430989,0.0012997985312276597,0.5591348960342875,0.28560606952181605,0.5,20,20,623262,150712,24.181162978009247
10,12,0.01,0.003,xgboost,200,5,0.5,0.8109039068222046,False,0.7043105722118759,0.46153846153846156,0.0006488240064882401,0.001295826359267858,0.5709681987900714,0.34211846951771274,0.46153846153846156,24,28,625552,186961,29.88736348057396
10,12,0.01,0.003,xgboost,200,5,0.55,0.8109039068222046,False,0.7043105722118759,0.46153846153846156,0.0006488240064882401,0.001295826359267858,0.5709681987900714,0.34211846951771274,0.46153846153846156,24,28,625552,186961,29.88736348057396
20,3,0.015,0.005,xgboost,200,5,0.55,0.8065115213394165,True,0.7392246064656387,0.5526315789473685,0.0006483282393257386,0.0012951370686731013,0.6025538264838572,0.3262541507614042,0.5526315789473685,21,17,620972,156263,25.16425861391496
20,6,0.01,0.008,random_forest,200,5,0.55,0.5358623461517821,True,0.5900157011151818,0.55,0.0006480245071086325,0.001294523772163816,0.5585138676938458,0.44838349214791295,0.55,33,27,620972,256073,41.23744709906405
10,6,0.015,0.003,xgboost,100,10,0.5,0.8141747713088989,True,0.7532750917185539,0.5,0.000647920176234288,0.0012941633234114145,0.5761652381991769,0.2982562060691615,0.5,20,20,625552,151449,24.21045732409136
15,3,0.015,0.005,xgboost,100,10,0.55,0.8253098726272583,True,0.7392762308167473,0.5526315789473685,0.0006460743293133153,0.0012906397885809107,0.5928749125133449,0.32023440249453106,0.5526315789473685,21,17,623262,156869,25.169030038731705
15,3,0.015,0.005,xgboost,100,5,0.5,0.7776992917060852,True,0.7392682085469263,0.5384615384615384,0.0006460743293133153,0.001290600129060013,0.5983424279822447,0.3221955873727696,0.5384615384615384,21,18,623262,156869,25.169030038731705
20,3,0.005,0.003,random_forest,100,5,0.5,0.5476807783555995,True,0.6634083497725352,0.5,0.0006458866588522355,0.0012901067921733522,0.5654467768760354,0.37976039313498494,0.5,27,27,620972,213297,34.34889173746964
20,3,0.005,0.003,random_forest,100,10,0.5,0.5777653002910719,True,0.6634083497725352,0.5,0.0006458866588522355,0.0012901067921733522,0.572785870846727,0.3858178055659138,0.5,27,27,620972,213297,34.34889173746964
15,6,0.01,0.008,xgboost,100,15,0.55,0.9040368795394897,True,0.5900299230664324,0.55,0.000645666210135003,0.0012898182528825483,0.5631815453456657,0.45587009921148325,0.55,33,27,623262,257084,41.24814283559723
20,3,0.015,0.003,xgboost,100,5,0.55,0.7703611254692078,True,0.7749104231249245,0.5806451612903226,0.0006437768240343348,0.001286127683898396,0.609895144649561,0.29142547928093554,0.5806451612903226,18,13,620972,134836,21.71370045670336
15,3,0.005,0.003,random_forest,100,10,0.55,0.5738692206157702,False,0.6634497364684364,0.48214285714285715,0.0006436233611442193,0.001285530638480217,0.5728744012799827,0.3854573634669578,0.48214285714285715,27,29,623262,214089,34.349759812085445
15,3,0.005,0.003,random_forest,100,10,0.5,0.5738692206157701,False,0.6634497364684364,0.48214285714285715,0.0006436233611442193,0.001285530638480217,0.5728744012799827,0.3854573634669578,0.48214285714285715,27,29,623262,214089,34.349759812085445
15,3,0.01,0.005,xgboost,100,15,0.55,0.8757864236831665,True,0.6740150658227239,0.6046511627906976,0.0006397008168487353,0.001278049499840244,0.5608846463719519,0.36874293774059014,0.6046511627906976,26,17,623262,201004,32.25032169456826
30,6,0.015,0.005,xgboost,100,15,0.55,0.8597093820571899,True,0.7081660298996585,0.5609756097560976,0.0006392084931354566,0.0012769619409821503,0.5575305478221213,0.3327993623546886,0.5609756097560976,23,18,616392,176858,28.69245545042765
10,3,0.015,0.003,xgboost,100,15,0.5,0.8249290585517883,True,0.7747600131083597,0.5625,0.0006386602327561737,0.0012758718457612703,0.5806487779776243,0.27605398509156087,0.5625,18,14,625552,136036,21.74655344399826
10,3,0.015,0.003,xgboost,100,15,0.55,0.8249290585517883,True,0.7747600131083597,0.5625,0.0006386602327561737,0.0012758718457612703,0.5806487779776243,0.27605398509156087,0.5625,18,14,625552,136036,21.74655344399826
30,6,0.005,0.003,xgboost,100,10,0.55,0.8688082098960876,True,0.6566811865767892,0.574468085106383,0.0006378304315985921,0.0012742460710746142,0.5792080765806766,0.40316925215909827,0.574468085106383,27,20,616392,217402,35.27008786616309
15,12,0.01,0.005,random_forest,200,15,0.55,0.5868531720590658,True,0.646683192542498,0.5714285714285714,0.0006356557470090126,0.0012698988616263777,0.5606653021295387,0.396301831069831,0.5714285714285714,28,21,623262,223023,35.78318588330429
15,12,0.01,0.005,xgboost,200,5,0.5,0.8373995423316956,False,0.6466029698442878,0.4745762711864407,0.0006356557470090126,0.0012696109549288112,0.5639555513290264,0.39725750396003723,0.4745762711864407,28,31,623262,223023,35.78318588330429
15,12,0.01,0.005,xgboost,200,5,0.55,0.8373995423316956,False,0.6466029698442878,0.4745762711864407,0.0006356557470090126,0.0012696109549288112,0.5639555513290264,0.39725750396003723,0.4745762711864407,28,31,623262,223023,35.78318588330429
15,3,0.01,0.003,xgboost,100,15,0.55,0.851783275604248,True,0.7221486847488628,0.5641025641025641,0.0006351039260969977,0.0012687793765679518,0.5595013137889321,0.3171996848712645,0.5641025641025641,22,17,623262,171350,27.492451007762387
15,12,0.015,0.005,xgboost,200,10,0.55,0.8553783297538757,True,0.6967742453049666,0.5581395348837209,0.0006348702483929847,0.0012682978386091,0.5537938105663712,0.3410732787779119,0.5581395348837209,24,19,623262,188637,30.266083926181924
10,3,0.01,0.003,xgboost,100,5,0.55,0.7843251824378967,True,0.7220548153239923,0.5945945945945946,0.0006325292544780197,0.0012637141708311793,0.5795915505185993,0.32866232243972054,0.5945945945945946,22,15,625552,172139,27.51793615878456
10,6,0.015,0.005,random_forest,200,15,0.55,0.6101447715352051,True,0.7082670588517397,0.5609756097560976,0.0006300679377602454,0.0012587221234094952,0.5680105245915943,0.337700045453377,0.5609756097560976,23,18,625552,179524,28.698493490549147
10,6,0.015,0.005,xgboost,100,15,0.5,0.84671550989151,True,0.7082270943402259,0.5,0.0006300679377602454,0.0012585499316005472,0.5529119181296883,0.32814632360343277,0.5,23,23,625552,179524,28.698493490549147
20,3,0.005,0.003,random_forest,100,10,0.55,0.5787246501342085,True,0.663448609042232,0.5531914893617021,0.0006219649307465971,0.0012425328554360813,0.572785870846727,0.3858178055659138,0.5531914893617021,26,21,620972,213297,34.34889173746964
10,12,0.01,0.003,xgboost,200,10,0.5,0.8565613031387329,True,0.7043425438210869,0.5,0.0006217896728845634,0.0012420347769737552,0.5605682964144458,0.33697283318805205,0.5,23,23,625552,186961,29.88736348057396
20,6,0.015,0.003,xgboost,100,5,0.5,0.7723019123077393,True,0.7534200249607472,0.5135135135135135,0.0006204081632653061,0.0012393190268084275,0.5879739888722402,0.30122824925627467,0.5135135135135135,19,18,620972,150151,24.17999523327944
20,6,0.015,0.003,xgboost,100,5,0.55,0.7723019123077393,False,0.7534200249607472,0.5135135135135135,0.0006204081632653061,0.0012393190268084275,0.5879739888722402,0.30122824925627467,0.5135135135135135,19,18,620972,150151,24.17999523327944
15,3,0.005,0.003,random_forest,200,10,0.55,0.5733163079126837,False,0.6634818255477205,0.52,0.0006197854588796186,0.001238095238095238,0.5729868172679362,0.38560536049239497,0.52,26,24,623262,214089,34.349759812085445
15,3,0.005,0.003,random_forest,100,5,0.5,0.5434423149202421,True,0.6634657810080784,0.5,0.0006197854588796186,0.0012380362839864768,0.5656163022105163,0.38083797372993056,0.5,26,26,623262,214089,34.349759812085445
15,6,0.015,0.003,random_forest,200,10,0.55,0.6012043729572928,True,0.7534916929396003,0.59375,0.0006182078479859439,0.0012351296886173048,0.5802866531936838,0.2956614466063938,0.59375,19,13,623262,150712,24.181162978009247
20,3,0.01,0.005,random_forest,100,10,0.55,0.5856720375886817,True,0.6740126414106848,0.5555555555555556,0.0006174211553184658,0.0012334714821393329,0.5671858269239494,0.37017995179119695,0.5555555555555556,25,20,620972,200227,32.244126949363256
20,3,0.015,0.005,random_forest,200,15,0.5,0.633069972318569,True,0.7391923990498812,0.5,0.000617455466024513,0.0012333878079615183,0.5966372656601174,0.32237563465394137,0.5,20,20,620972,156263,25.16425861391496
30,6,0.005,0.003,random_forest,200,15,0.55,0.6161252563659506,True,0.6567055216216874,0.6190476190476191,0.0006142070822801257,0.0012271965638496211,0.5785829308440649,0.4018538337485175,0.6190476190476191,26,16,616392,217402,35.27008786616309
15,12,0.01,0.005,xgboost,100,15,0.55,0.8822726607322693,True,0.646667148002856,0.5510204081632653,0.0006129537560444051,0.001224545330854007,0.5509448455191477,0.3891311718806995,0.5510204081632653,27,22,623262,223023,35.78318588330429
15,3,0.01,0.008,random_forest,200,5,0.55,0.5506444949928676,True,0.6204824593070364,0.5576923076923077,0.0006129264065604261,0.0012245070303593295,0.5645756346779289,0.4206476280711104,0.5576923076923077,29,23,623262,233784,37.50974710474889
10,3,0.015,0.005,xgboost,200,10,0.55,0.8472955226898193,True,0.739071704326558,0.5882352941176471,0.0006125386665033231,0.0012238029677221968,0.5848059432653914,0.3180220146931155,0.5882352941176471,20,14,625552,157657,25.20286083331202
10,3,0.015,0.005,xgboost,200,5,0.55,0.7994009256362915,True,0.7390557185219525,0.5555555555555556,0.0006125386665033231,0.001223728087618931,0.5979503986513073,0.32355453426528474,0.5555555555555556,20,16,625552,157657,25.20286083331202
20,3,0.01,0.003,xgboost,200,10,0.55,0.8497637510299683,True,0.722170779822054,0.5526315789473685,0.0006085369034165,0.001215735085535647,0.5759740543153237,0.3325626055774807,0.5526315789473685,21,17,620972,170695,27.488356962954853
20,6,0.015,0.005,xgboost,200,5,0.55,0.8127346038818359,True,0.7084262651475502,0.55,0.0006074663132317208,0.0012135922330097086,0.5744564581629119,0.34181122233068106,0.55,22,18,620972,177989,28.66296709030359
20,6,0.015,0.005,xgboost,200,10,0.5,0.8514347672462463,True,0.7084021095857321,0.5116279069767442,0.0006074663132317208,0.0012134918227198765,0.5652046322036711,0.3377334698812155,0.5116279069767442,22,21,620972,177989,28.66296709030359
15,3,0.01,0.003,random_forest,100,10,0.5,0.5903667632838467,True,0.7221085733997578,0.5,0.0006062355658198614,0.0012110028256732599,0.5749267596810305,0.3247588961239365,0.5,21,21,623262,171350,27.492451007762387
15,3,0.015,0.003,xgboost,100,10,0.5,0.8088822364807129,True,0.7749271979013742,0.5151515151515151,0.0006059093987240261,0.0012103951584193663,0.5997331319427789,0.28801270372257665,0.5151515151515151,17,16,623262,135352,21.71670982668605
10,12,0.015,0.005,random_forest,200,10,0.5,0.5745321431140509,True,0.6965414711735979,0.5,0.0006058051941210557,0.001210144165000526,0.5572671659164274,0.3410655037564451,0.5,23,23,625552,189528,30.297721052766196
15,6,0.015,0.005,xgboost,200,10,0.5,0.8521811366081238,True,0.7084306033549133,0.5116279069767442,0.0006052935673801794,0.0012091566132622497,0.5653255594293274,0.33802965413531877,0.5116279069767442,22,21,623262,178667,28.666435624183727
20,12,0.01,0.003,xgboost,100,15,0.55,0.8618471026420593,True,0.7045694271105922,0.5641025641025641,0.0005995203836930455,0.0011977677963794747,0.5530360271917699,0.33404567622873566,0.5641025641025641,22,17,620972,185430,29.861249782598893
30,3,0.01,0.005,random_forest,100,5,0.55,0.5447984490689471,True,0.6737238296871324,0.5581395348837209,0.0005965993835139703,0.0011919247100891461,0.5560251292859775,0.36088149614688597,0.5581395348837209,24,19,616392,198938,32.27459149372478
20,12,0.01,0.005,xgboost,200,5,0.55,0.840847373008728,True,0.6466765972865253,0.5531914893617021,0.0005924440596089869,0.0011836205130539685,0.5659030925454842,0.4001848573121268,0.5531914893617021,26,21,620972,222184,35.78003517066792
15,6,0.01,0.008,xgboost,100,5,0.55,0.8476043343544006,True,0.5900299230664324,0.5555555555555556,0.0005869692819409117,0.0011726995543741693,0.5695061857166722,0.4588324237924795,0.5555555555555556,30,24,623262,257084,41.24814283559723
20,6,0.005,0.003,random_forest,100,15,0.55,0.6219081633035137,True,0.6569105036434639,0.5681818181818182,0.0005866341280270321,0.0011720581340834506,0.5784077400821098,0.4002137785410511,0.5681818181818182,25,19,620972,218805,35.23588825261042
20,3,0.015,0.005,random_forest,200,15,0.55,0.6363231043914318,True,0.7392487620274568,0.6129032258064516,0.0005865826927232874,0.0011720436740484856,0.5966372656601174,0.32237563465394137,0.6129032258064516,19,12,620972,156263,25.16425861391496
15,6,0.01,0.005,random_forest,100,15,0.5,0.5927700685291856,True,0.6545530392369217,0.5208333333333334,0.000580544783224578,0.0011597968036000093,0.5617118990721465,0.38857646442784916,0.5208333333333334,25,23,623262,216486,34.73434927847358
10,12,0.015,0.005,random_forest,200,10,0.55,0.5749008579845534,True,0.6965734427828089,0.55,0.0005794658378549228,0.0011577119402199653,0.5572671659164274,0.3410655037564451,0.55,22,18,625552,189528,30.297721052766196
15,12,0.005,0.003,xgboost,200,10,0.55,0.8974413871765137,True,0.6537989458737455,0.5555555555555556,0.0005792400370713623,0.001157273463719477,0.5767139137885096,0.40541946541753876,0.5555555555555556,25,20,623262,222291,35.66573928781155
15,3,0.01,0.003,xgboost,200,10,0.55,0.8496683239936829,True,0.7221406624790419,0.5555555555555556,0.0005773672055427252,0.0011535355865728459,0.5709032886935577,0.3280424379925219,0.5555555555555556,20,16,623262,171350,27.492451007762387
10,12,0.005,0.003,xgboost,100,15,0.55,0.9073247909545898,True,0.6537155006354357,0.5555555555555556,0.000576980775000577,0.0011527643288606077,0.5649894247978966,0.3965033942534896,0.5555555555555556,25,20,625552,223222,35.68400388776632
10,6,0.015,0.005,xgboost,200,15,0.55,0.8687238693237305,True,0.7082830446563452,0.6,0.0005752794214332676,0.0011494567448479707,0.5545510706189429,0.33025238025659137,0.6,21,14,625552,179524,28.698493490549147
10,3,0.01,0.003,random_forest,200,10,0.55,0.5940947362448816,True,0.7220388295193868,0.5714285714285714,0.0005750265949800178,0.0011488970588235295,0.5740549257599001,0.3246846749226761,0.5714285714285714,20,15,625552,172139,27.51793615878456
15,3,0.005,0.003,random_forest,100,15,0.5,0.5975571860713756,True,0.6634657810080784,0.5,0.0005721096543504172,0.0011429115672174864,0.5754494884887357,0.3882302911653853,0.5,24,24,623262,214089,34.349759812085445
20,3,0.015,0.003,random_forest,200,5,0.55,0.5924966133750619,False,0.7747654897540158,0.35555555555555557,0.0005722460658082976,0.001142653097661132,0.5948207745138068,0.2791975419366912,0.35555555555555557,16,29,620972,134836,21.71370045670336
20,3,0.015,0.003,random_forest,200,5,0.5,0.5924966133750619,False,0.7747654897540158,0.35555555555555557,0.0005722460658082976,0.001142653097661132,0.5948207745138068,0.2791975419366912,0.35555555555555557,16,29,620972,134836,21.71370045670336
20,12,0.015,0.003,xgboost,100,10,0.5,0.8203816413879395,True,0.7460525786062241,0.5,0.0005707219632835537,0.0011401425178147269,0.5687730344647506,0.3003237971435031,0.5,18,18,620972,156808,25.252024245859715
15,3,0.015,0.003,random_forest,200,15,0.55,0.6358425343928644,False,0.7748951088220901,0.45714285714285713,0.0005702676693873186,0.0011391143386017372,0.6008096021254083,0.28658262943333884,0.45714285714285713,16,19,623262,135352,21.71670982668605
15,3,0.015,0.003,random_forest,200,15,0.5,0.6358425343928644,False,0.7748951088220901,0.45714285714285713,0.0005702676693873186,0.0011391143386017372,0.6008096021254083,0.2865826294333389,0.45714285714285713,16,19,623262,135352,21.71670982668605
15,12,0.01,0.003,random_forest,100,10,0.5,0.5726244081304874,True,0.7045077134124329,0.5,0.0005701254275940707,0.0011389521640091116,0.5625569095123641,0.33606318229783816,0.5,21,21,623262,186123,29.862722258055204
30,3,0.015,0.005,random_forest,100,15,0.55,0.6541268068988475,True,0.7388930799243991,0.5806451612903226,0.0005591103932409766,0.001117145073700543,0.5957294146046695,0.3212928520132677,0.5806451612903226,18,13,616392,155288,25.19305896247842
10,3,0.015,0.008,xgboost,100,15,0.55,0.8704431056976318,True,0.6991631431289015,0.5526315789473685,0.000557887466128261,0.0011146496815286624,0.584301461298942,0.3552880786706046,0.5526315789473685,21,17,625552,181741,29.052900478297566
30,3,0.01,0.003,random_forest,200,10,0.55,0.5945062081710435,True,0.7219153302671176,0.6129032258064516,0.0005541135641167721,0.0011072261072261073,0.5759266353260952,0.3251984229929525,0.6129032258064516,19,12,616392,169603,27.51544471699827
10,12,0.015,0.005,xgboost,200,10,0.55,0.8540754914283752,True,0.6965734427828089,0.5526315789473685,0.0005531264815887899,0.0011051468266498263,0.5542189689929362,0.3429381634583137,0.5526315789473685,21,17,625552,189528,30.297721052766196
20,3,0.01,0.003,random_forest,200,10,0.55,0.5921229856000458,True,0.722170779822054,0.5588235294117647,0.0005505810078530239,0.0011000781634484555,0.5777780076558403,0.32663332376806276,0.5588235294117647,19,15,620972,170695,27.488356962954853
10,12,0.01,0.005,xgboost,100,15,0.55,0.8873896598815918,True,0.6465218885629561,0.5714285714285714,0.0005426181324892607,0.0010842067220816769,0.549173334800185,0.38932244580577086,0.5714285714285714,24,18,625552,224005,35.80917333810778
10,12,0.01,0.003,xgboost,100,15,0.55,0.8641123175621033,True,0.7043745154302979,0.5555555555555556,0.0005406866720735334,0.0010803219359369091,0.5489713959288185,0.33033699881568795,0.5555555555555556,20,16,625552,186961,29.88736348057396
10,12,0.01,0.003,random_forest,200,10,0.55,0.5692472385688362,False,0.7043345509187842,0.4878048780487805,0.0005406866720735334,0.001080176068699198,0.561151561985543,0.33486085784604547,0.4878048780487805,20,21,625552,186961,29.88736348057396
10,12,0.01,0.003,random_forest,200,10,0.5,0.5692472385688362,False,0.7043345509187842,0.4878048780487805,0.0005406866720735334,0.001080176068699198,0.561151561985543,0.33486085784604547,0.4878048780487805,20,21,625552,186961,29.88736348057396
15,6,0.005,0.003,xgboost,100,15,0.55,0.8923892378807068,True,0.6569516979134076,0.5609756097560976,0.0005377978347791522,0.001074565501775369,0.5631567133595337,0.39049744081291066,0.5609756097560976,23,18,623262,219616,35.236545786523166
15,12,0.015,0.003,xgboost,200,15,0.55,0.8524017930030823,True,0.7461192269740801,0.5666666666666667,0.000537107832295978,0.0010731984470187179,0.5476619558140896,0.2868325208695841,0.5666666666666667,17,13,623262,157384,25.251659815615263
20,6,0.015,0.008,random_forest,200,10,0.55,0.5955362169817571,True,0.6549539031361971,0.5609756097560976,0.0005366559335479957,0.0010722860672742955,0.5647962118520518,0.38845163983250885,0.5609756097560976,23,18,620972,211055,33.98784486257029
20,3,0.015,0.003,xgboost,200,10,0.5,0.8364821672439575,True,0.7748701638552277,0.5,0.000536480686695279,0.0010718113612004287,0.5963189263540541,0.2861602852061201,0.5,15,15,620972,134836,21.71370045670336
10,6,0.005,0.003,xgboost,100,5,0.55,0.8360507488250732,True,0.6568806899473267,0.575,0.0005357059672986444,0.0010704146693349466,0.5824567900677432,0.39843138580280857,0.575,23,17,625552,220541,35.25542241092667
15,3,0.015,0.003,xgboost,100,10,0.55,0.8140499591827393,True,0.7749512647108373,0.5769230769230769,0.0005346259400506113,0.0010682619378271552,0.5997331319427789,0.28801270372257665,0.5769230769230769,15,11,623262,135352,21.71670982668605
10,3,0.015,0.003,random_forest,200,15,0.55,0.6428887882513616,True,0.7747680060106625,0.6,0.0005322168606301448,0.0010634903754121025,0.5998033667711236,0.2864538840938677,0.6,15,10,625552,136036,21.74655344399826
10,3,0.015,0.003,xgboost,100,10,0.55,0.8122947812080383,True,0.7747600131083597,0.5769230769230769,0.0005322168606301448,0.0010634526763559022,0.5989244447087497,0.28738800253839447,0.5769230769230769,15,11,625552,136036,21.74655344399826
10,3,0.015,0.003,xgboost,100,10,0.5,0.8122947812080383,True,0.7747600131083597,0.5769230769230769,0.0005322168606301448,0.0010634526763559022,0.5989244447087497,0.28738800253839447,0.5769230769230769,15,11,625552,136036,21.74655344399826
15,12,0.01,0.008,random_forest,100,5,0.55,0.5309210428391681,True,0.5779965183348976,0.5714285714285714,0.0005322080933645055,0.0010634257500949488,0.5569708280076207,0.46003691087294313,0.5714285714285714,28,21,623262,267143,42.86207084661026
10,3,0.015,0.008,random_forest,200,5,0.5,0.5916458349985797,True,0.6991311715196905,0.5,0.0005313213963126295,0.0010615147815933336,0.5881656944674886,0.3532751814691855,0.5,20,20,625552,181741,29.052900478297566
30,6,0.015,0.005,random_forest,100,5,0.5,0.5517082453059909,True,0.7081335831731276,0.5135135135135135,0.0005280417986771163,0.0010549987506593742,0.5606150337643159,0.3285401428852719,0.5135135135135135,19,18,616392,176858,28.69245545042765
20,3,0.005,0.003,random_forest,200,10,0.55,0.5774252379261755,True,0.663448609042232,0.5641025641025641,0.0005262780183240437,0.0010515749725156542,0.5732799045287292,0.38607401920792345,0.5641025641025641,22,17,620972,213297,34.34889173746964
15,6,0.01,0.003,random_forest,100,5,0.55,0.5412979858759749,True,0.7098024114943082,0.5757575757575758,0.0005251665330716714,0.001049375897492544,0.5602931523921375,0.3272593203895259,0.5757575757575758,19,14,623262,181774,29.16494187035308
15,6,0.01,0.003,random_forest,200,15,0.5,0.593293356933255,True,0.709762300145203,0.5,0.0005251665330716714,0.0010492310241047023,0.5679702653932193,0.33583910194574507,0.5,19,19,623262,181774,29.16494187035308
15,6,0.015,0.005,random_forest,100,10,0.5,0.5885848103330208,True,0.7084225810850923,0.5,0.0005227535354647004,0.001044415127528584,0.567413282513259,0.3342285515881839,0.5,19,19,623262,178667,28.666435624183727
10,3,0.015,0.005,xgboost,100,15,0.5,0.8452662229537964,True,0.7390317398150442,0.5151515151515151,0.0005206578665278245,0.0010402643495288214,0.5767511427778012,0.3096378367647982,0.5151515151515151,17,16,625552,157657,25.20286083331202
10,6,0.015,0.003,random_forest,200,15,0.55,0.6195590926306166,True,0.753307063327765,0.5714285714285714,0.0005183361409874304,0.0010357327809425167,0.5790994633074842,0.29767835350166433,0.5714285714285714,16,12,625552,151449,24.21045732409136
10,3,0.01,0.003,random_forest,200,15,0.55,0.6145913691037114,True,0.7220468224216895,0.6,0.0005175239354820161,0.0010341558702708913,0.5757230207466674,0.3284962863900588,0.6,18,12,625552,172139,27.51793615878456
20,12,0.01,0.003,random_forest,100,5,0.5,0.5381828881180176,False,0.7044244937396835,0.37254901960784315,0.0005177676040985393,0.001034098021607206,0.5549554791947007,0.32858525809692485,0.37254901960784315,19,32,620972,185430,29.861249782598893
20,12,0.01,0.003,random_forest,100,5,0.55,0.5381828881180176,False,0.7044244937396835,0.37254901960784315,0.0005177676040985393,0.001034098021607206,0.5549554791947007,0.32858525809692485,0.37254901960784315,19,32,620972,185430,29.861249782598893
10,3,0.01,0.005,xgboost,200,15,0.55,0.8931067585945129,True,0.6738576144383788,0.5526315789473685,0.0005146049794158008,0.0010282524604612448,0.5621292697086716,0.36918105177414945,0.5526315789473685,21,17,625552,201919,32.27853160089009
10,6,0.005,0.003,xgboost,200,10,0.55,0.8833019137382507,True,0.6568647041427212,0.55,0.0005124144035030512,0.0010238749011029925,0.5752431023561657,0.39794726952518794,0.55,22,18,625552,220541,35.25542241092667
20,12,0.005,0.003,random_forest,100,10,0.5,0.6572538159627045,True,0.6537219694834736,0.5238095238095238,0.0005115327380952381,0.0010220673635307782,0.5774231926654705,0.40381389960435526,0.5238095238095238,22,20,620972,221474,35.66569829235456
15,6,0.01,0.005,xgboost,200,5,0.55,0.837087094783783,True,0.6545771060463847,0.5641025641025641,0.0005108794092376286,0.001020834300032481,0.5666840860460637,0.3918339734912756,0.5641025641025641,22,17,623262,216486,34.73434927847358
30,12,0.015,0.003,xgboost,200,5,0.55,0.8041502833366394,True,0.7457636742673124,0.5517241379310345,0.0005104482373584304,0.0010199528271817428,0.5816734784141215,0.30855025509096257,0.5517241379310345,16,13,616392,155837,25.282125660294096
30,12,0.015,0.003,random_forest,200,5,0.55,0.5528753150785622,True,0.7457636742673124,0.5517241379310345,0.0005104482373584304,0.0010199528271817428,0.5688407660578267,0.29415533396249793,0.5517241379310345,16,13,616392,155837,25.282125660294096
15,3,0.015,0.008,xgboost,200,5,0.55,0.822687566280365,True,0.6994055498062622,0.5588235294117647,0.0005070181992848375,0.001013117201663645,0.6003614462729603,0.36529667509227615,0.5588235294117647,19,15,623262,180854,29.017331395143614
30,3,0.005,0.003,random_forest,100,15,0.5,0.5992235426279567,True,0.66318675524623,0.525,0.0005057316250842886,0.001010489846982966,0.5753542274672274,0.39009224820433286,0.525,21,19,616392,211913,34.379583122428585
10,12,0.015,0.003,xgboost,200,5,0.5,0.7918434143066406,True,0.7459056357954137,0.5,0.0005033029254482541,0.001005593614480548,0.5778113766768064,0.30403187810972265,0.5,16,16,625552,158145,25.28087193390797
20,3,0.005,0.003,random_forest,100,5,0.55,0.5478642386997042,True,0.6634405571882926,0.5526315789473685,0.0005023562902184053,0.00100380010038001,0.5654467768760354,0.37976039313498494,0.5526315789473685,21,17,620972,213297,34.34889173746964
20,3,0.015,0.003,xgboost,200,10,0.55,0.8422067761421204,True,0.7748943194170458,0.56,0.0005007153075822603,0.0010005360014293371,0.5963189263540541,0.2861602852061201,0.56,14,11,620972,134836,21.71370045670336
10,12,0.015,0.005,xgboost,100,5,0.55,0.7917723059654236,True,0.6965814356851117,0.5757575757575758,0.0005004477690565243,0.0010000263164820127,0.5600688915089246,0.34335418912123244,0.5757575757575758,19,14,625552,189528,30.297721052766196
15,12,0.01,0.005,xgboost,200,15,0.55,0.9007667899131775,True,0.646683192542498,0.5945945945945946,0.0004994438012213672,0.000998049267341106,0.5513129148273854,0.3903731674201092,0.5945945945945946,22,15,623262,223023,35.78318588330429
10,6,0.01,0.003,xgboost,200,5,0.5,0.8084107041358948,True,0.7096018735362998,0.5,0.0004954310249917428,0.0009898812142542894,0.5757877467759581,0.3401756492411111,0.5,18,18,625552,182597,29.18973962196588
10,6,0.015,0.005,xgboost,200,5,0.55,0.8079479932785034,True,0.7082670588517397,0.5806451612903226,0.0004930966469428008,0.0009853565074586013,0.5712363516047306,0.33915541973075,0.5806451612903226,18,13,625552,179524,28.698493490549147
10,6,0.015,0.005,random_forest,100,10,0.5,0.5944674653125478,True,0.7082270943402259,0.5,0.0004930966469428008,0.0009852216748768472,0.5654655520352447,0.3344177490703543,0.5,18,18,625552,179524,28.698493490549147
20,6,0.005,0.003,random_forest,100,10,0.5,0.5960628402487264,True,0.6568702443737671,0.5121951219512195,0.0004927726675427069,0.0009845980730009143,0.5759032435993655,0.3965869215853324,0.5121951219512195,21,20,620972,218805,35.23588825261042
10,3,0.015,0.005,xgboost,100,15,0.55,0.8480017781257629,True,0.739071704326558,0.6153846153846154,0.0004900309332026584,0.0009792820638369496,0.5767511427778012,0.3096378367647982,0.6153846153846154,16,10,625552,157657,25.20286083331202
10,3,0.01,0.003,random_forest,100,10,0.55,0.5948442511627924,True,0.7220388295193868,0.5862068965517241,0.0004887726057330151,0.0009767308244757254,0.5730906001762264,0.3242975994571346,0.5862068965517241,17,12,625552,172139,27.51793615878456
20,12,0.005,0.003,random_forest,200,10,0.55,0.6540107980112976,True,0.6537461250452917,0.5675675675675675,0.00048828125,0.0009757230804971541,0.5775888731576739,0.4040214918712093,0.5675675675675675,21,16,620972,221474,35.66569829235456
10,12,0.01,0.003,random_forest,100,15,0.5,0.5950920239809082,True,0.7043505367233897,0.5142857142857142,0.00048661800486618007,0.0009723160027008778,0.5617692585128784,0.3368124427180702,0.5142857142857142,18,17,625552,186961,29.88736348057396
10,6,0.015,0.003,xgboost,100,10,0.55,0.8201307654380798,True,0.753307063327765,0.5769230769230769,0.00048594013217571593,0.0009710623422023694,0.5761652381991769,0.2982562060691615,0.5769230769230769,15,11,625552,151449,24.21045732409136
10,6,0.01,0.005,xgboost,200,10,0.55,0.8762551546096802,True,0.6544188760380781,0.5675675675675675,0.00048565019310376726,0.0009704699847497574,0.5598399619526984,0.39054928778791914,0.5675675675675675,21,16,625552,217445,34.76049952681791
15,12,0.015,0.008,random_forest,100,15,0.55,0.6045582121560868,True,0.6363585312828411,0.55,0.00048529768601239716,0.0009697397130452031,0.5550056388351792,0.4013747996456972,0.55,22,18,623262,227060,36.43090706637016
20,12,0.015,0.003,random_forest,100,5,0.5,0.5583801861930754,True,0.7460847860219816,0.5769230769230769,0.0004756016360696281,0.0009504197687311896,0.5676284423088536,0.2930287216189596,0.5769230769230769,15,11,620972,156808,25.252024245859715
20,12,0.015,0.003,random_forest,100,5,0.55,0.5583801861930755,True,0.7460847860219816,0.5769230769230769,0.0004756016360696281,0.0009504197687311896,0.5676284423088536,0.2930287216189596,0.5769230769230769,15,11,620972,156808,25.252024245859715
15,12,0.015,0.003,random_forest,100,10,0.5,0.5912910797845107,True,0.746095160164617,0.5172413793103449,0.00047391867555527474,0.000946969696969697,0.5722660502715556,0.29893168240467166,0.5172413793103449,15,14,623262,157384,25.251659815615263
10,12,0.01,0.008,xgboost,100,10,0.55,0.8838179707527161,True,0.5778548648799866,0.5555555555555556,0.000473305566073457,0.0009458053532582994,0.5606904238601766,0.46814981244077625,0.5555555555555556,25,20,625552,268278,42.88660255262552
30,6,0.015,0.005,random_forest,100,5,0.55,0.5518550974652632,False,0.708149806536393,0.5483870967741935,0.0004724584514479462,0.0009441035181739927,0.5606150337643159,0.3285401428852719,0.5483870967741935,17,14,616392,176858,28.69245545042765
30,3,0.015,0.003,xgboost,100,5,0.55,0.7819339036941528,True,0.7745601440634658,0.5909090909090909,0.000467693193265218,0.0009346466316773312,0.6114901084279389,0.29364367760403265,0.5909090909090909,13,9,616392,134008,21.740710456981923
20,12,0.005,0.003,random_forest,100,10,0.55,0.6593334074654171,True,0.6537541768992311,0.5882352941176471,0.0004650297619047619,0.0009293248454997445,0.5774231926654705,0.40381389960435526,0.5882352941176471,20,14,620972,221474,35.66569829235456
10,6,0.01,0.005,random_forest,100,5,0.55,0.5330468269349082,True,0.6544108831357754,0.5555555555555556,0.0004625239934321593,0.0009242784851075629,0.552977530127355,0.38095312745864707,0.5555555555555556,20,16,625552,217445,34.76049952681791
15,3,0.01,0.003,random_forest,200,10,0.5,0.5910394600573049,True,0.7221085733997578,0.5,0.00046189376443418013,0.0009229349330872173,0.5756048853631074,0.32549928185964794,0.5,16,16,623262,171350,27.492451007762387
15,12,0.01,0.003,xgboost,200,10,0.5,0.8585338592529297,True,0.7045077134124329,0.5,0.00046153010805234293,0.0009222089617012043,0.561515717153785,0.34012295524427905,0.5,17,17,623262,186123,29.862722258055204
30,12,0.01,0.005,random_forest,200,10,0.5,0.5716712944872016,True,0.6463306808134395,0.5128205128205128,0.0004587050755716612,0.0009165902841429881,0.5552629579925119,0.3930091244938262,0.5128205128205128,20,19,616392,220790,35.81973808874872
20,6,0.015,0.003,random_forest,100,10,0.5,0.6032102848020876,True,0.7534119731068079,0.5,0.00045714285714285713,0.0009134505594884677,0.5814971897935192,0.29601183412306853,0.5,14,14,620972,150151,24.17999523327944
10,6,0.01,0.008,xgboost,100,5,0.55,0.8449704647064209,False,0.5898761899433304,0.5476190476190477,0.0004482120237747247,0.0008956909476799657,0.5663964128323989,0.45580482868308825,0.5476190476190477,23,19,625552,258184,41.272987697265776
10,12,0.015,0.005,random_forest,100,10,0.5,0.5768790741484121,True,0.6965574569782034,0.53125,0.00044776905652425857,0.0008947839359966315,0.5566882936926147,0.3405053080616365,0.53125,17,15,625552,189528,30.297721052766196
10,12,0.015,0.005,xgboost,100,15,0.5,0.8591595888137817,False,0.6965334782712951,0.4857142857142857,0.00044776905652425857,0.0008947132970184995,0.5473610126090787,0.3366856780584217,0.4857142857142857,17,18,625552,189528,30.297721052766196
10,12,0.015,0.005,xgboost,100,15,0.55,0.8591595888137817,False,0.6965334782712951,0.4857142857142857,0.00044776905652425857,0.0008947132970184995,0.5473610126090787,0.3366856780584217,0.4857142857142857,17,18,625552,189528,30.297721052766196
30,12,0.015,0.003,xgboost,100,5,0.55,0.7841811776161194,True,0.7457636742673124,0.56,0.0004466422076886266,0.0008925725215173732,0.5804952175269488,0.30584902730390046,0.56,14,11,616392,155837,25.282125660294096
20,12,0.015,0.003,xgboost,100,15,0.5,0.8447347283363342,True,0.7460686823141028,0.5384615384615384,0.0004438948603316529,0.000887058450815777,0.5524807791496922,0.2907391026028053,0.5384615384615384,14,12,620972,156808,25.252024245859715
20,12,0.015,0.008,random_forest,100,10,0.55,0.5854278338009045,True,0.636257498288981,0.5714285714285714,0.0004426737494466578,0.0008846621696339711,0.5546191309627724,0.40171170075306645,0.5714285714285714,20,15,620972,226182,36.423864522071845
20,12,0.015,0.008,random_forest,100,5,0.55,0.5354905620301192,True,0.6362494464350417,0.5555555555555556,0.0004426737494466578,0.0008846426043878273,0.5465155507117193,0.3946001789698849,0.5555555555555556,20,16,620972,226182,36.423864522071845
15,12,0.015,0.003,xgboost,100,10,0.55,0.8193118572235107,True,0.7461112047042591,0.56,0.00044232409718492305,0.0008839499936860714,0.5691170909512477,0.3004946470960615,0.56,14,11,623262,157384,25.251659815615263
15,6,0.01,0.003,random_forest,200,5,0.55,0.542853263038245,True,0.7097863669546661,0.5517241379310345,0.0004422455015340391,0.0008837825894829872,0.5615162382321417,0.32788554367966183,0.5517241379310345,16,13,623262,181774,29.16494187035308
20,6,0.015,0.005,xgboost,100,15,0.55,0.8617485165596008,True,0.7084182132936109,0.5517241379310345,0.0004417936823503424,0.0008828803972961788,0.5577096485999745,0.33201681945398676,0.5517241379310345,16,13,620972,177989,28.66296709030359
15,6,0.01,0.005,xgboost,100,15,0.55,0.8820120096206665,True,0.6545931505860269,0.6129032258064516,0.0004412140352506792,0.0008817932890889683,0.555260896114042,0.3847657814354526,0.6129032258064516,19,12,623262,216486,34.73434927847358
15,6,0.01,0.005,random_forest,100,15,0.55,0.5967379696297478,True,0.6545771060463847,0.5757575757575758,0.0004412140352506792,0.0008817523668089846,0.5617118990721465,0.38857646442784916,0.5757575757575758,19,14,623262,216486,34.73434927847358
15,6,0.015,0.005,random_forest,200,10,0.55,0.5885369832844121,True,0.7084466478945552,0.5517241379310345,0.00044021350354922137,0.0008797250859106529,0.5677938513168798,0.3349457189975888,0.5517241379310345,16,13,623262,178667,28.666435624183727
15,6,0.015,0.005,random_forest,100,5,0.5,0.5535278144435168,True,0.7084225810850923,0.5,0.00044021350354922137,0.0008796525372477871,0.558714628513703,0.3278500673299371,0.5,16,16,623262,178667,28.666435624183727
15,12,0.01,0.003,xgboost,200,5,0.5,0.8211669325828552,True,0.704531780221896,0.5517241379310345,0.000434381278166911,0.0008680791037083255,0.5730547935727085,0.34345001678117293,0.5517241379310345,16,13,623262,186123,29.862722258055204
15,12,0.01,0.003,xgboost,200,5,0.55,0.8211669325828552,True,0.704531780221896,0.5517241379310345,0.000434381278166911,0.0008680791037083255,0.5730547935727085,0.34345001678117293,0.5517241379310345,16,13,623262,186123,29.862722258055204
15,12,0.01,0.003,xgboost,100,5,0.5,0.8034312725067139,True,0.7045077134124329,0.5,0.000434381278166911,0.000868008463082515,0.5718990627310337,0.3423489585347244,0.5,16,16,623262,186123,29.862722258055204
15,3,0.01,0.003,xgboost,200,15,0.5,0.8747332692146301,True,0.7221165956695788,0.5172413793103449,0.0004330254041570439,0.0008653263722634054,0.5591827669734335,0.31827946455112927,0.5172413793103449,15,14,623262,171350,27.492451007762387
20,3,0.015,0.005,random_forest,200,10,0.5,0.6195426913467097,True,0.7392004509038206,0.5185185185185185,0.0004322188262171591,0.0008637176877043617,0.5945898439611534,0.31848167371154706,0.5185185185185185,14,13,620972,156263,25.16425861391496
20,3,0.015,0.005,random_forest,200,10,0.55,0.6195426913467097,False,0.7392004509038206,0.5185185185185185,0.0004322188262171591,0.0008637176877043617,0.5945898439611534,0.31848167371154706,0.5185185185185185,14,13,620972,156263,25.16425861391496
30,3,0.015,0.003,xgboost,200,5,0.5,0.8068554997444153,True,0.7745276973369349,0.5,0.00043171679378327816,0.0008626887131560029,0.6136539502193638,0.2962017736894696,0.5,12,12,616392,134008,21.740710456981923
15,3,0.015,0.005,xgboost,100,15,0.5,0.8525537252426147,True,0.7392521640072842,0.5185185185185185,0.0004307162195422102,0.0008607174694906397,0.5776559471252707,0.31058928895203103,0.5185185185185185,14,13,623262,156869,25.169030038731705
20,3,0.005,0.003,random_forest,200,5,0.5,0.5468832421650088,True,0.6634164016264745,0.5142857142857142,0.00043059110590149035,0.000860461781155887,0.5653099083684,0.37942225136203417,0.5142857142857142,18,17,620972,213297,34.34889173746964
20,3,0.015,0.003,xgboost,100,15,0.5,0.8424568176269531,True,0.7748701638552277,0.5,0.00042918454935622315,0.0008576329331046312,0.5842944440443053,0.2809992326703765,0.5,12,12,620972,134836,21.71370045670336
15,3,0.005,0.003,random_forest,200,15,0.55,0.5960641942529444,True,0.6634978700873625,0.5625,0.00042908224076281285,0.0008575103615835358,0.5761440937102834,0.38884630526202085,0.5625,18,14,623262,214089,34.349759812085445
15,3,0.005,0.003,random_forest,200,5,0.5,0.5438488887506756,True,0.6634657810080784,0.5,0.00042908224076281285,0.0008574286666984233,0.5658330094172007,0.38102801917935064,0.5,18,18,623262,214089,34.349759812085445
20,3,0.015,0.008,random_forest,100,10,0.55,0.6292613030087304,True,0.6993598776118202,0.6153846153846154,0.0004284490145672665,0.0008563018464008563,0.5970397740870843,0.36123233176193287,0.6153846153846154,16,10,620972,180125,29.00694395238433
20,3,0.015,0.008,random_forest,200,5,0.5,0.585870465335233,True,0.6993196183421233,0.5161290322580645,0.0004284490145672665,0.0008561872909698997,0.5889092455428274,0.35253957533555785,0.5161290322580645,16,15,620972,180125,29.00694395238433
15,3,0.015,0.003,random_forest,100,15,0.55,0.6403893758463295,False,0.7749031310919111,0.46153846153846156,0.000427700752040489,0.0008546095502617242,0.599426381943115,0.2846535629568515,0.46153846153846156,12,14,623262,135352,21.71670982668605
15,3,0.015,0.003,random_forest,100,15,0.5,0.6403893758463295,False,0.7749031310919111,0.46153846153846156,0.000427700752040489,0.0008546095502617242,0.599426381943115,0.2846535629568515,0.46153846153846156,12,14,623262,135352,21.71670982668605
15,3,0.015,0.008,random_forest,100,10,0.55,0.624146385121809,True,0.6993975275364411,0.5517241379310345,0.0004269626941346,0.0008532650721275631,0.5943008833088566,0.3589705798725609,0.5517241379310345,16,13,623262,180854,29.017331395143614
10,12,0.015,0.005,xgboost,100,10,0.55,0.8392301201820374,True,0.6965814356851117,0.5925925925925926,0.0004214297002581257,0.0008422604163924934,0.5547436564050455,0.3425884330734501,0.5925925925925926,16,11,625552,189528,30.297721052766196
10,6,0.015,0.003,random_forest,200,10,0.5,0.6050579259754164,True,0.7532830846208567,0.52,0.0004211481145522872,0.0008416146052503804,0.5784671259954569,0.29497258116007735,0.52,13,12,625552,151449,24.21045732409136
15,3,0.01,0.005,xgboost,200,5,0.55,0.8304408192634583,True,0.6739909990132608,0.6071428571428571,0.0004182659187087885,0.0008359559402045634,0.5738659313146991,0.37651548834589266,0.6071428571428571,17,11,623262,201004,32.25032169456826
10,6,0.015,0.008,xgboost,100,10,0.55,0.8546016812324524,True,0.6548345069578214,0.5625,0.0004167824395665463,0.0008329477093937991,0.5640417058192828,0.39081615395101466,0.5625,18,14,625552,212869,34.02898559991815
20,6,0.01,0.003,xgboost,100,5,0.55,0.7996323704719543,True,0.7098272877330005,0.5769230769230769,0.000416181122024305,0.0008317622269047354,0.5760713925404952,0.3395821484273205,0.5769230769230769,15,11,620972,181090,29.16234548417642
15,6,0.01,0.003,random_forest,200,15,0.55,0.596289595245722,True,0.7097863669546661,0.5555555555555556,0.00041460515768816165,0.000828591946086284,0.5679702653932193,0.33583910194574507,0.5555555555555556,15,12,623262,181774,29.16494187035308
30,12,0.01,0.005,random_forest,200,10,0.55,0.5729737597156872,True,0.6463550158583375,0.5625,0.0004128345680144951,0.0008250635986523961,0.5552629579925119,0.3930091244938262,0.5625,18,14,616392,220790,35.81973808874872
10,6,0.01,0.003,xgboost,200,15,0.5,0.877666175365448,True,0.7096098664386025,0.5172413793103449,0.000412859187493119,0.0008250598168367207,0.5503729450171385,0.3256231830491753,0.5172413793103449,15,14,625552,182597,29.18973962196588
15,12,0.015,0.003,random_forest,200,5,0.5,0.5567797206875441,True,0.746087137894796,0.5,0.0004107295188145714,0.0008207847965400764,0.5670461242951912,0.29331390105460853,0.5,13,13,623262,157384,25.251659815615263
15,12,0.015,0.003,xgboost,100,5,0.5,0.7759446501731873,True,0.746087137894796,0.5,0.0004107295188145714,0.0008207847965400764,0.5781533333257554,0.3032160112459719,0.5,13,13,623262,157384,25.251659815615263
10,6,0.01,0.008,random_forest,200,5,0.55,0.5331899182232781,True,0.5898761899433304,0.5526315789473685,0.00040923706518561825,0.0008178684789593597,0.5590595009919797,0.44848330755991045,0.5526315789473685,21,17,625552,258184,41.272987697265776
20,3,0.01,0.003,xgboost,100,15,0.55,0.8604997992515564,True,0.7221627279681146,0.56,0.00040569126894433335,0.0008107951583946255,0.5652069685089398,0.323557307031861,0.56,14,11,620972,170695,27.488356962954853
10,12,0.01,0.003,xgboost,100,5,0.5,0.797738254070282,True,0.7043425438210869,0.5,0.00040551500405515005,0.0008103727714748784,0.5693909564473942,0.34019067355139826,0.5,15,15,625552,186961,29.88736348057396
15,3,0.005,0.003,random_forest,100,15,0.55,0.6009901431060881,True,0.6634978700873625,0.5666666666666667,0.0004052443384982122,0.0008099094807050976,0.5754494884887357,0.3882302911653853,0.5666666666666667,17,13,623262,214089,34.349759812085445
15,3,0.01,0.003,random_forest,200,15,0.55,0.6134932563950929,True,0.7221326402092207,0.56,0.0004041570438799076,0.0008077311409202365,0.5763826184819236,0.3282172802852837,0.56,14,11,623262,171350,27.492451007762387
10,3,0.005,0.003,random_forest,100,15,0.55,0.5943942922460853,True,0.6634268769332833,0.5666666666666667,0.00040367582456723577,0.0008067769261799112,0.5746232294741502,0.387622411360471,0.5666666666666667,17,13,625552,214996,34.36900529452387
30,6,0.015,0.003,random_forest,200,10,0.55,0.604301428938033,True,0.7531696395979851,0.5714285714285714,0.0003943217665615142,0.0007880996946113683,0.5820011123163549,0.2971474839163529,0.5714285714285714,12,9,616392,149207,24.206511440771457
20,3,0.015,0.003,xgboost,200,5,0.55,0.8009810447692871,True,0.7749104231249245,0.6470588235294118,0.00039341917024320457,0.0007863602244701004,0.6113167548248791,0.2946100013338663,0.6470588235294118,11,6,620972,134836,21.71370045670336
10,3,0.01,0.005,xgboost,100,5,0.5,0.8099877238273621,True,0.6738256428291677,0.5,0.00039207998431680063,0.0007835455435847208,0.5715959748124596,0.3731556875986695,0.5,16,16,625552,201919,32.27853160089009
10,3,0.015,0.003,xgboost,200,5,0.55,0.792384147644043,True,0.7747440273037542,0.55,0.00039029236446210615,0.00078003120124805,0.6078730959290728,0.2916424592216676,0.55,11,9,625552,136036,21.74655344399826
30,3,0.005,0.003,xgboost,100,5,0.5,0.8333569169044495,True,0.6631705318829647,0.5,0.00038531933339755323,0.0007700452401578592,0.5841401193513143,0.3940521103919885,0.5,16,16,616392,211913,34.379583122428585
10,6,0.015,0.005,random_forest,200,10,0.5,0.5940288514945228,True,0.7082430801448314,0.5384615384615384,0.0003835196142888451,0.0007664932931836846,0.5664467173649683,0.33518351830815685,0.5384615384615384,14,12,625552,179524,28.698493490549147
20,3,0.005,0.003,random_forest,200,5,0.55,0.546898911260236,True,0.6634325053343533,0.5517241379310345,0.00038274764969021364,0.0007649646203863071,0.5653099083684,0.37942225136203417,0.5517241379310345,16,13,620972,213297,34.34889173746964
20,12,0.015,0.003,random_forest,100,10,0.5,0.5960962742008458,True,0.7460606304601635,0.5217391304347826,0.00038048130885570247,0.0007604080856726443,0.5744167464414291,0.29903374951891976,0.5217391304347826,12,11,620972,156808,25.252024245859715
15,3,0.01,0.008,random_forest,100,5,0.55,0.5504847903968596,True,0.6204744370372153,0.5806451612903226,0.0003804370799340576,0.0007603759636709261,0.564517085547367,0.4204953184267133,0.5806451612903226,18,13,623262,233784,37.50974710474889
15,12,0.01,0.003,random_forest,200,10,0.5,0.5728048604211375,True,0.7045157356822539,0.5185185185185185,0.0003800836183960471,0.0007596104283660237,0.5630966008231169,0.33660266087351676,0.5185185185185185,14,13,623262,186123,29.862722258055204
10,3,0.005,0.003,random_forest,100,10,0.5,0.5717858384253397,True,0.6633949053240722,0.5,0.0003799301878279866,0.0007592834262664611,0.571736012614769,0.3846847750837899,0.5,16,16,625552,214996,34.36900529452387
15,12,0.015,0.003,random_forest,100,10,0.55,0.5926974683954777,True,0.7461272492439011,0.631578947368421,0.0003791349404442198,0.0007578149668455952,0.5722660502715556,0.29893168240467166,0.631578947368421,12,7,623262,157384,25.251659815615263
30,6,0.005,0.003,xgboost,200,10,0.55,0.8893495202064514,True,0.6566568515318911,0.5714285714285714,0.00037797358909546195,0.0007554474845959537,0.57849738681713,0.40365115292012155,0.5714285714285714,16,12,616392,217402,35.27008786616309
20,3,0.01,0.003,random_forest,200,5,0.5,0.5543872515330132,True,0.7221385724062965,0.5,0.00037671332116259525,0.0007528594179817576,0.572334280163205,0.3213500214336507,0.5,13,13,620972,170695,27.488356962954853
15,3,0.01,0.003,xgboost,100,10,0.5,0.835466206073761,True,0.7221085733997578,0.5,0.0003752886836027714,0.0007500144233542953,0.5737501749169974,0.3280901508064761,0.5,13,13,623262,171350,27.492451007762387
20,6,0.01,0.005,xgboost,100,10,0.55,0.8593024611473083,True,0.6545835178549861,0.5517241379310345,0.00037294298634096314,0.0007453821248049195,0.5627227471422714,0.3920897085351524,0.5517241379310345,16,13,620972,215661,34.729585230896085
30,3,0.01,0.005,random_forest,200,5,0.55,0.5455539316005177,True,0.6737157180054997,0.5769230769230769,0.0003728746146962315,0.0007452675510508272,0.5559396753552133,0.36068564253012014,0.5769230769230769,15,11,616392,198938,32.27459149372478
15,6,0.01,0.005,xgboost,100,10,0.55,0.860203742980957,True,0.6545690837765638,0.5714285714285714,0.0003715486612637299,0.0007426144670580864,0.5616996531989545,0.3897400795431101,0.5714285714285714,16,12,623262,216486,34.73434927847358
20,3,0.01,0.005,xgboost,100,5,0.55,0.818017840385437,True,0.6739965377028061,0.5555555555555556,0.0003704526931910795,0.0007404116688879016,0.5753113920490076,0.37660535824397673,0.5555555555555556,15,12,620972,200227,32.244126949363256
15,3,0.015,0.005,random_forest,100,10,0.5,0.6221673011936347,True,0.7392441417374632,0.5,0.00036918533103618014,0.0007378258730939498,0.5917703003862003,0.31787874132681915,0.5,12,12,623262,156869,25.169030038731705
10,3,0.01,0.005,xgboost,100,5,0.55,0.8103469610214233,True,0.673849621536076,0.5555555555555556,0.0003675749852970006,0.0007346638912697441,0.5715959748124596,0.3731556875986695,0.5555555555555556,15,12,625552,201919,32.27853160089009
30,3,0.005,0.003,xgboost,100,5,0.55,0.8335310220718384,False,0.6631786435645973,0.5172413793103449,0.0003612368750602061,0.0007219695328857123,0.5841401193513143,0.3940521103919885,0.5172413793103449,15,14,616392,211913,34.379583122428585
30,3,0.015,0.003,xgboost,200,5,0.55,0.8095652461051941,True,0.7745520323818331,0.5882352941176471,0.0003597639948193985,0.00071908819616726,0.6136539502193638,0.2962017736894696,0.5882352941176471,10,7,616392,134008,21.740710456981923
10,6,0.01,0.003,xgboost,200,15,0.55,0.879986047744751,True,0.7096258522432081,0.5652173913043478,0.0003578112958273698,0.0007151698528400495,0.5503729450171385,0.3256231830491753,0.5652173913043478,13,10,625552,182597,29.18973962196588
10,6,0.015,0.005,random_forest,200,10,0.55,0.594331601142965,True,0.7082590659494369,0.5909090909090909,0.00035612535612535614,0.0007118217160378908,0.5664467173649683,0.33518351830815685,0.5909090909090909,13,9,625552,179524,28.698493490549147
15,12,0.01,0.003,random_forest,200,10,0.55,0.5736115660516693,False,0.704523757952075,0.5416666666666666,0.0003529347885106152,0.0007054099517065494,0.5630966008231169,0.33660266087351676,0.5416666666666666,13,11,623262,186123,29.862722258055204
10,12,0.01,0.003,random_forest,100,15,0.55,0.5988495881848962,True,0.7043665225279951,0.5652173913043478,0.0003514463368477967,0.000702455893875125,0.5617692585128784,0.3368124427180703,0.5652173913043478,13,10,625552,186961,29.88736348057396
15,6,0.005,0.003,xgboost,100,5,0.55,0.8464348912239075,True,0.6569436756435866,0.5769230769230769,0.00035073771833422966,0.0007010492370247471,0.5837768907576681,0.40119671892159425,0.5769230769230769,15,11,623262,219616,35.236545786523166
30,3,0.01,0.003,random_forest,200,5,0.5,0.5533218116721447,True,0.7218666601773214,0.5217391304347826,0.00034996646154743504,0.0006994637444625787,0.5702534455816752,0.31942958403323396,0.5217391304347826,12,11,616392,169603,27.51544471699827
20,12,0.015,0.003,random_forest,200,5,0.5,0.5577419976555705,True,0.7460525786062241,0.5,0.00034877453311772726,0.0006970628307087862,0.56852947888882,0.2936865052183445,0.5,11,11,620972,156808,25.252024245859715
15,6,0.01,0.005,random_forest,200,10,0.5,0.5711032852247684,True,0.6545530392369217,0.5357142857142857,0.0003483268699347468,0.000696201062866956,0.5593230387604087,0.38559507835884466,0.5357142857142857,15,13,623262,216486,34.73434927847358
20,3,0.01,0.003,random_forest,100,10,0.5,0.5944379367382348,True,0.7221385724062965,0.5,0.00034773537338085716,0.0006949874033533142,0.5771468783183455,0.32614678652541595,0.5,12,12,620972,170695,27.488356962954853
15,3,0.01,0.003,random_forest,100,10,0.55,0.5961330465958137,True,0.7221326402092207,0.5714285714285714,0.0003464203233256351,0.0006924208764894262,0.5749267596810305,0.3247588961239365,0.5714285714285714,12,9,623262,171350,27.492451007762387
15,3,0.01,0.003,random_forest,100,5,0.5,0.554595162637988,True,0.7221165956695788,0.5217391304347826,0.0003464203233256351,0.0006923809249055189,0.5701932459512072,0.32110825973128304,0.5217391304347826,12,11,623262,171350,27.492451007762387
10,12,0.015,0.003,random_forest,200,15,0.55,0.6084233029352639,True,0.7459216216000192,0.55,0.00034602076124567473,0.0006916064130776486,0.5711868092010726,0.3006202212809683,0.55,11,9,625552,158145,25.28087193390797
10,12,0.015,0.003,xgboost,200,5,0.55,0.7969418168067932,True,0.7459216216000192,0.55,0.00034602076124567473,0.0006916064130776486,0.5778113766768064,0.30403187810972265,0.55,11,9,625552,158145,25.28087193390797
10,12,0.01,0.008,random_forest,200,5,0.55,0.5264540540139129,True,0.5778468719776838,0.5625,0.00034078000757288904,0.0006811473548777719,0.5560151922581862,0.4590658280392966,0.5625,18,14,625552,268278,42.88660255262552
20,3,0.015,0.005,random_forest,100,10,0.5,0.6209539824521871,True,0.7391923990498812,0.5,0.00033960050631348215,0.0006787400117236911,0.594086374349593,0.31783551068091487,0.5,11,11,620972,156263,25.16425861391496
20,3,0.015,0.005,random_forest,100,10,0.55,0.620953982452187,False,0.7391923990498812,0.5,0.00033960050631348215,0.0006787400117236911,0.594086374349593,0.31783551068091487,0.5,11,11,620972,156263,25.16425861391496
15,3,0.015,0.005,xgboost,100,5,0.55,0.7819487452507019,True,0.7392601862771052,0.55,0.00033841988678316514,0.0006764235641372525,0.5983424279822447,0.3221955873727696,0.55,11,9,623262,156869,25.169030038731705
30,12,0.01,0.003,random_forest,100,10,0.5,0.5839240241191971,True,0.7042724227159533,0.5454545454545454,0.00032913683864066484,0.0006578767029412571,0.561746935282815,0.3355348459182101,0.5454545454545454,12,10,616392,184268,29.894612519305895
30,12,0.01,0.003,random_forest,200,5,0.5,0.5417401828816046,True,0.7042561993526878,0.5,0.00032913683864066484,0.000657840638105419,0.5533994859078702,0.32784536804941866,0.5,12,12,616392,184268,29.894612519305895
10,6,0.015,0.005,random_forest,100,10,0.55,0.59673625962849,True,0.7082510730471342,0.5714285714285714,0.0003287310979618672,0.0006570841889117043,0.5654655520352447,0.3344177490703543,0.5714285714285714,12,9,625552,179524,28.698493490549147
10,6,0.015,0.005,random_forest,200,5,0.5,0.55871882245029,True,0.7082270943402259,0.5,0.0003287310979618672,0.000657030223390276,0.5571812281047356,0.3277288219998838,0.5,12,12,625552,179524,28.698493490549147
30,6,0.015,0.003,random_forest,100,10,0.55,0.6064436430446252,True,0.7531615279163524,0.5555555555555556,0.0003286014721345952,0.0006568144499178982,0.5811936973706061,0.2963800612778208,0.5555555555555556,10,8,616392,149207,24.206511440771457
20,6,0.005,0.003,random_forest,100,10,0.55,0.5996052454653498,True,0.6568863480816458,0.56,0.000328515111695138,0.0006566450130156422,0.5759032435993655,0.3965869215853324,0.56,14,11,620972,218805,35.23588825261042
20,6,0.015,0.003,random_forest,100,10,0.55,0.6069448722025232,True,0.7534280768146866,0.5555555555555556,0.00032653061224489796,0.0006526776098945926,0.5814971897935192,0.29601183412306853,0.5555555555555556,10,8,620972,150151,24.17999523327944
20,6,0.015,0.003,random_forest,200,15,0.5,0.6188347741602347,True,0.7534200249607472,0.5263157894736842,0.00032653061224489796,0.0006526563111865292,0.5811844501006559,0.298611368636188,0.5263157894736842,10,9,620972,150151,24.17999523327944
15,12,0.01,0.003,xgboost,200,10,0.55,0.8673802018165588,True,0.704531780221896,0.5714285714285714,0.00032578595862518323,0.0006512006512006512,0.561515717153785,0.34012295524427905,0.5714285714285714,12,9,623262,186123,29.862722258055204
15,6,0.015,0.003,xgboost,200,5,0.55,0.8018836975097656,True,0.7534676261301373,0.5882352941176471,0.00032537255157154944,0.0006503853533218432,0.5879086953229449,0.30292819556943174,0.5882352941176471,10,7,623262,150712,24.181162978009247
15,6,0.01,0.005,random_forest,200,10,0.55,0.5714555375661281,True,0.6545610615067428,0.56,0.0003251050786057637,0.0006498329001114,0.5593230387604087,0.38559507835884466,0.56,14,11,623262,216486,34.73434927847358
10,12,0.01,0.003,xgboost,100,10,0.55,0.8449146747589111,False,0.7043585296256923,0.5454545454545454,0.00032441200324412003,0.0006484383443207608,0.5632457837663363,0.3389917086221877,0.5454545454545454,12,10,625552,186961,29.88736348057396
10,6,0.015,0.003,xgboost,100,5,0.5,0.7730259895324707,True,0.7533150562300677,0.6666666666666666,0.000323960088117144,0.0006476054787423501,0.584011662873922,0.29866138959667665,0.6666666666666666,10,5,625552,151449,24.21045732409136
10,6,0.015,0.003,xgboost,100,5,0.55,0.7730259895324707,True,0.7533150562300677,0.6666666666666666,0.000323960088117144,0.0006476054787423501,0.584011662873922,0.29866138959667665,0.6666666666666666,10,5,625552,151449,24.21045732409136
10,6,0.015,0.003,random_forest,200,10,0.55,0.6071870036720246,True,0.7532990704254622,0.5882352941176471,0.000323960088117144,0.0006475635421725757,0.5784671259954569,0.29497258116007735,0.5882352941176471,10,7,625552,151449,24.21045732409136
15,12,0.01,0.008,xgboost,100,5,0.55,0.8580474257469177,True,0.5779884960650766,0.6071428571428571,0.00032312634239987833,0.0006459089268413153,0.5653302510213505,0.4676678963879614,0.6071428571428571,17,11,623262,267143,42.86207084661026
20,3,0.015,0.003,xgboost,100,15,0.55,0.8554831147193909,True,0.7749023712709852,0.6428571428571429,0.0003218884120171674,0.0006434546364481304,0.5842944440443053,0.2809992326703765,0.6428571428571429,9,5,620972,134836,21.71370045670336
20,3,0.015,0.003,random_forest,100,15,0.5,0.6514353409737109,True,0.7748701638552277,0.5,0.0003218884120171674,0.0006433626420759168,0.6020986170075889,0.2881957534245231,0.5,9,9,620972,134836,21.71370045670336
30,12,0.015,0.005,xgboost,100,5,0.55,0.8051638603210449,True,0.696420314895481,0.631578947368421,0.0003205984504408229,0.0006408715853560842,0.5632308043479669,0.34795104719063447,0.631578947368421,12,7,616392,186753,30.297765058599076
15,3,0.01,0.005,random_forest,200,5,0.5,0.5475881880632227,True,0.6739508876641557,0.52,0.00031985040842436767,0.0006393075807125821,0.5595409242060237,0.3639125792918514,0.52,13,12,623262,201004,32.25032169456826
10,3,0.015,0.003,random_forest,200,10,0.5,0.6319714226890555,True,0.774752020206057,0.6,0.00031933011637808685,0.0006383205078194262,0.5988303932089717,0.28446996784060835,0.6,9,6,625552,136036,21.74655344399826
10,3,0.015,0.003,random_forest,200,10,0.55,0.6319714226890555,True,0.774752020206057,0.6,0.00031933011637808685,0.0006383205078194262,0.5988303932089717,0.28446996784060835,0.6,9,6,625552,136036,21.74655344399826
10,3,0.015,0.003,xgboost,100,5,0.55,0.7684635519981384,True,0.7747440273037542,0.5625,0.00031933011637808685,0.0006382978723404255,0.6067062308562741,0.2890171043124659,0.5625,9,7,625552,136036,21.74655344399826
10,3,0.015,0.003,xgboost,100,5,0.5,0.7684635519981384,True,0.7747440273037542,0.5625,0.00031933011637808685,0.0006382978723404255,0.6067062308562741,0.2890171043124659,0.5625,9,7,625552,136036,21.74655344399826
15,3,0.01,0.003,random_forest,100,5,0.55,0.5548867757505751,True,0.7221326402092207,0.5789473684210527,0.00031755196304849887,0.0006347557632938053,0.5701932459512072,0.32110825973128304,0.5789473684210527,11,8,623262,171350,27.492451007762387
15,12,0.015,0.005,random_forest,200,15,0.55,0.5982735542270899,True,0.6967582007653246,0.5714285714285714,0.00031743512419649236,0.0006345177664974619,0.5597215958117325,0.34425663687938024,0.5714285714285714,12,9,623262,188637,30.266083926181924
15,12,0.015,0.005,xgboost,200,5,0.5,0.8175486326217651,True,0.6967501784955035,0.5454545454545454,0.00031743512419649236,0.000634500991407799,0.5634188933992881,0.3457060750150927,0.5454545454545454,12,10,623262,188637,30.266083926181924
20,12,0.015,0.003,random_forest,200,5,0.55,0.5584537978850411,True,0.7460847860219816,0.625,0.00031706775737975205,0.0006338139755981619,0.56852947888882,0.2936865052183445,0.625,10,6,620972,156808,25.252024245859715
20,12,0.015,0.003,xgboost,100,15,0.55,0.8526530861854553,True,0.7460767341680422,0.5882352941176471,0.00031706775737975205,0.0006337938902268982,0.5524807791496922,0.2907391026028053,0.5882352941176471,10,7,620972,156808,25.252024245859715
10,12,0.015,0.003,random_forest,100,5,0.5,0.5586660608800968,True,0.7459056357954137,0.5,0.00031456432840515884,0.0006287331027978623,0.5640529074676842,0.29213607506381606,0.5,10,10,625552,158145,25.28087193390797
30,3,0.005,0.003,random_forest,200,15,0.5,0.5979660471165466,True,0.6631705318829647,0.5,0.000313071958385512,0.0006257521058965102,0.5763337076338362,0.39061539609684365,0.5,13,13,616392,211913,34.379583122428585
30,12,0.005,0.003,random_forest,100,5,0.55,0.5722444792358237,True,0.6534689606502324,0.5652173913043478,0.00030428574772370853,0.0006082440462265475,0.5688185407185806,0.39787409222033143,0.5652173913043478,13,10,616392,220054,35.70033355397214
30,12,0.005,0.003,random_forest,100,5,0.5,0.5722444792358237,True,0.6534689606502324,0.5652173913043478,0.00030428574772370853,0.0006082440462265475,0.5688185407185806,0.39787409222033143,0.5652173913043478,13,10,616392,220054,35.70033355397214
20,6,0.015,0.005,random_forest,200,10,0.55,0.5921995811829831,True,0.7084101614396715,0.55,0.0003037331566158604,0.0006071310299150017,0.5689760216314448,0.336573528260861,0.55,11,9,620972,177989,28.66296709030359
20,6,0.01,0.005,xgboost,100,5,0.55,0.8197892904281616,False,0.6545754660010468,0.5416666666666666,0.00030301617640203255,0.0006056935190793458,0.5646006267359116,0.3889126532130754,0.5416666666666666,13,11,620972,215661,34.729585230896085
15,6,0.015,0.005,random_forest,100,10,0.55,0.5916508054502604,True,0.7084787369738393,0.7333333333333333,0.0003026467836900897,0.0006050438656802618,0.567413282513259,0.3342285515881839,0.7333333333333333,11,4,623262,178667,28.666435624183727
15,6,0.015,0.005,xgboost,200,10,0.55,0.8606883883476257,True,0.7084386256247343,0.55,0.0003026467836900897,0.0006049606775559589,0.5653255594293274,0.33802965413531877,0.55,11,9,623262,178667,28.666435624183727
15,6,0.01,0.005,random_forest,100,10,0.5,0.5746812742565688,True,0.6545690837765638,0.5909090909090909,0.0003018832872767805,0.0006034582801439016,0.558667720321413,0.3845501769231296,0.5909090909090909,13,9,623262,216486,34.73434927847358
15,6,0.01,0.005,random_forest,100,10,0.55,0.5746812742565688,True,0.6545690837765638,0.5909090909090909,0.0003018832872767805,0.0006034582801439016,0.558667720321413,0.3845501769231296,0.5909090909090909,13,9,623262,216486,34.73434927847358
30,12,0.01,0.003,random_forest,100,10,0.55,0.5839872285129792,True,0.7042724227159533,0.55,0.0003017087687539428,0.0006030867074207078,0.561746935282815,0.3355348459182101,0.55,11,9,616392,184268,29.894612519305895
10,6,0.015,0.005,xgboost,100,5,0.55,0.7921364903450012,True,0.7082430801448314,0.55,0.0003013368397983783,0.0006023436644398204,0.569588554838407,0.3369015473870887,0.55,11,9,625552,179524,28.698493490549147
10,6,0.015,0.005,xgboost,200,10,0.55,0.8646755218505859,True,0.7082430801448314,0.55,0.0003013368397983783,0.0006023436644398204,0.5610397719886053,0.3350112534002852,0.55,11,9,625552,179524,28.698493490549147
15,3,0.01,0.005,random_forest,100,5,0.55,0.5470177428864544,True,0.6739669322037978,0.5714285714285714,0.0002952465308532625,0.0005901881224640354,0.558806448130486,0.36338568974892355,0.5714285714285714,12,9,623262,201004,32.25032169456826
15,12,0.01,0.005,random_forest,200,10,0.5,0.5662283387554692,True,0.6466350589235719,0.52,0.0002951258825398987,0.0005899169578436266,0.557202607193935,0.3930074778714227,0.52,13,12,623262,223023,35.78318588330429
20,3,0.015,0.008,random_forest,100,15,0.55,0.6523372555313902,True,0.6993276701960627,0.55,0.00029455869751499573,0.0005888020554544481,0.5973033140620814,0.36255817807508556,0.55,11,9,620972,180125,29.00694395238433
20,3,0.015,0.008,random_forest,200,5,0.55,0.5860509128068998,True,0.6993276701960627,0.55,0.00029455869751499573,0.0005888020554544481,0.5889092455428274,0.35253957533555785,0.55,11,9,620972,180125,29.00694395238433
20,6,0.015,0.003,random_forest,200,15,0.55,0.6206410304778079,True,0.7534280768146866,0.5625,0.0002938775510204082,0.0005874481903332137,0.5811844501006559,0.298611368636188,0.5625,9,7,620972,150151,24.17999523327944
30,3,0.01,0.003,random_forest,100,5,0.5,0.5540890772358203,True,0.7218909952222196,0.625,0.00029163871795619584,0.0005830053927998834,0.5707330570710556,0.3199559229211423,0.625,10,6,616392,169603,27.51544471699827
30,3,0.01,0.003,random_forest,100,5,0.55,0.5540890772358202,True,0.7218909952222196,0.625,0.00029163871795619584,0.0005830053927998834,0.5707330570710556,0.3199559229211423,0.625,10,6,616392,169603,27.51544471699827
10,6,0.015,0.003,xgboost,200,5,0.5,0.8018112182617188,True,0.7532830846208567,0.5294117647058824,0.0002915640793054296,0.0005828071879553182,0.5866132430563775,0.3013781457405928,0.5294117647058824,9,8,625552,151449,24.21045732409136
15,12,0.015,0.005,xgboost,200,5,0.55,0.817779004573822,True,0.6967582007653246,0.5789473684210527,0.000290982197180118,0.0005816720427264555,0.5634188933992881,0.3457060750150927,0.5789473684210527,11,8,623262,188637,30.266083926181924
15,3,0.01,0.003,xgboost,100,10,0.55,0.844397246837616,True,0.7221246179393997,0.5555555555555556,0.0002886836027713626,0.0005770673437590167,0.5737501749169974,0.3280901508064761,0.5555555555555556,10,8,623262,171350,27.492451007762387
10,3,0.01,0.003,xgboost,200,5,0.55,0.8135978579521179,True,0.7220148508124785,0.5555555555555556,0.0002875132974900089,0.000574729158883876,0.5813371800403591,0.33153821500962927,0.5555555555555556,10,8,625552,172139,27.51793615878456
15,12,0.015,0.008,xgboost,200,5,0.5,0.8519584536552429,True,0.636334464473378,0.52,0.00028676681446187103,0.0005732175139997355,0.5583982681515891,0.4045288961581354,0.52,13,12,623262,227060,36.43090706637016
15,12,0.015,0.008,xgboost,200,5,0.55,0.8519584536552429,False,0.636334464473378,0.52,0.00028676681446187103,0.0005732175139997355,0.5583982681515891,0.4045288961581354,0.52,13,12,623262,227060,36.43090706637016
10,12,0.015,0.008,xgboost,200,5,0.55,0.843946099281311,True,0.6361790729831909,0.5909090909090909,0.00028557620491191074,0.0005708765150184437,0.5564094044146486,0.40382188748225684,0.5909090909090909,13,9,625552,228088,36.46187687034811
20,12,0.015,0.003,random_forest,200,10,0.55,0.5946285033416704,True,0.7460767341680422,0.6,0.00028536098164177684,0.0005704506560182544,0.5747058038549427,0.2991586412520187,0.6,9,6,620972,156808,25.252024245859715
20,12,0.015,0.003,random_forest,200,10,0.5,0.5946285033416704,True,0.7460767341680422,0.6,0.00028536098164177684,0.0005704506560182544,0.5747058038549427,0.2991586412520187,0.6,9,6,620972,156808,25.252024245859715
10,3,0.005,0.003,random_forest,200,5,0.5,0.5398981476964095,True,0.6633949053240722,0.5,0.00028494764087099,0.0005695706860953556,0.5635337985373591,0.3791138847289745,0.5,12,12,625552,214996,34.36900529452387
15,12,0.015,0.003,random_forest,200,10,0.5,0.5906169687647944,True,0.746087137894796,0.5,0.0002843512053331648,0.000568379172061006,0.5728943143158144,0.2989593557083536,0.5,9,9,623262,157384,25.251659815615263
10,12,0.015,0.003,random_forest,100,10,0.55,0.595799208943858,True,0.7459216216000192,0.5625,0.00028310789556464295,0.0005659309564233164,0.5711041388600696,0.29797908344617674,0.5625,9,7,625552,158145,25.28087193390797
10,12,0.015,0.003,xgboost,200,10,0.5,0.8491814136505127,True,0.7459056357954137,0.5,0.00028310789556464295,0.0005658953722334004,0.5652827993514449,0.2992233381086346,0.5,9,9,625552,158145,25.28087193390797
10,6,0.005,0.003,xgboost,100,10,0.55,0.8756922483444214,True,0.6568567112404186,0.5714285714285714,0.00027949876554711885,0.0005587242463042719,0.5767503823049567,0.3976851544560885,0.5714285714285714,12,9,625552,220541,35.25542241092667
30,6,0.01,0.003,random_forest,100,5,0.5,0.5448231973221653,True,0.7095531274588535,0.5,0.0002792828017650673,0.0005582537821693742,0.5593492527516661,0.32533920345201484,0.5,10,10,616392,179939,29.19229970538229
15,6,0.015,0.008,random_forest,100,5,0.5,0.5523723010799252,True,0.654994264077078,0.5,0.00027903083290703625,0.0005577504066930049,0.5565636395279454,0.38035874771969375,0.5,12,12,623262,211891,33.9970991332698
15,6,0.01,0.003,xgboost,200,15,0.5,0.8775355219841003,True,0.709762300145203,0.5,0.00027640343845877443,0.0005525014503163071,0.5544001922826197,0.3280537329593183,0.5,10,10,623262,181774,29.16494187035308
20,6,0.015,0.005,xgboost,200,10,0.55,0.8647832870483398,True,0.7084101614396715,0.5555555555555556,0.000276121051468964,0.0005519677650825191,0.5652046322036711,0.3377334698812155,0.5555555555555556,10,8,620972,177989,28.66296709030359
15,6,0.015,0.005,xgboost,100,10,0.55,0.8360488414764404,True,0.7084386256247343,0.5555555555555556,0.00027513343971826337,0.0005499945000549994,0.5679774235245734,0.3388903432764282,0.5555555555555556,10,8,623262,178667,28.666435624183727
15,6,0.015,0.005,xgboost,200,5,0.5,0.8140004277229309,True,0.7084225810850923,0.5,0.00027513343971826337,0.000549964252323599,0.5745999921606584,0.34044967810135235,0.5,10,10,623262,178667,28.666435624183727
30,12,0.01,0.003,random_forest,100,5,0.55,0.5459008429687807,True,0.7042886460792187,0.625,0.0002742806988672207,0.0005483207676490747,0.5535572108942272,0.3276780595094722,0.625,10,6,616392,184268,29.894612519305895
30,12,0.01,0.003,random_forest,100,5,0.5,0.5459008429687806,True,0.7042886460792187,0.625,0.0002742806988672207,0.0005483207676490747,0.5535572108942272,0.3276780595094722,0.625,10,6,616392,184268,29.894612519305895
10,6,0.015,0.005,xgboost,100,10,0.55,0.8442391157150269,True,0.7082430801448314,0.5555555555555556,0.00027394258163488934,0.0005476151360823613,0.5628958551769825,0.33453056488457183,0.5555555555555556,10,8,625552,179524,28.698493490549147
15,12,0.01,0.003,random_forest,100,10,0.55,0.5762640169939509,False,0.7045157356822539,0.5263157894736842,0.0002714882988543194,0.0005426966597020595,0.5625569095123641,0.33606318229783816,0.5263157894736842,10,9,623262,186123,29.862722258055204
30,3,0.005,0.003,random_forest,200,15,0.55,0.5990965299100575,True,0.6632029786094955,0.6111111111111112,0.00026490704171081784,0.0005295845168744885,0.5763337076338362,0.39061539609684365,0.6111111111111112,11,7,616392,211913,34.379583122428585
15,12,0.015,0.005,random_forest,200,5,0.5,0.5407524634357564,True,0.6967501784955035,0.5555555555555556,0.00026452927016374365,0.000528806747574099,0.5529507368982894,0.33640552192049195,0.5555555555555556,10,8,623262,188637,30.266083926181924
15,12,0.015,0.005,random_forest,200,5,0.55,0.5407524634357564,True,0.6967501784955035,0.5555555555555556,0.00026452927016374365,0.000528806747574099,0.5529507368982894,0.33640552192049195,0.5555555555555556,10,8,623262,188637,30.266083926181924
10,12,0.015,0.005,xgboost,200,15,0.5,0.8897082209587097,True,0.6965414711735979,0.5,0.00026339356266132856,0.0005265097667561733,0.5468405151026006,0.33744684069864544,0.5,10,10,625552,189528,30.297721052766196
15,3,0.005,0.003,xgboost,100,5,0.55,0.8368986248970032,True,0.6634978700873625,0.6111111111111112,0.00026221692491060786,0.0005242089210827297,0.5823478594232183,0.3921951213745014,0.6111111111111112,11,7,623262,214089,34.349759812085445
20,3,0.01,0.003,random_forest,200,5,0.55,0.5550093106066554,True,0.7221546761141753,0.5625,0.0002608015300356429,0.0005213613323678494,0.572334280163205,0.3213500214336507,0.5625,9,7,620972,170695,27.488356962954853
15,6,0.015,0.003,xgboost,200,15,0.55,0.8587702512741089,True,0.7534596038603162,0.5714285714285714,0.00026029804125723955,0.0005203590477429426,0.5588666903373098,0.28580206772525035,0.5714285714285714,8,6,623262,150712,24.181162978009247
30,3,0.01,0.008,random_forest,100,5,0.5,0.5525667075560221,True,0.6201542841846543,0.6,0.00025624052443894,0.0005122622782864827,0.5645069902154518,0.4207587417416188,0.6,12,8,616392,231335,37.530500071383145
30,3,0.01,0.008,random_forest,200,5,0.55,0.5520634101177753,True,0.6201542841846543,0.6,0.00025624052443894,0.0005122622782864827,0.5645091958577415,0.4205601134803496,0.6,12,8,616392,231335,37.530500071383145
30,3,0.01,0.008,random_forest,100,5,0.55,0.552566707556022,True,0.6201542841846543,0.6,0.00025624052443894,0.0005122622782864827,0.5645069902154518,0.4207587417416188,0.6,12,8,616392,231335,37.530500071383145
15,12,0.005,0.003,random_forest,200,5,0.5,0.5712960265397743,True,0.6537668567944614,0.5238095238095238,0.00025486561631139944,0.0005094833375790278,0.5696085412340663,0.39751868531847245,0.5238095238095238,11,10,623262,222291,35.66573928781155
10,6,0.01,0.005,random_forest,100,10,0.55,0.5702760675876971,True,0.65439489733117,0.55,0.0002543881963876876,0.0005085411802778484,0.5585646530254968,0.38478370151774827,0.55,11,9,625552,217445,34.76049952681791
15,12,0.015,0.003,random_forest,200,10,0.55,0.5926723887718865,True,0.7461192269740801,0.6666666666666666,0.0002527566269628132,0.0005053216688248113,0.5728943143158144,0.2989593557083536,0.6666666666666666,8,4,623262,157384,25.251659815615263
20,12,0.01,0.005,xgboost,200,10,0.55,0.8911731839179993,True,0.6466524417247071,0.55,0.00025064940983457137,0.0005010704687286475,0.5602073539057292,0.39855239748650717,0.55,11,9,620972,222184,35.78003517066792
20,3,0.015,0.003,xgboost,100,10,0.55,0.8319453597068787,True,0.7748862675631064,0.5833333333333334,0.00025035765379113016,0.0005005005005005005,0.6028207875957555,0.289784718340787,0.5833333333333334,7,5,620972,134836,21.71370045670336
20,3,0.015,0.003,xgboost,100,10,0.5,0.8319453597068787,True,0.7748862675631064,0.5833333333333334,0.00025035765379113016,0.0005005005005005005,0.6028207875957555,0.289784718340787,0.5833333333333334,7,5,620972,134836,21.71370045670336
30,12,0.01,0.008,random_forest,200,5,0.55,0.5339993301309147,True,0.5774949504781837,0.5652173913043478,0.0002495728464743036,0.0004989253914645379,0.5559229404471219,0.4598385209679152,0.5652173913043478,13,10,616392,264422,42.898350400394555
30,12,0.01,0.008,random_forest,200,5,0.5,0.5339993301309147,True,0.5774949504781837,0.5652173913043478,0.0002495728464743036,0.0004989253914645379,0.5559229404471219,0.4598385209679152,0.5652173913043478,13,10,616392,264422,42.898350400394555
15,3,0.015,0.003,random_forest,100,5,0.5,0.5948192032325009,True,0.7749352201711952,0.5833333333333334,0.0002494921053569519,0.0004987708860308526,0.5902875600521778,0.2777490894539571,0.5833333333333334,7,5,623262,135352,21.71670982668605
15,3,0.015,0.003,random_forest,100,5,0.55,0.5948192032325008,True,0.7749352201711952,0.5833333333333334,0.0002494921053569519,0.0004987708860308526,0.5902875600521778,0.2777490894539571,0.5833333333333334,7,5,623262,135352,21.71670982668605
15,6,0.01,0.003,xgboost,100,15,0.5,0.8718662858009338,True,0.709762300145203,0.5,0.000248763094612897,0.000497278780009393,0.553944511188398,0.32836979478556605,0.5,9,9,623262,181774,29.16494187035308
10,3,0.015,0.003,random_forest,100,15,0.55,0.6551339790954305,True,0.7747440273037542,0.5833333333333334,0.00024836786829406755,0.0004965243296921549,0.598019209501861,0.2847712268340894,0.5833333333333334,7,5,625552,136036,21.74655344399826
15,6,0.015,0.005,random_forest,200,5,0.5,0.5552749188295851,True,0.7084225810850923,0.5,0.00024762009574643703,0.0004949950500494995,0.5591478128060533,0.3282766688958709,0.5,9,9,623262,178667,28.666435624183727
10,6,0.015,0.005,random_forest,100,5,0.5,0.5589321369194346,True,0.7082270943402259,0.5,0.0002465483234714004,0.0004928536224741252,0.5569030453135155,0.3275070760755917,0.5,9,9,625552,179524,28.698493490549147
20,3,0.015,0.008,random_forest,200,10,0.55,0.628255962390253,True,0.6993437739039414,0.6428571428571429,0.0002410025706940874,0.0004818245088066813,0.5972343449245884,0.36154623988365225,0.6428571428571429,9,5,620972,180125,29.00694395238433
10,3,0.015,0.008,random_forest,200,5,0.55,0.5929004140799045,True,0.6991631431289015,0.6428571428571429,0.00023909462834068327,0.0004780114722753346,0.5881656944674886,0.3532751814691855,0.6428571428571429,9,5,625552,181741,29.052900478297566
15,3,0.005,0.003,xgboost,200,5,0.55,0.8506476879119873,True,0.6634898478175415,0.5882352941176471,0.00023837902264600716,0.00047656492005623466,0.5840043535308224,0.39365267978686497,0.5882352941176471,10,7,623262,214089,34.349759812085445
15,12,0.015,0.005,random_forest,100,10,0.5,0.580683733073485,True,0.6967501784955035,0.5625,0.00023807634314736926,0.0004759512414394881,0.5573640409022255,0.34051918969282213,0.5625,9,7,623262,188637,30.266083926181924
15,12,0.015,0.005,random_forest,100,10,0.55,0.5806837330734849,True,0.6967501784955035,0.5625,0.00023807634314736926,0.0004759512414394881,0.5573640409022255,0.34051918969282213,0.5625,9,7,623262,188637,30.266083926181924
10,3,0.005,0.003,random_forest,100,5,0.5,0.5400808047025548,True,0.6634188840309805,0.5882352941176471,0.00023745636739249163,0.00047472110135295516,0.5636880055598996,0.37940060309688606,0.5882352941176471,10,7,625552,214996,34.36900529452387
10,3,0.005,0.003,random_forest,100,5,0.55,0.5400808047025548,True,0.6634188840309805,0.5882352941176471,0.00023745636739249163,0.00047472110135295516,0.5636880055598996,0.37940060309688606,0.5882352941176471,10,7,625552,214996,34.36900529452387
10,6,0.01,0.008,xgboost,200,5,0.55,0.861013650894165,False,0.5898602041387249,0.5454545454545454,0.000233849751534639,0.00046749907474141457,0.5676242675512497,0.4572402369045566,0.5454545454545454,12,10,625552,258184,41.272987697265776
20,3,0.01,0.003,random_forest,100,10,0.55,0.5976854948694814,True,0.7221627279681146,0.6153846153846154,0.0002318235822539048,0.00046347256821736865,0.5771468783183455,0.32614678652541595,0.6153846153846154,8,5,620972,170695,27.488356962954853
15,3,0.01,0.003,xgboost,200,15,0.55,0.8883494138717651,True,0.7221246179393997,0.5714285714285714,0.00023094688221709007,0.0004617071622323541,0.5591827669734335,0.31827946455112927,0.5714285714285714,8,6,623262,171350,27.492451007762387
10,3,0.01,0.003,random_forest,200,5,0.55,0.5586086344916837,True,0.7220148508124785,0.5714285714285714,0.00023001063799200713,0.0004598361833596781,0.5686905432057512,0.32089888520492127,0.5714285714285714,8,6,625552,172139,27.51793615878456
10,3,0.01,0.003,random_forest,200,5,0.5,0.5586086344916837,True,0.7220148508124785,0.5714285714285714,0.00023001063799200713,0.0004598361833596781,0.5686905432057512,0.32089888520492127,0.5714285714285714,8,6,625552,172139,27.51793615878456
20,12,0.01,0.008,random_forest,200,10,0.55,0.5998157874956926,True,0.5779298683521881,0.5714285714285714,0.00022891152569531876,0.0004576397231279675,0.5623116510698252,0.4650493726178508,0.5714285714285714,12,9,620972,266109,42.85362302970182
20,6,0.015,0.003,random_forest,200,10,0.55,0.6051226839529732,False,0.7534200249607472,0.5384615384615384,0.00022857142857142857,0.0004569488870030681,0.5825067598414806,0.2972311012165314,0.5384615384615384,7,6,620972,150151,24.17999523327944
15,12,0.01,0.005,random_forest,200,10,0.55,0.5701693687466208,True,0.6466430811933929,0.5555555555555556,0.00022701990964607596,0.000453854358136474,0.557202607193935,0.3930074778714227,0.5555555555555556,10,8,623262,223023,35.78318588330429
10,6,0.015,0.003,random_forest,100,10,0.5,0.6113247030174811,True,0.7533150562300677,0.7777777777777778,0.00022677206168200076,0.0004534119247336205,0.5783432282687715,0.2949392874623575,0.7777777777777778,7,2,625552,151449,24.21045732409136
10,6,0.015,0.003,random_forest,100,10,0.55,0.6113247030174812,True,0.7533150562300677,0.7777777777777778,0.00022677206168200076,0.0004534119247336205,0.5783432282687715,0.2949392874623575,0.7777777777777778,7,2,625552,151449,24.21045732409136
10,12,0.01,0.005,random_forest,200,15,0.55,0.5862293778433048,True,0.646489916953745,0.5555555555555556,0.00022609088853719196,0.00045199783041041403,0.5578783360541382,0.3944365701760314,0.5555555555555556,10,8,625552,224005,35.80917333810778
30,6,0.01,0.003,random_forest,100,5,0.55,0.5453018231527476,True,0.7095693508221189,0.5714285714285714,0.00022342624141205385,0.00044667783361250696,0.5593492527516661,0.32533920345201484,0.5714285714285714,8,6,616392,179939,29.19229970538229
20,3,0.01,0.005,random_forest,200,5,0.5,0.5464221849578221,True,0.6739804339949274,0.5294117647058824,0.0002222716159146477,0.00044435667028735066,0.5596856470852116,0.3636503223017477,0.5294117647058824,9,8,620972,200227,32.244126949363256
15,6,0.01,0.003,random_forest,100,10,0.5,0.5836041933150192,True,0.7097863669546661,0.6153846153846154,0.00022112275076701954,0.0004420866489832007,0.5668457975720751,0.3333812397303289,0.6153846153846154,8,5,623262,181774,29.16494187035308
15,6,0.01,0.003,random_forest,100,10,0.55,0.5836041933150191,True,0.7097863669546661,0.6153846153846154,0.00022112275076701954,0.0004420866489832007,0.5668457975720751,0.3333812397303289,0.6153846153846154,8,5,623262,181774,29.16494187035308
10,6,0.01,0.003,random_forest,100,10,0.55,0.5838007846816907,True,0.7096178593409053,0.5714285714285714,0.0002201915666629968,0.00044021350354922137,0.565212652059748,0.33232962725391246,0.5714285714285714,8,6,625552,182597,29.18973962196588
30,3,0.015,0.005,random_forest,100,5,0.5,0.5837643424337261,True,0.7388525215162355,0.5,0.00021743181959371313,0.00043467461500248385,0.5853688297495467,0.3098330436207813,0.5,7,7,616392,155288,25.19305896247842
30,3,0.005,0.003,random_forest,100,15,0.55,0.6055057465790541,True,0.6631948669278628,0.6,0.0002167421250361237,0.00043332771612219844,0.5753542274672274,0.3900922482043328,0.6,9,6,616392,211913,34.379583122428585
30,3,0.015,0.003,random_forest,200,5,0.5,0.590711796608361,True,0.7745276973369349,0.5,0.00021585839689163908,0.00043153049482163404,0.5946562095597074,0.27950293083217936,0.5,6,6,616392,134008,21.740710456981923
15,3,0.015,0.005,random_forest,100,5,0.5,0.5884943266278356,True,0.7392441417374632,0.5,0.0002153581097711051,0.000430530782950981,0.5836284694038807,0.3094489755371897,0.5,7,7,623262,156869,25.169030038731705
20,3,0.005,0.003,xgboost,200,10,0.55,0.8883585333824158,True,0.6634325053343533,0.6,0.00021529555295074517,0.000430436654072409,0.5765730869985775,0.39165702427587734,0.6,9,6,620972,213297,34.34889173746964
15,6,0.01,0.008,random_forest,200,10,0.55,0.5785442762386971,True,0.5899978339871483,0.55,0.000215222070045001,0.0004302757676510855,0.5643902857348715,0.4536313034335247,0.55,11,9,623262,257084,41.24814283559723
20,3,0.015,0.003,random_forest,100,10,0.55,0.6325207756568035,False,0.7748701638552277,0.5,0.00021459227467811158,0.000429000429000429,0.6028790411050442,0.28683530546822694,0.5,6,6,620972,134836,21.71370045670336
20,3,0.015,0.003,random_forest,100,10,0.5,0.6325207756568034,True,0.7748701638552277,0.5,0.00021459227467811158,0.000429000429000429,0.6028790411050442,0.28683530546822694,0.5,6,6,620972,134836,21.71370045670336
15,3,0.015,0.003,random_forest,200,10,0.5,0.6323182445418336,True,0.7749352201711952,0.6,0.0002138503760202445,0.00042754836640895004,0.6002176836071864,0.2851469322878899,0.6,6,4,623262,135352,21.71670982668605
15,3,0.015,0.003,random_forest,200,10,0.55,0.6323182445418336,True,0.7749352201711952,0.6,0.0002138503760202445,0.00042754836640895004,0.6002176836071864,0.2851469322878899,0.6,6,4,623262,135352,21.71670982668605
10,3,0.005,0.003,random_forest,200,10,0.55,0.5712471819797351,True,0.6634188840309805,0.6,0.00021371073065324246,0.0004272692745917205,0.5718471351452317,0.38500937611276265,0.6,9,6,625552,214996,34.36900529452387
10,3,0.005,0.003,random_forest,100,10,0.55,0.573337452587308,True,0.6634108911286777,0.5625,0.00021371073065324246,0.0004272591326639607,0.571736012614769,0.3846847750837899,0.5625,9,7,625552,214996,34.36900529452387
20,12,0.015,0.005,random_forest,100,10,0.55,0.5853258552608019,True,0.6967027658118282,0.5714285714285714,0.0002123705866737457,0.0004245833775607685,0.5592625819486382,0.34168012737817083,0.5714285714285714,8,6,620972,187935,30.264649613831217
30,12,0.01,0.008,random_forest,100,5,0.55,0.5369466527208158,True,0.5774868387965509,0.55,0.00021117702393979535,0.0004221919438100904,0.5556819647268059,0.4590686841108487,0.55,11,9,616392,264422,42.898350400394555
30,12,0.01,0.008,random_forest,100,5,0.5,0.5369466527208158,True,0.5774868387965509,0.55,0.00021117702393979535,0.0004221919438100904,0.5556819647268059,0.4590686841108487,0.55,11,9,616392,264422,42.898350400394555
10,12,0.015,0.005,random_forest,200,5,0.5,0.5437786476594739,True,0.6965494640759006,0.5333333333333333,0.00021071485012906285,0.00042126326321055265,0.5510367794162893,0.3355429251100168,0.5333333333333333,8,7,625552,189528,30.297721052766196
10,12,0.015,0.005,random_forest,100,5,0.5,0.5436630246183284,True,0.6965494640759006,0.5333333333333333,0.00021071485012906285,0.00042126326321055265,0.5504301347298045,0.3351529245300293,0.5333333333333333,8,7,625552,189528,30.297721052766196
20,3,0.01,0.005,random_forest,200,5,0.55,0.5466337505319929,True,0.6740126414106848,0.7272727272727273,0.00019757476970190906,0.0003950422201372772,0.5596856470852116,0.3636503223017477,0.7272727272727273,8,3,620972,200227,32.244126949363256
15,3,0.01,0.005,xgboost,100,10,0.55,0.8622870445251465,True,0.6739829767434398,0.7272727272727273,0.00019683102056884165,0.0003935555282253105,0.5681148510059358,0.3731248177723082,0.7272727272727273,8,3,623262,201004,32.25032169456826
15,3,0.01,0.005,random_forest,200,5,0.55,0.5480907603826285,True,0.6739589099339767,0.5714285714285714,0.00019683102056884165,0.00039352648925180774,0.5595409242060237,0.3639125792918514,0.5714285714285714,8,6,623262,201004,32.25032169456826
20,6,0.015,0.003,random_forest,200,5,0.5,0.5678130352764109,True,0.7534200249607472,0.5454545454545454,0.0001959183673469388,0.0003916960438699569,0.5736982062539668,0.28937603703573556,0.5454545454545454,6,5,620972,150151,24.17999523327944
30,6,0.01,0.003,random_forest,200,5,0.5,0.544012878770991,True,0.7095612391404862,0.5384615384615384,0.00019549796123554712,0.00039085401602501464,0.5596518531275152,0.3254457990215369,0.5384615384615384,7,6,616392,179939,29.19229970538229
30,6,0.01,0.003,random_forest,200,5,0.55,0.544012878770991,False,0.7095612391404862,0.5384615384615384,0.00019549796123554712,0.00039085401602501464,0.5596518531275152,0.3254457990215369,0.5384615384615384,7,6,616392,179939,29.19229970538229
15,6,0.015,0.003,xgboost,100,10,0.55,0.8337785601615906,True,0.7534676261301373,0.6666666666666666,0.00019522353094292966,0.0003903327586767719,0.5789136019163561,0.29881418871846954,0.6666666666666666,6,3,623262,150712,24.181162978009247
15,6,0.015,0.003,random_forest,200,5,0.5,0.5686169838385351,True,0.7534676261301373,0.6666666666666666,0.00019522353094292966,0.0003903327586767719,0.5723453401792493,0.28978478055612183,0.6666666666666666,6,3,623262,150712,24.181162978009247
15,6,0.015,0.003,random_forest,200,5,0.55,0.5686169838385351,True,0.7534676261301373,0.6666666666666666,0.00019522353094292966,0.0003903327586767719,0.5723453401792493,0.28978478055612183,0.6666666666666666,6,3,623262,150712,24.181162978009247
15,6,0.015,0.003,xgboost,100,10,0.5,0.8337785601615906,True,0.7534676261301373,0.6666666666666666,0.00019522353094292966,0.0003903327586767719,0.5789136019163561,0.29881418871846954,0.6666666666666666,6,3,623262,150712,24.181162978009247
10,6,0.015,0.003,random_forest,100,15,0.5,0.6334774918765954,True,0.7532830846208567,0.5454545454545454,0.0001943760528702864,0.0003886136209074128,0.5775985449408078,0.29569003469200955,0.5454545454545454,6,5,625552,151449,24.21045732409136
10,6,0.01,0.003,random_forest,200,5,0.5,0.5453835735637861,True,0.7096098664386025,0.5384615384615384,0.00019266762083012222,0.00038519741367450816,0.5601578105348956,0.3277084682413091,0.5384615384615384,7,6,625552,182597,29.18973962196588
30,3,0.005,0.003,xgboost,200,5,0.55,0.8530061841011047,True,0.66318675524623,0.5714285714285714,0.00019265966669877662,0.0003851894650681304,0.5862539289637498,0.396974025773247,0.5714285714285714,8,6,616392,211913,34.379583122428585
10,6,0.01,0.003,random_forest,200,10,0.5,0.5818643428528962,True,0.7096018735362998,0.5,0.00019266762083012222,0.0003851868156055687,0.5657196477365996,0.3326126342842604,0.5,7,7,625552,182597,29.18973962196588
15,6,0.015,0.005,xgboost,100,5,0.5,0.7986107468605042,True,0.7084306033549133,0.5384615384615384,0.00019259340780278434,0.00038504909375945435,0.5724539969750844,0.3384599543468188,0.5384615384615384,7,6,623262,178667,28.666435624183727
10,6,0.015,0.005,xgboost,100,15,0.55,0.866316556930542,True,0.7082430801448314,0.5833333333333334,0.00019175980714442254,0.00038339358089604556,0.5529119181296883,0.32814632360343277,0.5833333333333334,7,5,625552,179524,28.698493490549147
15,12,0.01,0.003,xgboost,100,5,0.55,0.8099145889282227,True,0.704523757952075,0.5833333333333334,0.00019004180919802356,0.0003799598328176736,0.5718990627310337,0.3423489585347244,0.5833333333333334,7,5,623262,186123,29.862722258055204
10,3,0.005,0.003,xgboost,200,5,0.55,0.844313383102417,True,0.6634268769332833,0.6666666666666666,0.0001899650939139933,0.0003798219584569733,0.5834349234775013,0.3934047528713757,0.6666666666666666,8,4,625552,214996,34.36900529452387
10,12,0.01,0.003,xgboost,100,5,0.55,0.8023527264595032,False,0.7043505367233897,0.5384615384615384,0.00018924033522573668,0.00037834770153771314,0.5693909564473942,0.34019067355139826,0.5384615384615384,7,6,625552,186961,29.88736348057396
10,12,0.015,0.003,random_forest,200,5,0.5,0.560978699150994,True,0.7459056357954137,0.5,0.0001887385970430953,0.0003773347588202,0.5645860815493081,0.29246142336774483,0.5,6,6,625552,158145,25.28087193390797
20,6,0.005,0.003,xgboost,100,10,0.55,0.8752515912055969,True,0.6568863480816458,0.6153846153846154,0.00018772292096865028,0.00037533134720495436,0.5780552943479591,0.40098520290400663,0.6153846153846154,8,5,620972,218805,35.23588825261042
15,6,0.005,0.003,random_forest,100,15,0.55,0.6327774241663616,True,0.6569356533737656,0.6153846153846154,0.00018706011644492249,0.0003740065451145395,0.5771193410938865,0.3982732491132296,0.6153846153846154,8,5,623262,219616,35.236545786523166
15,6,0.01,0.005,random_forest,100,5,0.55,0.5345395912260444,True,0.6545610615067428,0.6153846153846154,0.00018577433063186495,0.0003714365307828025,0.552507301835987,0.3805074005077965,0.6153846153846154,8,5,623262,216486,34.73434927847358
15,6,0.01,0.005,random_forest,200,5,0.55,0.5342592499348556,True,0.6545530392369217,0.5714285714285714,0.00018577433063186495,0.0003714279081644497,0.5529936774026756,0.3809219191563164,0.5714285714285714,8,6,623262,216486,34.73434927847358
15,12,0.005,0.003,random_forest,200,5,0.55,0.5716579765994079,False,0.6537668567944614,0.5333333333333333,0.00018535681186283596,0.0003705848291835553,0.5696085412340663,0.39751868531847245,0.5333333333333333,8,7,623262,222291,35.66573928781155
15,12,0.015,0.005,random_forest,200,10,0.55,0.5801130898401339,True,0.6967582007653246,0.6363636363636364,0.00018517048911462054,0.00037023324694557573,0.557864005182398,0.34094576296621143,0.6363636363636364,7,4,623262,188637,30.266083926181924
15,12,0.015,0.005,random_forest,200,10,0.5,0.5801130898401339,True,0.6967582007653246,0.6363636363636364,0.00018517048911462054,0.00037023324694557573,0.557864005182398,0.34094576296621143,0.6363636363636364,7,4,623262,188637,30.266083926181924
15,3,0.015,0.005,random_forest,200,5,0.55,0.5888452047745999,True,0.7392601862771052,0.6,0.00018459266551809007,0.0003690717844620779,0.5838968014092853,0.3099519712992841,0.6,6,4,623262,156869,25.169030038731705
15,3,0.015,0.005,random_forest,200,5,0.5,0.5888452047745999,True,0.7392601862771052,0.6,0.00018459266551809007,0.0003690717844620779,0.5838968014092853,0.3099519712992841,0.6,6,4,623262,156869,25.169030038731705
15,3,0.015,0.005,random_forest,100,10,0.55,0.6290891642774171,True,0.7392601862771052,0.6,0.00018459266551809007,0.0003690717844620779,0.5917703003862003,0.31787874132681915,0.6,6,4,623262,156869,25.169030038731705
10,12,0.015,0.005,random_forest,200,5,0.55,0.544293791131983,True,0.6965814356851117,0.7777777777777778,0.00018437549386292998,0.0003686635944700461,0.5510367794162893,0.3355429251100168,0.7777777777777778,7,2,625552,189528,30.297721052766196
15,3,0.015,0.003,random_forest,200,5,0.5,0.596132034695441,True,0.7749352201711952,0.625,0.00017820864668353708,0.0003563156957063959,0.5908810577931578,0.27809077685019495,0.625,5,3,623262,135352,21.71670982668605
15,3,0.015,0.003,random_forest,200,5,0.55,0.596132034695441,True,0.7749352201711952,0.625,0.00017820864668353708,0.0003563156957063959,0.5908810577931578,0.27809077685019495,0.625,5,3,623262,135352,21.71670982668605
15,3,0.015,0.003,xgboost,200,5,0.55,0.7997215390205383,False,0.7749191756315532,0.5,0.00017820864668353708,0.00035629030534079165,0.6087935101864362,0.290891559404921,0.5,5,5,623262,135352,21.71670982668605
15,3,0.015,0.003,xgboost,200,5,0.5,0.7997215390205383,True,0.7749191756315532,0.5,0.00017820864668353708,0.00035629030534079165,0.6087935101864362,0.290891559404921,0.5,5,5,623262,135352,21.71670982668605
20,3,0.01,0.003,xgboost,100,5,0.55,0.8106683492660522,True,0.7221627279681146,0.6666666666666666,0.00017386768669042858,0.0003476447071093343,0.5830018405833716,0.3307462002963663,0.6666666666666666,6,3,620972,170695,27.488356962954853
20,3,0.01,0.003,xgboost,100,10,0.55,0.8485288619995117,True,0.7221546761141753,0.6,0.00017386768669042858,0.00034763463599756655,0.5795596029745739,0.3332907652031936,0.6,6,4,620972,170695,27.488356962954853
20,3,0.01,0.003,xgboost,200,5,0.5,0.8336657285690308,True,0.7221385724062965,0.5,0.00017386768669042858,0.00034761449552446336,0.5844482730084326,0.3333291422115432,0.5,6,6,620972,170695,27.488356962954853
15,3,0.01,0.003,random_forest,200,5,0.5,0.555875060587978,True,0.7221085733997578,0.5,0.00017321016166281755,0.0003463003578437031,0.571037652144113,0.32146513273519534,0.5,6,6,623262,171350,27.492451007762387
15,3,0.01,0.003,xgboost,200,5,0.5,0.8251742720603943,True,0.7221085733997578,0.5,0.00017321016166281755,0.0003463003578437031,0.5835269019968863,0.3334461751773746,0.5,6,6,623262,171350,27.492451007762387
15,3,0.01,0.003,xgboost,200,5,0.55,0.8251742720603943,False,0.7221085733997578,0.5,0.00017321016166281755,0.0003463003578437031,0.5835269019968863,0.3334461751773746,0.5,6,6,623262,171350,27.492451007762387
20,3,0.01,0.005,random_forest,100,5,0.55,0.5468853381817231,True,0.6739965377028061,0.6363636363636364,0.00017287792348917043,0.0003456619426201175,0.5592917265756381,0.3634624179057817,0.6363636363636364,7,4,620972,200227,32.244126949363256
10,6,0.01,0.003,xgboost,200,5,0.55,0.8191360831260681,True,0.7096178593409053,0.6,0.0001651436749972476,0.0003301964668978042,0.5757877467759581,0.3401756492411111,0.6,6,4,625552,182597,29.18973962196588
15,6,0.015,0.005,xgboost,100,5,0.55,0.8013136982917786,True,0.7084386256247343,0.6,0.00016508006383095803,0.00033006931455605677,0.5724539969750844,0.3384599543468188,0.6,6,4,623262,178667,28.666435624183727
30,12,0.01,0.003,random_forest,200,5,0.55,0.544850326239366,True,0.7042724227159533,0.6,0.00016456841932033242,0.000329046587512682,0.5533994859078702,0.32784536804941866,0.6,6,4,616392,184268,29.894612519305895
30,6,0.015,0.003,xgboost,200,5,0.5,0.8132725358009338,True,0.7531453045530869,0.5,0.0001643007360672976,0.00032849352867748505,0.5892546506726005,0.3041287923533996,0.5,5,5,616392,149207,24.206511440771457
30,6,0.015,0.003,xgboost,200,5,0.55,0.8132725358009338,False,0.7531453045530869,0.5,0.0001643007360672976,0.00032849352867748505,0.5892546506726005,0.3041287923533996,0.5,5,5,616392,149207,24.206511440771457
20,6,0.015,0.003,random_forest,200,5,0.55,0.568262356041358,True,0.7534280768146866,0.625,0.00016326530612244898,0.00032644533672836483,0.5736982062539668,0.28937603703573556,0.625,5,3,620972,150151,24.17999523327944
15,6,0.015,0.008,random_forest,100,5,0.55,0.5533949601793581,True,0.65501030861672,0.5833333333333334,0.0001627679858624378,0.0003254451624901204,0.5565636395279454,0.38035874771969375,0.5833333333333334,7,5,623262,211891,33.9970991332698
15,6,0.015,0.003,random_forest,100,5,0.5,0.5674629730472877,True,0.7534515815904952,0.5555555555555556,0.00016268627578577472,0.00032527729889730996,0.5717518909794289,0.2895876619553311,0.5555555555555556,5,4,623262,150712,24.181162978009247
15,6,0.015,0.003,xgboost,200,10,0.55,0.8511759638786316,True,0.7534515815904952,0.5555555555555556,0.00016268627578577472,0.00032527729889730996,0.5740530556898311,0.29701063714052367,0.5555555555555556,5,4,623262,150712,24.181162978009247
15,6,0.015,0.003,random_forest,100,5,0.55,0.5674629730472877,True,0.7534515815904952,0.5555555555555556,0.00016268627578577472,0.00032527729889730996,0.5717518909794289,0.2895876619553311,0.5555555555555556,5,4,623262,150712,24.181162978009247
10,6,0.015,0.003,xgboost,200,5,0.55,0.8132250905036926,True,0.7532910775231594,0.625,0.000161980044058572,0.00032387614976033165,0.5866132430563775,0.3013781457405928,0.625,5,3,625552,151449,24.21045732409136
20,3,0.015,0.008,random_forest,100,5,0.55,0.5869093473562192,False,0.6993115664881839,0.5,0.00016066838046272492,0.00032123353678124,0.5886513814652792,0.3522075398669081,0.5,6,6,620972,180125,29.00694395238433
20,3,0.015,0.008,random_forest,100,5,0.5,0.5869093473562192,True,0.6993115664881839,0.5,0.00016066838046272492,0.00032123353678124,0.5886513814652792,0.3522075398669081,0.5,6,6,620972,180125,29.00694395238433
20,12,0.015,0.005,random_forest,200,5,0.5,0.5409789659234161,True,0.6966866621039495,0.5,0.00015927794000530925,0.0003184544344780001,0.5547811020551578,0.3362319935046528,0.5,6,6,620972,187935,30.264649613831217
15,12,0.015,0.005,random_forest,100,15,0.55,0.6075516384952618,True,0.6967501784955035,0.6,0.00015871756209824618,0.000317351175521646,0.5574722825636789,0.342259424138832,0.6,6,4,623262,188637,30.266083926181924
10,12,0.01,0.005,random_forest,200,5,0.5,0.5361184228234304,True,0.6464819240514423,0.5384615384615384,0.00015826362197603436,0.00031643423818457155,0.5493781283189305,0.3862876756489135,0.5384615384615384,7,6,625552,224005,35.80917333810778
15,12,0.015,0.003,xgboost,200,10,0.55,0.853201150894165,True,0.746103182434438,0.625,0.00015797289185175823,0.00031586594649230865,0.5649822677951313,0.29990180006353384,0.625,5,3,623262,157384,25.251659815615263
10,12,0.015,0.003,random_forest,200,10,0.55,0.5956538995095034,True,0.7459216216000192,0.625,0.00015728216420257942,0.0003144851877476571,0.57157801321243,0.29836765272399857,0.625,5,3,625552,158145,25.28087193390797
10,12,0.015,0.003,random_forest,200,10,0.5,0.5956538995095033,True,0.7459216216000192,0.625,0.00015728216420257942,0.0003144851877476571,0.57157801321243,0.29836765272399857,0.625,5,3,625552,158145,25.28087193390797
15,6,0.01,0.008,random_forest,100,5,0.55,0.5374350252580129,True,0.5900138785267903,0.6666666666666666,0.0001565251418509098,0.0003129768005946559,0.5591041326296613,0.4489611097245503,0.6666666666666666,8,4,623262,257084,41.24814283559723
15,3,0.015,0.005,random_forest,100,5,0.55,0.5893304408678318,True,0.7392601862771052,0.625,0.00015382722126507507,0.0003075787401574803,0.5836284694038807,0.3094489755371897,0.625,5,3,623262,156869,25.169030038731705
30,3,0.005,0.003,xgboost,100,15,0.55,0.898726224899292,True,0.66318675524623,0.6,0.00014449475002408245,0.0002889199210285549,0.5691217280472773,0.3867903153793094,0.6,6,4,616392,211913,34.379583122428585
15,3,0.01,0.003,random_forest,200,10,0.55,0.5987934519405793,True,0.7221246179393997,0.625,0.0001443418013856813,0.00028861694758716233,0.5756048853631074,0.32549928185964794,0.625,5,3,623262,171350,27.492451007762387
30,3,0.015,0.003,random_forest,100,5,0.5,0.5938900251037904,True,0.7745276973369349,0.5,0.0001439055979277594,0.00028772838440512156,0.5932777836645562,0.27849618886511546,0.5,4,4,616392,134008,21.740710456981923
10,3,0.01,0.003,random_forest,100,5,0.5,0.5574330142972831,True,0.7220148508124785,0.625,0.00014375664874500445,0.0002874471815803846,0.567946160679421,0.32034981653290373,0.625,5,3,625552,172139,27.51793615878456
10,3,0.01,0.003,random_forest,100,5,0.55,0.557433014297283,True,0.7220148508124785,0.625,0.00014375664874500445,0.0002874471815803846,0.567946160679421,0.32034981653290373,0.625,5,3,625552,172139,27.51793615878456
20,3,0.015,0.003,random_forest,100,15,0.55,0.65882551350995,True,0.7748943194170458,0.8,0.0001430615164520744,0.0002860718755587341,0.6020986170075889,0.2881957534245231,0.8,4,1,620972,134836,21.71370045670336
15,3,0.015,0.003,random_forest,100,10,0.5,0.6373181184857909,True,0.7749271979013742,0.5714285714285714,0.00014256691734682966,0.00028506271379703536,0.5999473228848285,0.2846622489382843,0.5714285714285714,4,3,623262,135352,21.71670982668605
15,3,0.015,0.003,random_forest,100,10,0.55,0.6373181184857909,True,0.7749271979013742,0.5714285714285714,0.00014256691734682966,0.00028506271379703536,0.5999473228848285,0.2846622489382843,0.5714285714285714,4,3,623262,135352,21.71670982668605
15,6,0.005,0.003,xgboost,200,5,0.55,0.8659360408782959,True,0.6569276311039446,0.6,0.00014029508733369187,0.0002805245809664072,0.5847859699322748,0.40212161290363824,0.6,6,4,623262,219616,35.236545786523166
15,6,0.015,0.008,xgboost,100,5,0.55,0.8261500597000122,True,0.655018330886541,0.6666666666666666,0.00013951541645351812,0.0002789724514704173,0.5707314686298973,0.39206378267950404,0.6666666666666666,6,3,623262,211891,33.9970991332698
10,6,0.01,0.005,xgboost,100,5,0.5,0.8201785087585449,True,0.6543789115265645,0.5,0.0001387571980296478,0.00027743740318590616,0.5634426223238186,0.38819497639652345,0.5,6,6,625552,217445,34.76049952681791
30,6,0.01,0.008,random_forest,100,5,0.55,0.536853427312609,False,0.5895813561109353,0.5384615384615384,0.00013834812340652607,0.00027662517289073305,0.5565867842465515,0.4471349763710511,0.5384615384615384,7,6,616392,254433,41.27779075653156
15,6,0.01,0.003,xgboost,200,15,0.55,0.8922328948974609,True,0.7097703224150241,0.5555555555555556,0.00013820171922938722,0.0002763346965845032,0.5544001922826197,0.3280537329593183,0.5555555555555556,5,4,623262,181774,29.16494187035308
20,6,0.015,0.005,random_forest,200,5,0.5,0.5554238676861515,False,0.7083860058778534,0.45454545454545453,0.000138060525734482,0.0002760372098158832,0.5609208839530362,0.32886832971907204,0.45454545454545453,5,6,620972,177989,28.66296709030359
20,6,0.015,0.005,random_forest,200,5,0.55,0.5554238676861514,False,0.7083860058778534,0.45454545454545453,0.000138060525734482,0.0002760372098158832,0.5609208839530362,0.32886832971907204,0.45454545454545453,5,6,620972,177989,28.66296709030359
10,6,0.01,0.003,random_forest,200,10,0.55,0.5842455720729673,True,0.7096178593409053,0.625,0.00013761972916437302,0.000275178866263071,0.5657196477365996,0.3326126342842604,0.625,5,3,625552,182597,29.18973962196588
10,6,0.01,0.003,xgboost,100,5,0.55,0.801602303981781,True,0.7096178593409053,0.625,0.00013761972916437302,0.000275178866263071,0.5735558666257375,0.3373573408341889,0.625,5,3,625552,182597,29.18973962196588
30,12,0.01,0.005,random_forest,100,5,0.5,0.5362718925292207,True,0.6463387924950722,0.6,0.00013761152267149836,0.00027515993671321456,0.548339094366764,0.3856154787984263,0.6,6,4,616392,220790,35.81973808874872
30,12,0.01,0.005,random_forest,100,5,0.55,0.5362718925292207,True,0.6463387924950722,0.6,0.00013761152267149836,0.00027515993671321456,0.548339094366764,0.3856154787984263,0.6,6,4,616392,220790,35.81973808874872
30,12,0.01,0.005,random_forest,200,5,0.5,0.5342080766695496,True,0.6463225691318067,0.5,0.00013761152267149836,0.00027514731846009217,0.5482397665085583,0.38579185186688336,0.5,6,6,616392,220790,35.81973808874872
15,6,0.015,0.005,random_forest,200,5,0.55,0.5560101115676617,True,0.7084386256247343,0.625,0.00013756671985913169,0.000275072894316994,0.5591478128060533,0.3282766688958709,0.625,5,3,623262,178667,28.666435624183727
10,6,0.015,0.005,random_forest,200,5,0.55,0.5606748805963633,True,0.7082590659494369,0.8333333333333334,0.00013697129081744467,0.0002738975623116954,0.5571812281047356,0.3277288219998838,0.8333333333333334,5,1,625552,179524,28.698493490549147
10,6,0.015,0.005,random_forest,100,5,0.55,0.5603910784320374,True,0.7082510730471342,0.7142857142857143,0.00013697129081744467,0.00027389006052970337,0.5569030453135155,0.3275070760755917,0.7142857142857143,5,2,625552,179524,28.698493490549147
10,12,0.01,0.005,random_forest,200,5,0.55,0.5379718178008766,True,0.646489916953745,0.6,0.00013565453312231517,0.00027124773960217,0.5493781283189305,0.3862876756489135,0.6,6,4,625552,224005,35.80917333810778
10,12,0.01,0.005,random_forest,100,5,0.5,0.5450220462166355,True,0.6464739311491395,0.5,0.00013565453312231517,0.0002712354776004701,0.549468711290573,0.38643098764474915,0.5,6,6,625552,224005,35.80917333810778
10,12,0.01,0.003,xgboost,200,10,0.55,0.8808000087738037,True,0.7043585296256923,0.625,0.00013517166801838335,0.000270284880263798,0.5605682964144458,0.33697283318805205,0.625,5,3,625552,186961,29.88736348057396
15,3,0.015,0.008,random_forest,100,5,0.5,0.5919655189916903,True,0.6993895052666201,0.625,0.0001334258419170625,0.000266794728136172,0.5876226902721668,0.3522062362617891,0.625,5,3,623262,180854,29.017331395143614
15,3,0.015,0.008,random_forest,100,5,0.55,0.5919655189916904,True,0.6993895052666201,0.625,0.0001334258419170625,0.000266794728136172,0.5876226902721668,0.3522062362617891,0.625,5,3,623262,180854,29.017331395143614
20,12,0.015,0.005,random_forest,100,5,0.55,0.5407044861452309,True,0.6967027658118282,0.625,0.00013273161667109106,0.0002654068687297627,0.5542604606205122,0.33574807235273374,0.625,5,3,620972,187935,30.264649613831217
20,12,0.015,0.005,random_forest,200,5,0.55,0.5415823224246085,True,0.6967027658118282,0.625,0.00013273161667109106,0.0002654068687297627,0.5547811020551578,0.3362319935046528,0.625,5,3,620972,187935,30.264649613831217
20,12,0.015,0.005,random_forest,100,5,0.5,0.5407044861452309,True,0.6967027658118282,0.625,0.00013273161667109106,0.0002654068687297627,0.5542604606205122,0.33574807235273374,0.625,5,3,620972,187935,30.264649613831217
15,12,0.015,0.008,xgboost,200,10,0.55,0.9013503193855286,True,0.6363505090130201,0.6666666666666666,0.00013235391436701742,0.00026465528648934763,0.5529088622993013,0.40184828317427873,0.6666666666666666,6,3,623262,227060,36.43090706637016
15,12,0.015,0.008,random_forest,200,15,0.55,0.6259374436120976,False,0.636334464473378,0.5454545454545454,0.00013235391436701742,0.0002646436132674665,0.5568477627076972,0.40307350370798073,0.5454545454545454,6,5,623262,227060,36.43090706637016
15,12,0.015,0.005,random_forest,100,5,0.55,0.5415550203832915,True,0.6967421562256825,0.5555555555555556,0.00013226463508187182,0.00026446630699248914,0.5523953646248159,0.3360128010379067,0.5555555555555556,5,4,623262,188637,30.266083926181924
15,12,0.015,0.005,random_forest,100,5,0.5,0.5415550203832916,True,0.6967421562256825,0.5555555555555556,0.00013226463508187182,0.00026446630699248914,0.5523953646248159,0.3360128010379067,0.5555555555555556,5,4,623262,188637,30.266083926181924
10,12,0.015,0.005,random_forest,100,5,0.55,0.5445066956437669,True,0.6965494640759006,0.5555555555555556,0.00013169678133066428,0.00026333113890717575,0.5504301347298045,0.3351529245300293,0.5555555555555556,5,4,625552,189528,30.297721052766196
30,6,0.015,0.003,random_forest,100,5,0.55,0.5684793700945618,True,0.7531534162347197,0.5714285714285714,0.00013144058885383806,0.0002628207234140412,0.5739602717730492,0.28915056114008136,0.5714285714285714,4,3,616392,149207,24.206511440771457
30,6,0.015,0.003,random_forest,100,5,0.5,0.568479370094562,True,0.7531534162347197,0.5714285714285714,0.00013144058885383806,0.0002628207234140412,0.5739602717730492,0.28915056114008136,0.5714285714285714,4,3,616392,149207,24.206511440771457
15,6,0.015,0.003,xgboost,100,15,0.55,0.8714518547058105,True,0.7534756483999583,1.0,0.00013014902062861977,0.0002602641681306526,0.5591348960342875,0.28560606952181605,1.0,4,0,623262,150712,24.181162978009247
10,6,0.015,0.003,random_forest,100,15,0.55,0.6376727161276495,True,0.7532830846208567,0.5714285714285714,0.0001295840352468576,0.0002591093117408907,0.5775985449408078,0.29569003469200955,0.5714285714285714,4,3,625552,151449,24.21045732409136
10,6,0.015,0.003,xgboost,200,10,0.55,0.8618286848068237,True,0.7532830846208567,0.5714285714285714,0.0001295840352468576,0.0002591093117408907,0.5725086844974223,0.29722467526469354,0.5714285714285714,4,3,625552,151449,24.21045732409136
10,6,0.015,0.003,xgboost,200,10,0.5,0.8618286848068237,True,0.7532830846208567,0.5714285714285714,0.0001295840352468576,0.0002591093117408907,0.5725086844974223,0.29722467526469354,0.5714285714285714,4,3,625552,151449,24.21045732409136
15,12,0.015,0.003,xgboost,100,5,0.55,0.7900127172470093,True,0.746103182434438,0.6666666666666666,0.0001263783134814066,0.00025270872160975457,0.5781533333257554,0.3032160112459719,0.6666666666666666,4,2,623262,157384,25.251659815615263
10,12,0.015,0.003,xgboost,100,10,0.5,0.8382210731506348,True,0.7459056357954137,0.5,0.00012582573136206353,0.00025158815019812566,0.5689028605257309,0.30089133073174174,0.5,4,4,625552,158145,25.28087193390797
30,3,0.015,0.005,random_forest,100,5,0.55,0.5844124922282796,True,0.7388606331978682,0.5714285714285714,0.00012424675405355034,0.00024843948945684917,0.5853688297495467,0.3098330436207813,0.5714285714285714,4,3,616392,155288,25.19305896247842
15,3,0.015,0.005,random_forest,200,10,0.55,0.6260311643135005,True,0.7392521640072842,0.5714285714285714,0.00012306177701206005,0.0002460705607332903,0.5922628192614041,0.3183363523231678,0.5714285714285714,4,3,623262,156869,25.169030038731705
15,3,0.015,0.005,xgboost,200,5,0.55,0.8159765005111694,True,0.7392521640072842,0.5714285714285714,0.00012306177701206005,0.0002460705607332903,0.5994638821610455,0.32471979558896047,0.5714285714285714,4,3,623262,156869,25.169030038731705
30,3,0.005,0.003,random_forest,200,10,0.55,0.581084005100815,True,0.6631948669278628,0.7142857142857143,0.00012041229168673538,0.0002407839926801666,0.5731230615653562,0.38634527023584087,0.7142857142857143,5,2,616392,211913,34.379583122428585
15,3,0.005,0.003,random_forest,100,5,0.55,0.544008727231802,True,0.6634738032778994,0.5555555555555556,0.00011918951132300358,0.00023832789151314378,0.5656163022105163,0.38083797372993056,0.5555555555555556,5,4,623262,214089,34.349759812085445
10,3,0.005,0.003,random_forest,200,15,0.55,0.5955908174456019,True,0.6634108911286777,0.625,0.00011872818369624582,0.00023741126753875738,0.574966738127249,0.38764932499411636,0.625,5,3,625552,214996,34.36900529452387
30,3,0.01,0.003,random_forest,200,5,0.55,0.5545635879877016,True,0.7218747718589541,0.6666666666666666,0.00011665548718247835,0.00023327015599941683,0.5702534455816752,0.31942958403323396,0.6666666666666666,4,2,616392,169603,27.51544471699827
10,6,0.005,0.003,xgboost,200,5,0.55,0.8582372069358826,True,0.6568567112404186,0.7142857142857143,0.00011645781897796619,0.00023287766936028504,0.5839510796348257,0.399485896937348,0.7142857142857143,5,2,625552,220541,35.25542241092667
10,6,0.005,0.003,xgboost,200,5,0.5,0.8582372069358826,True,0.6568567112404186,0.7142857142857143,0.00011645781897796619,0.00023287766936028504,0.5839510796348257,0.399485896937348,0.7142857142857143,5,2,625552,220541,35.25542241092667
15,6,0.015,0.008,random_forest,200,5,0.5,0.5536061893541632,True,0.654994264077078,0.5,0.00011626284704459842,0.00023247163846010788,0.5565649152623222,0.38056531469531096,0.5,5,5,623262,211891,33.9970991332698
15,6,0.015,0.008,random_forest,200,5,0.55,0.553606189354163,False,0.654994264077078,0.5,0.00011626284704459842,0.00023247163846010788,0.5565649152623222,0.38056531469531096,0.5,5,5,623262,211891,33.9970991332698
10,6,0.01,0.005,xgboost,100,10,0.55,0.8690251708030701,True,0.6543869044288672,0.5555555555555556,0.00011563099835803982,0.00023121387283236994,0.5607332336598929,0.3896147445211778,0.5555555555555556,5,4,625552,217445,34.76049952681791
10,6,0.01,0.005,xgboost,100,5,0.55,0.823259711265564,True,0.6543869044288672,0.5555555555555556,0.00011563099835803982,0.00023121387283236994,0.5634426223238186,0.38819497639652345,0.5555555555555556,5,4,625552,217445,34.76049952681791
15,3,0.01,0.003,random_forest,200,5,0.55,0.557148339716336,True,0.7221326402092207,0.8,0.00011547344110854503,0.0002309135517390677,0.571037652144113,0.32146513273519534,0.8,4,1,623262,171350,27.492451007762387
30,12,0.01,0.005,random_forest,200,5,0.55,0.5348030206145551,True,0.6463387924950722,0.625,0.0001146762688929153,0.0002293104634364466,0.5482397665085583,0.38579185186688336,0.625,5,3,616392,220790,35.81973808874872
20,12,0.01,0.005,xgboost,100,10,0.5,0.891506016254425,True,0.6466363380168284,0.5,0.00011393154992480517,0.000227811190085657,0.55933538961492,0.39651232754246724,0.5,5,5,620972,222184,35.78003517066792
30,6,0.01,0.003,random_forest,200,10,0.55,0.5884164662061555,True,0.7095612391404862,0.5714285714285714,0.00011171312070602693,0.0002233825705749309,0.5672784839832854,0.33309502193688906,0.5714285714285714,4,3,616392,179939,29.19229970538229
30,6,0.01,0.003,random_forest,100,10,0.5,0.5927847234500075,True,0.7095612391404862,0.5714285714285714,0.00011171312070602693,0.0002233825705749309,0.5672086825992155,0.33261283753468873,0.5714285714285714,4,3,616392,179939,29.19229970538229
30,6,0.01,0.003,random_forest,100,10,0.55,0.5927847234500075,True,0.7095612391404862,0.5714285714285714,0.00011171312070602693,0.0002233825705749309,0.5672086825992155,0.33261283753468873,0.5714285714285714,4,3,616392,179939,29.19229970538229
20,6,0.015,0.005,random_forest,100,5,0.55,0.5561333434899379,False,0.7083860058778534,0.4444444444444444,0.0001104484205875856,0.00022084195997239476,0.5603048093944281,0.32800686064720785,0.4444444444444444,4,5,620972,177989,28.66296709030359
20,6,0.015,0.005,random_forest,100,5,0.5,0.5561333434899379,False,0.7083860058778534,0.4444444444444444,0.0001104484205875856,0.00022084195997239476,0.5603048093944281,0.32800686064720785,0.4444444444444444,4,5,620972,177989,28.66296709030359
15,12,0.015,0.008,random_forest,200,5,0.55,0.5373316009010334,True,0.6363424867431992,0.625,0.00011029492863918118,0.00022055093623872435,0.5459392288403295,0.3939535333536868,0.625,5,3,623262,227060,36.43090706637016
15,12,0.015,0.008,random_forest,200,10,0.55,0.5908316400906944,True,0.6363424867431992,0.625,0.00011029492863918118,0.00022055093623872435,0.5525285804862475,0.39857927263770737,0.625,5,3,623262,227060,36.43090706637016
15,12,0.015,0.008,random_forest,200,10,0.5,0.5908316400906946,True,0.6363424867431992,0.625,0.00011029492863918118,0.00022055093623872435,0.5525285804862475,0.39857927263770737,0.625,5,3,623262,227060,36.43090706637016
15,12,0.015,0.008,random_forest,100,10,0.55,0.6019145525883611,True,0.6363424867431992,0.625,0.00011029492863918118,0.00022055093623872435,0.5523382260675385,0.398180983473993,0.625,5,3,623262,227060,36.43090706637016
15,12,0.015,0.008,random_forest,100,10,0.5,0.6019145525883611,True,0.6363424867431992,0.625,0.00011029492863918118,0.00022055093623872435,0.5523382260675385,0.398180983473993,0.625,5,3,623262,227060,36.43090706637016
10,6,0.01,0.003,xgboost,100,15,0.5,0.8770132660865784,True,0.7096018735362998,0.5,0.0001100957833314984,0.0002201430930104568,0.5523437538181845,0.32763243015401816,0.5,4,4,625552,182597,29.18973962196588
10,12,0.01,0.003,random_forest,100,5,0.5,0.552012279288902,True,0.7043425438210869,0.5,0.00010813733441470667,0.00021622790421103844,0.5541434485654431,0.32937870710629436,0.5,4,4,625552,186961,29.88736348057396
10,12,0.01,0.003,random_forest,100,5,0.55,0.552012279288902,False,0.7043425438210869,0.5,0.00010813733441470667,0.00021622790421103844,0.5541434485654431,0.32937870710629436,0.5,4,4,625552,186961,29.88736348057396
15,3,0.015,0.003,xgboost,100,5,0.5,0.7780918478965759,True,0.7749271979013742,0.6,0.00010692518801012225,0.00021381227282446012,0.6075634164977768,0.2889570611216737,0.6,3,2,623262,135352,21.71670982668605
15,3,0.015,0.003,xgboost,100,5,0.55,0.7780918478965759,True,0.7749271979013742,0.6,0.00010692518801012225,0.00021381227282446012,0.6075634164977768,0.2889570611216737,0.6,3,2,623262,135352,21.71670982668605
10,3,0.015,0.003,random_forest,100,10,0.5,0.6401317499263063,True,0.7747440273037542,0.75,0.00010644337212602895,0.00021285653469561516,0.5983497875522352,0.2838446891281865,0.75,3,1,625552,136036,21.74655344399826
10,3,0.015,0.003,random_forest,100,10,0.55,0.6401317499263063,True,0.7747440273037542,0.75,0.00010644337212602895,0.00021285653469561516,0.5983497875522352,0.2838446891281865,0.75,3,1,625552,136036,21.74655344399826
10,12,0.015,0.005,xgboost,200,15,0.55,0.9095388650894165,True,0.6965494640759006,0.5714285714285714,0.00010535742506453143,0.00021067600663629422,0.5468405151026006,0.33744684069864544,0.5714285714285714,4,3,625552,189528,30.297721052766196
20,6,0.01,0.008,random_forest,100,5,0.55,0.5367986003810031,True,0.5899834936994243,0.625,9.818553138009583e-05,0.0001963402183303228,0.558498213030565,0.4481332845547641,0.625,5,3,620972,256073,41.23744709906405
10,3,0.01,0.005,xgboost,200,5,0.5,0.8374358415603638,True,0.6738256428291677,0.5,9.801999607920016e-05,0.0001960015680125441,0.5733250788841624,0.3756165358548436,0.5,4,4,625552,201919,32.27853160089009
20,6,0.015,0.003,random_forest,100,15,0.5,0.6347744514600521,True,0.7534119731068079,0.5,9.79591836734694e-05,0.00019587999085893376,0.580019995594262,0.2973493846214848,0.5,3,3,620972,150151,24.17999523327944
20,6,0.015,0.003,random_forest,100,15,0.55,0.634774451460052,False,0.7534119731068079,0.5,9.79591836734694e-05,0.00019587999085893376,0.580019995594262,0.2973493846214848,0.5,3,3,620972,150151,24.17999523327944
15,3,0.005,0.003,random_forest,200,5,0.55,0.5444051856218831,True,0.6634818255477205,0.6666666666666666,9.535160905840286e-05,0.00019067594622938316,0.5658330094172007,0.38102801917935064,0.6666666666666666,4,2,623262,214089,34.349759812085445
20,12,0.015,0.003,xgboost,100,10,0.55,0.8535091280937195,True,0.7460606304601635,0.6,9.512032721392562e-05,0.000190210499619579,0.5687730344647506,0.3003237971435031,0.6,3,2,620972,156808,25.252024245859715
15,12,0.015,0.003,random_forest,200,5,0.55,0.5600079706877827,True,0.7461112047042591,1.0,9.478373511105494e-05,0.00018954950401213117,0.5670461242951912,0.29331390105460853,1.0,3,0,623262,157384,25.251659815615263
10,12,0.01,0.008,random_forest,100,10,0.55,0.5924581369704996,True,0.577838879075381,0.7142857142857143,9.46611132146914e-05,0.00018929713972021882,0.5610205771950215,0.46349982073163787,0.7142857142857143,5,2,625552,268278,42.88660255262552
10,12,0.01,0.008,xgboost,100,15,0.55,0.9317249655723572,True,0.5778308861730783,0.625,9.46611132146914e-05,0.00018929355644733853,0.5550277371688224,0.4620906941059443,0.625,5,3,625552,268278,42.88660255262552
30,6,0.005,0.003,xgboost,100,5,0.55,0.8481338620185852,True,0.656632516486993,0.5714285714285714,9.449339727386549e-05,0.00018895554820728424,0.5852628590868895,0.40330363747816844,0.5714285714285714,4,3,616392,217402,35.27008786616309
30,6,0.005,0.003,xgboost,100,5,0.5,0.8481338620185852,True,0.656632516486993,0.5714285714285714,9.449339727386549e-05,0.00018895554820728424,0.5852628590868895,0.40330363747816844,0.5714285714285714,4,3,616392,217402,35.27008786616309
10,12,0.015,0.003,random_forest,100,5,0.55,0.5611455906202063,True,0.7459216216000192,0.75,9.436929852154765e-05,0.0001887148518588413,0.5640529074676842,0.29213607506381606,0.75,3,1,625552,158145,25.28087193390797
30,12,0.01,0.005,xgboost,100,15,0.55,0.9225896000862122,True,0.6463306808134395,0.5714285714285714,9.174101511433225e-05,0.000183452577508714,0.5513770927916056,0.39392794345315063,0.5714285714285714,4,3,616392,220790,35.81973808874872
20,12,0.01,0.005,xgboost,100,10,0.55,0.8948163390159607,True,0.6466443898707678,0.5714285714285714,9.114523993984414e-05,0.00018226140842503362,0.55933538961492,0.39651232754246724,0.5714285714285714,4,3,620972,222184,35.78003517066792
10,12,0.015,0.008,xgboost,200,10,0.55,0.9009242057800293,True,0.6361550942762827,0.5714285714285714,8.786960151135714e-05,0.0001757121834435195,0.5528085158398862,0.40285400631205753,0.5714285714285714,4,3,625552,228088,36.46187687034811
10,3,0.01,0.003,xgboost,200,10,0.55,0.8858603835105896,True,0.7220148508124785,0.75,8.625398924700268e-05,0.000172488141440276,0.5706399769406251,0.3281768112635079,0.75,3,1,625552,172139,27.51793615878456
10,3,0.01,0.003,xgboost,100,15,0.55,0.8841031193733215,True,0.7220068579101757,0.6,8.625398924700268e-05,0.00017248318288966825,0.5604289711448528,0.3185924141670009,0.6,3,2,625552,172139,27.51793615878456
20,6,0.01,0.003,xgboost,200,5,0.55,0.8373658657073975,True,0.7098031321711824,0.6,8.3236224404861e-05,0.00016644935778289456,0.5772613795080125,0.34083150906949256,0.6,3,2,620972,181090,29.16234548417642
20,6,0.01,0.003,random_forest,100,15,0.55,0.6214795159822595,True,0.7098031321711824,0.6,8.3236224404861e-05,0.00016644935778289456,0.5680535705884027,0.3352619876779768,0.6,3,2,620972,181090,29.16234548417642
15,6,0.01,0.003,random_forest,200,10,0.55,0.5868678050369677,True,0.7097703224150241,0.6,8.292103153763233e-05,0.00016581914658412558,0.5672496869963963,0.3334111918788232,0.6,3,2,623262,181774,29.16494187035308
15,6,0.01,0.003,random_forest,200,10,0.5,0.5868678050369677,True,0.7097703224150241,0.6,8.292103153763233e-05,0.00016581914658412558,0.5672496869963963,0.3334111918788232,0.6,3,2,623262,181774,29.16494187035308
15,6,0.01,0.003,xgboost,200,5,0.55,0.8330335021018982,True,0.7097703224150241,0.6,8.292103153763233e-05,0.00016581914658412558,0.5763600212126033,0.3412059067554669,0.6,3,2,623262,181774,29.16494187035308
15,6,0.01,0.003,xgboost,200,5,0.5,0.8330335021018982,True,0.7097703224150241,0.6,8.292103153763233e-05,0.00016581914658412558,0.5763600212126033,0.3412059067554669,0.6,3,2,623262,181774,29.16494187035308
15,6,0.01,0.003,xgboost,100,15,0.55,0.889775276184082,True,0.7097703224150241,0.6,8.292103153763233e-05,0.00016581914658412558,0.553944511188398,0.32836979478556605,0.6,3,2,623262,181774,29.16494187035308
20,12,0.01,0.003,random_forest,100,15,0.5,0.6291058211813622,True,0.7045533234027135,1.0,8.175277959450622e-05,0.0001634921932477724,0.565259308217501,0.3392964116250015,1.0,3,0,620972,185430,29.861249782598893
20,12,0.01,0.003,random_forest,100,15,0.55,0.6291058211813622,True,0.7045533234027135,1.0,8.175277959450622e-05,0.0001634921932477724,0.565259308217501,0.3392964116250015,1.0,3,0,620972,185430,29.861249782598893
15,3,0.015,0.008,random_forest,200,5,0.5,0.5912229479424519,True,0.6993975275364411,1.0,8.00555051502375e-05,0.00016009819355871602,0.5878114272543715,0.35244704683915,1.0,3,0,623262,180854,29.017331395143614
15,3,0.015,0.008,random_forest,200,5,0.55,0.5912229479424519,True,0.6993975275364411,1.0,8.00555051502375e-05,0.00016009819355871602,0.5878114272543715,0.35244704683915,1.0,3,0,623262,180854,29.017331395143614
10,3,0.015,0.008,random_forest,100,5,0.55,0.595908481149683,True,0.6991551502265988,1.0,7.969820944689442e-05,0.000159383716296985,0.5881784967139053,0.3531370476761136,1.0,3,0,625552,181741,29.052900478297566
10,3,0.015,0.008,random_forest,100,5,0.5,0.595908481149683,True,0.6991551502265988,1.0,7.969820944689442e-05,0.000159383716296985,0.5881784967139053,0.3531370476761136,1.0,3,0,625552,181741,29.052900478297566
10,3,0.01,0.005,xgboost,200,5,0.55,0.8441314101219177,True,0.6738336357314705,0.6,7.351499705940012e-05,0.00014701198147649034,0.5733250788841624,0.3756165358548436,0.6,3,2,625552,201919,32.27853160089009
30,3,0.015,0.003,random_forest,100,5,0.55,0.596811326766598,True,0.7745439207002004,1.0,7.19527989638797e-05,0.00014389524426217714,0.5932777836645562,0.27849618886511546,1.0,2,0,616392,134008,21.740710456981923
30,3,0.015,0.003,random_forest,200,5,0.55,0.5947984611249609,True,0.7745439207002004,1.0,7.19527989638797e-05,0.00014389524426217714,0.5946562095597074,0.27950293083217936,1.0,2,0,616392,134008,21.740710456981923
20,3,0.015,0.003,random_forest,200,10,0.55,0.6353640517042398,False,0.7748701638552277,0.5,7.15307582260372e-05,0.00014304105278214847,0.6030561710637251,0.28643982534112017,0.5,2,2,620972,134836,21.71370045670336
20,3,0.015,0.003,random_forest,200,10,0.5,0.6353640517042399,True,0.7748701638552277,0.5,7.15307582260372e-05,0.00014304105278214847,0.6030561710637251,0.28643982534112017,0.5,2,2,620972,134836,21.71370045670336
10,3,0.015,0.003,random_forest,100,5,0.5,0.599222290705836,True,0.7747280414991488,0.5,7.09622480840193e-05,0.00014190435646374344,0.5889253720053111,0.27639601499392,0.5,2,2,625552,136036,21.74655344399826
10,3,0.015,0.003,random_forest,100,5,0.55,0.599222290705836,False,0.7747280414991488,0.5,7.09622480840193e-05,0.00014190435646374344,0.5889253720053111,0.27639601499392,0.5,2,2,625552,136036,21.74655344399826
30,6,0.005,0.003,xgboost,200,5,0.55,0.8682271838188171,True,0.6566406281686257,0.75,7.087004795539912e-05,0.00014172670367308373,0.5868034323726155,0.4055844689831631,0.75,3,1,616392,217402,35.27008786616309
20,6,0.005,0.003,random_forest,200,10,0.55,0.6050685850066668,True,0.6568702443737671,0.6,7.039609536324385e-05,0.0001407756739635391,0.576065234841434,0.39680451602959727,0.6,3,2,620972,218805,35.23588825261042
20,6,0.015,0.008,random_forest,200,5,0.5,0.557477352907061,True,0.654929747574379,0.75,6.999860002799944e-05,0.00013998413513135178,0.555969831052334,0.3805609048736727,0.75,3,1,620972,211055,33.98784486257029
20,6,0.015,0.008,random_forest,200,5,0.55,0.557477352907061,True,0.654929747574379,0.75,6.999860002799944e-05,0.00013998413513135178,0.555969831052334,0.3805609048736727,0.75,3,1,620972,211055,33.98784486257029
15,6,0.01,0.005,xgboost,100,5,0.55,0.8390438556671143,True,0.6545530392369217,0.75,6.966537398694935e-05,0.00013931780713771565,0.5651247380621641,0.3900880218074013,0.75,3,1,623262,216486,34.73434927847358
10,12,0.01,0.005,random_forest,100,5,0.55,0.5538491133520336,True,0.646489916953745,0.75,6.782726656115759e-05,0.00013564226613012616,0.549468711290573,0.38643098764474915,0.75,3,1,625552,224005,35.80917333810778
20,6,0.015,0.003,random_forest,100,5,0.5,0.5701598146420613,True,0.7534200249607472,0.6666666666666666,6.530612244897959e-05,0.0001305994514823038,0.5726242305989405,0.28836461810968966,0.6666666666666666,2,1,620972,150151,24.17999523327944
20,6,0.015,0.003,random_forest,100,5,0.55,0.5701598146420612,True,0.7534200249607472,0.6666666666666666,6.530612244897959e-05,0.0001305994514823038,0.5726242305989405,0.28836461810968966,0.6666666666666666,2,1,620972,150151,24.17999523327944
10,6,0.015,0.003,random_forest,100,5,0.5,0.5733682134938867,True,0.7532830846208567,0.6666666666666666,6.47920176234288e-05,0.00012957144245408312,0.568873247343542,0.2883197865466405,0.6666666666666666,2,1,625552,151449,24.21045732409136
10,6,0.015,0.003,random_forest,100,5,0.55,0.5733682134938867,True,0.7532830846208567,0.6666666666666666,6.47920176234288e-05,0.00012957144245408312,0.568873247343542,0.2883197865466405,0.6666666666666666,2,1,625552,151449,24.21045732409136
15,12,0.015,0.003,random_forest,100,5,0.55,0.5610420165153305,True,0.746103182434438,1.0,6.31891567407033e-05,0.00012637032824692763,0.566858895283069,0.2931419489186401,1.0,2,0,623262,157384,25.251659815615263
15,12,0.015,0.003,random_forest,100,5,0.5,0.5610420165153305,True,0.746103182434438,1.0,6.31891567407033e-05,0.00012637032824692763,0.566858895283069,0.2931419489186401,1.0,2,0,623262,157384,25.251659815615263
10,12,0.015,0.003,xgboost,200,10,0.55,0.8783426284790039,True,0.7459216216000192,1.0,6.291286568103177e-05,0.00012581781580271766,0.5652827993514449,0.2992233381086346,1.0,2,0,625552,158145,25.28087193390797
10,12,0.015,0.003,random_forest,200,5,0.55,0.562808293558356,True,0.7459216216000192,1.0,6.291286568103177e-05,0.00012581781580271766,0.5645860815493081,0.29246142336774483,1.0,2,0,625552,158145,25.28087193390797
15,3,0.015,0.005,xgboost,100,15,0.55,0.8908221125602722,True,0.7392521640072842,0.6666666666666666,6.153088850603002e-05,0.00012305041990955795,0.5776559471252707,0.31058928895203103,0.6666666666666666,2,1,623262,156869,25.169030038731705
10,3,0.015,0.005,random_forest,200,5,0.55,0.5932132447063823,False,0.7390237469127415,0.5,6.12538666503323e-05,0.00012249272699433472,0.5830247244150711,0.30929763451180325,0.5,2,2,625552,157657,25.20286083331202
10,3,0.015,0.005,random_forest,100,5,0.5,0.5932899834262425,True,0.7390237469127415,0.5,6.12538666503323e-05,0.00012249272699433472,0.5828739048213094,0.3091529272137863,0.5,2,2,625552,157657,25.20286083331202
10,3,0.015,0.005,random_forest,100,5,0.55,0.5932899834262425,False,0.7390237469127415,0.5,6.12538666503323e-05,0.00012249272699433472,0.5828739048213094,0.3091529272137863,0.5,2,2,625552,157657,25.20286083331202
10,3,0.015,0.005,random_forest,200,5,0.5,0.5932132447063823,True,0.7390237469127415,0.5,6.12538666503323e-05,0.00012249272699433472,0.5830247244150711,0.30929763451180325,0.5,2,2,625552,157657,25.20286083331202
20,6,0.01,0.003,random_forest,100,10,0.55,0.591883294115689,False,0.709795080317243,0.5,5.549081626990733e-05,0.00011096931698385396,0.5688249242828086,0.33343600491830616,0.5,2,2,620972,181090,29.16234548417642
20,6,0.01,0.003,random_forest,100,5,0.5,0.5452398903524602,True,0.709795080317243,0.5,5.549081626990733e-05,0.00011096931698385396,0.559916101697949,0.32568728043126494,0.5,2,2,620972,181090,29.16234548417642
20,6,0.01,0.003,random_forest,100,5,0.55,0.5452398903524602,False,0.709795080317243,0.5,5.549081626990733e-05,0.00011096931698385396,0.559916101697949,0.32568728043126494,0.5,2,2,620972,181090,29.16234548417642
20,6,0.01,0.003,random_forest,100,10,0.5,0.591883294115689,True,0.709795080317243,0.5,5.549081626990733e-05,0.00011096931698385396,0.5688249242828086,0.33343600491830616,0.5,2,2,620972,181090,29.16234548417642
15,6,0.01,0.003,xgboost,100,5,0.5,0.8108919858932495,True,0.709762300145203,0.5,5.5280687691754886e-05,0.00011054915291711577,0.5751094134329209,0.339457450603112,0.5,2,2,623262,181774,29.16494187035308
15,6,0.01,0.003,xgboost,100,5,0.55,0.8108919858932495,False,0.709762300145203,0.5,5.5280687691754886e-05,0.00011054915291711577,0.5751094134329209,0.339457450603112,0.5,2,2,623262,181774,29.16494187035308
15,6,0.015,0.005,random_forest,100,5,0.55,0.5562431664911094,True,0.7084306033549133,0.6666666666666666,5.502668794365267e-05,0.00011004429282786321,0.558714628513703,0.3278500673299371,0.6666666666666666,2,1,623262,178667,28.666435624183727
20,12,0.01,0.003,xgboost,200,5,0.55,0.8455868363380432,False,0.7045291678408954,0.5,5.450185306300414e-05,0.00010899182561307902,0.5741524527697551,0.3451694983357076,0.5,2,2,620972,185430,29.861249782598893
20,12,0.01,0.003,xgboost,200,5,0.5,0.8455868363380432,True,0.7045291678408954,0.5,5.450185306300414e-05,0.00010899182561307902,0.5741524527697551,0.3451694983357076,0.5,2,2,620972,185430,29.861249782598893
10,12,0.01,0.003,random_forest,200,5,0.55,0.554856247200103,False,0.7043425438210869,0.5,5.4068667207353336e-05,0.00010812564199599936,0.5541364291368165,0.32910130063900384,0.5,2,2,625552,186961,29.88736348057396
10,12,0.01,0.003,random_forest,200,5,0.5,0.554856247200103,True,0.7043425438210869,0.5,5.4068667207353336e-05,0.00010812564199599936,0.5541364291368165,0.32910130063900384,0.5,2,2,625552,186961,29.88736348057396
10,12,0.015,0.005,random_forest,100,10,0.55,0.6089175877043279,True,0.6965494640759006,0.6666666666666666,5.267871253226571e-05,0.00010534910058205378,0.5566882936926147,0.3405053080616365,0.6666666666666666,2,1,625552,189528,30.297721052766196
30,3,0.005,0.003,random_forest,100,10,0.5,0.5941743909131801,True,0.6631786435645973,0.6666666666666666,4.8164916674694154e-05,9.632287427456835e-05,0.5728498314870076,0.38581194673057057,0.6666666666666666,2,1,616392,211913,34.379583122428585
30,3,0.005,0.003,random_forest,100,10,0.55,0.59417439091318,True,0.6631786435645973,0.6666666666666666,4.8164916674694154e-05,9.632287427456835e-05,0.5728498314870076,0.38581194673057057,0.6666666666666666,2,1,616392,211913,34.379583122428585
30,12,0.005,0.003,xgboost,100,5,0.55,0.8794450163841248,True,0.653452737286967,0.6666666666666666,4.681319195749362e-05,9.36198099517858e-05,0.5870899176501001,0.4103971211964443,0.6666666666666666,2,1,616392,220054,35.70033355397214
20,6,0.015,0.008,random_forest,100,5,0.55,0.5559717218703721,True,0.6549216957204397,0.6666666666666666,4.6665733351999625e-05,9.33249340892653e-05,0.5556350951944615,0.3801698342408903,0.6666666666666666,2,1,620972,211055,33.98784486257029
20,6,0.01,0.005,xgboost,200,5,0.55,0.8595024347305298,True,0.6545674141471074,0.6666666666666666,4.661787329262039e-05,9.322922736277823e-05,0.5670732444871053,0.3918702484782598,0.6666666666666666,2,1,620972,215661,34.729585230896085
15,6,0.015,0.008,xgboost,200,5,0.55,0.8547046184539795,True,0.65501030861672,1.0,4.6505138817839374e-05,9.300595238095238e-05,0.5714809385824129,0.39338706494819253,1.0,2,0,623262,211891,33.9970991332698
20,12,0.005,0.003,random_forest,200,5,0.55,0.5724759892927856,False,0.6537058657755949,0.5,4.650297619047619e-05,9.299730307821073e-05,0.5694896106278488,0.39778765346268286,0.5,2,2,620972,221474,35.66569829235456
20,12,0.005,0.003,random_forest,200,5,0.5,0.5724759892927856,True,0.6537058657755949,0.5,4.650297619047619e-05,9.299730307821073e-05,0.5694896106278488,0.39778765346268286,0.5,2,2,620972,221474,35.66569829235456
10,12,0.005,0.003,random_forest,200,5,0.55,0.5655362754455112,True,0.6536915219285274,1.0,4.615846200004616e-05,9.23126629895456e-05,0.5681279561071915,0.39607493090339774,1.0,2,0,625552,223222,35.68400388776632
10,12,0.005,0.003,random_forest,200,5,0.5,0.5655362754455112,True,0.6536915219285274,1.0,4.615846200004616e-05,9.23126629895456e-05,0.5681279561071915,0.3960749309033978,1.0,2,0,625552,223222,35.68400388776632
10,12,0.005,0.003,random_forest,100,5,0.55,0.5673731255950019,True,0.6536835290262247,0.6666666666666666,4.615846200004616e-05,9.231053263177328e-05,0.5680258427435722,0.39598631906524673,0.6666666666666666,2,1,625552,223222,35.68400388776632
10,12,0.005,0.003,random_forest,100,5,0.5,0.5673731255950019,True,0.6536835290262247,0.6666666666666666,4.615846200004616e-05,9.231053263177328e-05,0.5680258427435722,0.39598631906524673,0.6666666666666666,2,1,625552,223222,35.68400388776632
10,12,0.015,0.008,xgboost,100,5,0.55,0.8375111222267151,True,0.6361630871785854,1.0,4.393480075567857e-05,8.786574114752658e-05,0.5549401182256457,0.4012926969110998,1.0,2,0,625552,228088,36.46187687034811
20,12,0.01,0.008,random_forest,100,5,0.55,0.5441328080892961,False,0.57790571279037,0.5,3.815192094921979e-05,7.629802006637928e-05,0.5566309159943355,0.45886297889451616,0.5,2,2,620972,266109,42.85362302970182
20,12,0.01,0.008,random_forest,100,5,0.5,0.5441328080892961,True,0.57790571279037,0.5,3.815192094921979e-05,7.629802006637928e-05,0.5566309159943355,0.45886297889451616,0.5,2,2,620972,266109,42.85362302970182
30,3,0.015,0.003,random_forest,100,10,0.55,0.6745993308758627,True,0.7745358090185677,1.0,3.597639948193985e-05,7.195021045436558e-05,0.6033416549591681,0.2865349064279929,1.0,1,0,616392,134008,21.740710456981923
30,3,0.015,0.003,random_forest,100,10,0.5,0.6745993308758623,True,0.7745358090185677,1.0,3.597639948193985e-05,7.195021045436558e-05,0.6033416549591681,0.2865349064279929,1.0,1,0,616392,134008,21.740710456981923
30,3,0.015,0.003,random_forest,200,10,0.55,0.6601535987605043,True,0.7745358090185677,1.0,3.597639948193985e-05,7.195021045436558e-05,0.6035723371412868,0.28693293626786565,1.0,1,0,616392,134008,21.740710456981923
30,3,0.015,0.003,random_forest,200,10,0.5,0.6601535987605044,True,0.7745358090185677,1.0,3.597639948193985e-05,7.195021045436558e-05,0.6035723371412868,0.28693293626786565,1.0,1,0,616392,134008,21.740710456981923
10,3,0.015,0.003,random_forest,200,5,0.55,0.6023410887543157,False,0.7747280414991488,0.5,3.548112404200965e-05,7.095721280068119e-05,0.5894909799688568,0.2770099419498401,0.5,1,1,625552,136036,21.74655344399826
10,3,0.015,0.003,random_forest,200,5,0.5,0.6023410887543157,True,0.7747280414991488,0.5,3.548112404200965e-05,7.095721280068119e-05,0.5894909799688568,0.2770099419498401,0.5,1,1,625552,136036,21.74655344399826
30,6,0.015,0.003,random_forest,200,5,0.55,0.5675035220470089,False,0.7531453045530869,0.5,3.2860147213459515e-05,6.571597555365709e-05,0.5738348500764977,0.28921722118078685,0.5,1,1,616392,149207,24.206511440771457
30,6,0.015,0.003,random_forest,200,5,0.5,0.5675035220470089,True,0.7531453045530869,0.5,3.2860147213459515e-05,6.571597555365709e-05,0.5738348500764977,0.28921722118078685,0.5,1,1,616392,149207,24.206511440771457
10,6,0.015,0.003,random_forest,200,5,0.5,0.5755095332054948,True,0.7532830846208567,1.0,3.23960088117144e-05,6.478991868865204e-05,0.5693150931468836,0.28863040355793834,1.0,1,0,625552,151449,24.21045732409136
10,6,0.015,0.003,random_forest,200,5,0.55,0.5755095332054949,True,0.7532830846208567,1.0,3.23960088117144e-05,6.478991868865204e-05,0.5693150931468836,0.28863040355793834,1.0,1,0,625552,151449,24.21045732409136
20,12,0.015,0.003,random_forest,100,10,0.55,0.603790183094314,True,0.7460606304601635,1.0,3.17067757379752e-05,6.341154090044388e-05,0.5744167464414291,0.29903374951891976,1.0,1,0,620972,156808,25.252024245859715
10,12,0.015,0.003,xgboost,100,15,0.55,0.8908581137657166,True,0.7459136286977164,1.0,3.145643284051588e-05,6.291088672894844e-05,0.5520604287105179,0.28963435276595,1.0,1,0,625552,158145,25.28087193390797
10,12,0.015,0.003,xgboost,100,15,0.5,0.8908581137657166,True,0.7459136286977164,1.0,3.145643284051588e-05,6.291088672894844e-05,0.5520604287105179,0.28963435276595,1.0,1,0,625552,158145,25.28087193390797
10,12,0.015,0.003,xgboost,100,10,0.55,0.8631414771080017,True,0.7459136286977164,1.0,3.145643284051588e-05,6.291088672894844e-05,0.5689028605257309,0.30089133073174174,1.0,1,0,625552,158145,25.28087193390797
20,3,0.015,0.005,random_forest,100,5,0.5,0.5896206407561081,True,0.7392004509038206,1.0,3.087277330122565e-05,6.174364040503828e-05,0.5862153756940955,0.3101373059232276,1.0,1,0,620972,156263,25.16425861391496
20,3,0.015,0.005,random_forest,100,5,0.55,0.5896206407561082,True,0.7392004509038206,1.0,3.087277330122565e-05,6.174364040503828e-05,0.5862153756940955,0.3101373059232276,1.0,1,0,620972,156263,25.16425861391496
20,3,0.015,0.005,random_forest,200,5,0.5,0.5880418214440256,True,0.7391923990498812,0.5,3.087277330122565e-05,6.17417343253172e-05,0.586471259310431,0.3106220980143445,0.5,1,1,620972,156263,25.16425861391496
20,3,0.015,0.005,random_forest,200,5,0.55,0.5880418214440256,False,0.7391923990498812,0.5,3.087277330122565e-05,6.17417343253172e-05,0.586471259310431,0.3106220980143445,0.5,1,1,620972,156263,25.16425861391496
10,3,0.015,0.005,random_forest,200,10,0.55,0.6315600194678491,True,0.7390317398150442,1.0,3.062693332516615e-05,6.125199068969742e-05,0.5917000338260997,0.3177198885566268,1.0,1,0,625552,157657,25.20286083331202
10,3,0.015,0.005,xgboost,200,15,0.5,0.9223813414573669,True,0.7390237469127415,0.5,3.062693332516615e-05,6.125011484396534e-05,0.5735571835882858,0.3074418951917792,0.5,1,1,625552,157657,25.20286083331202
10,3,0.015,0.005,xgboost,200,15,0.55,0.9223813414573669,False,0.7390237469127415,0.5,3.062693332516615e-05,6.125011484396534e-05,0.5735571835882858,0.3074418951917792,0.5,1,1,625552,157657,25.20286083331202
20,3,0.01,0.003,xgboost,200,5,0.55,0.8656559586524963,True,0.7221466242602359,1.0,2.89779477817381e-05,5.795421616922631e-05,0.5844482730084326,0.3333291422115432,1.0,1,0,620972,170695,27.488356962954853
20,3,0.01,0.003,random_forest,100,5,0.55,0.5576650788608123,False,0.7221385724062965,0.5,2.89779477817381e-05,5.795253687230158e-05,0.5721197084211922,0.32063473287024324,0.5,1,1,620972,170695,27.488356962954853
20,3,0.01,0.003,random_forest,100,5,0.5,0.5576650788608124,True,0.7221385724062965,0.5,2.89779477817381e-05,5.795253687230158e-05,0.5721197084211922,0.32063473287024324,0.5,1,1,620972,170695,27.488356962954853
20,6,0.01,0.003,xgboost,200,10,0.55,0.9012777805328369,True,0.7098031321711824,1.0,2.7745408134953666e-05,5.548927669727825e-05,0.5681747819494283,0.3404100441487364,1.0,1,0,620972,181090,29.16234548417642
10,6,0.01,0.003,random_forest,200,5,0.55,0.5482946868592866,True,0.7096098664386025,1.0,2.75239458328746e-05,5.504637657226213e-05,0.5601578105348956,0.3277084682413091,1.0,1,0,625552,182597,29.18973962196588
10,6,0.01,0.003,xgboost,100,15,0.55,0.8966856598854065,True,0.7096098664386025,1.0,2.75239458328746e-05,5.504637657226213e-05,0.5523437538181845,0.32763243015401816,1.0,1,0,625552,182597,29.18973962196588
10,6,0.01,0.003,random_forest,100,5,0.5,0.5477747384004363,True,0.7096018735362998,0.5,2.75239458328746e-05,5.504486156217317e-05,0.5599336183712779,0.3276596259827119,0.5,1,1,625552,182597,29.18973962196588
10,6,0.01,0.003,random_forest,100,5,0.55,0.5477747384004362,False,0.7096018735362998,0.5,2.75239458328746e-05,5.504486156217317e-05,0.5599336183712779,0.3276596259827119,0.5,1,1,625552,182597,29.18973962196588
15,6,0.015,0.005,xgboost,200,5,0.55,0.8352500796318054,True,0.7084306033549133,1.0,2.7513343971826336e-05,5.502517401711283e-05,0.5745999921606584,0.34044967810135235,1.0,1,0,623262,178667,28.666435624183727
20,12,0.01,0.003,xgboost,100,5,0.5,0.8310924172401428,True,0.7045291678408954,0.5,2.725092653150207e-05,5.4498882772903156e-05,0.57198393706517,0.3421392129915014,0.5,1,1,620972,185430,29.861249782598893
20,12,0.01,0.003,xgboost,100,5,0.55,0.8310924172401428,False,0.7045291678408954,0.5,2.725092653150207e-05,5.4498882772903156e-05,0.57198393706517,0.3421392129915014,0.5,1,1,620972,185430,29.861249782598893
15,12,0.015,0.005,xgboost,100,10,0.55,0.8829612731933594,False,0.6967341339558615,0.5,2.6452927016374362e-05,5.2903055151435e-05,0.5543448902166218,0.34179473821971806,0.5,1,1,623262,188637,30.266083926181924
15,12,0.015,0.005,xgboost,100,10,0.5,0.8829612731933594,True,0.6967341339558615,0.5,2.6452927016374362e-05,5.2903055151435e-05,0.5543448902166218,0.34179473821971806,0.5,1,1,623262,188637,30.266083926181924
10,3,0.005,0.003,random_forest,200,5,0.55,0.5402588260666026,True,0.663402898226375,1.0,2.3745636739249164e-05,4.749014579474759e-05,0.5635337985373591,0.3791138847289745,1.0,1,0,625552,214996,34.36900529452387
10,3,0.005,0.003,xgboost,100,5,0.55,0.8476546406745911,True,0.663402898226375,1.0,2.3745636739249164e-05,4.749014579474759e-05,0.5814168643562878,0.39140966072767003,1.0,1,0,625552,214996,34.36900529452387
20,6,0.005,0.003,xgboost,200,10,0.55,0.9188992381095886,True,0.6568702443737671,1.0,2.3465365121081285e-05,4.692962902128259e-05,0.5761847323405936,0.4006644411793024,1.0,1,0,620972,218805,35.23588825261042
20,6,0.005,0.003,xgboost,200,5,0.55,0.8805016875267029,True,0.6568702443737671,1.0,2.3465365121081285e-05,4.692962902128259e-05,0.5866384900842044,0.40389133522186876,1.0,1,0,620972,218805,35.23588825261042
30,12,0.005,0.003,random_forest,200,5,0.55,0.5730319687266376,True,0.653452737286967,1.0,2.340659597874681e-05,4.681209624566988e-05,0.5689412698962444,0.3982311670782634,1.0,1,0,616392,220054,35.70033355397214
30,12,0.005,0.003,random_forest,200,5,0.5,0.5730319687266376,True,0.653452737286967,1.0,2.340659597874681e-05,4.681209624566988e-05,0.5689412698962444,0.3982311670782634,1.0,1,0,616392,220054,35.70033355397214
15,6,0.005,0.003,random_forest,200,15,0.55,0.6878694117540257,True,0.6569196088341235,1.0,2.338251455561531e-05,4.676393565282454e-05,0.5781823177555162,0.39911374084131007,1.0,1,0,623262,219616,35.236545786523166
10,6,0.005,0.003,random_forest,200,5,0.5,0.5575029342333757,True,0.656840725435813,1.0,2.3291563795593237e-05,4.6582042622568996e-05,0.5667095579929183,0.3885283149106461,1.0,1,0,625552,220541,35.25542241092667
10,6,0.005,0.003,random_forest,100,5,0.5,0.5621372781438235,True,0.656840725435813,1.0,2.3291563795593237e-05,4.6582042622568996e-05,0.5664363599132466,0.38876549395175464,1.0,1,0,625552,220541,35.25542241092667
10,6,0.005,0.003,random_forest,100,5,0.55,0.5621372781438234,True,0.656840725435813,1.0,2.3291563795593237e-05,4.6582042622568996e-05,0.5664363599132466,0.38876549395175464,1.0,1,0,625552,220541,35.25542241092667
10,6,0.005,0.003,random_forest,200,5,0.55,0.5575029342333756,True,0.656840725435813,1.0,2.3291563795593237e-05,4.6582042622568996e-05,0.5667095579929183,0.3885283149106461,1.0,1,0,625552,220541,35.25542241092667
20,12,0.005,0.003,xgboost,100,5,0.55,0.8839341998100281,True,0.6537139176295342,1.0,2.3251488095238094e-05,4.65018949522193e-05,0.5860458082823158,0.4086456661129172,1.0,1,0,620972,221474,35.66569829235456
15,12,0.005,0.003,random_forest,100,5,0.5,0.5747179609505,True,0.6537668567944614,1.0,2.3169601482854495e-05,4.633812932971896e-05,0.56910794700073,0.397263141846918,1.0,1,0,623262,222291,35.66573928781155
15,12,0.005,0.003,random_forest,100,5,0.55,0.5747179609505,True,0.6537668567944614,1.0,2.3169601482854495e-05,4.633812932971896e-05,0.56910794700073,0.397263141846918,1.0,1,0,623262,222291,35.66573928781155
15,12,0.005,0.003,random_forest,100,10,0.55,0.6621414607632409,True,0.6537668567944614,1.0,2.3169601482854495e-05,4.633812932971896e-05,0.5769217960884693,0.40360498952376594,1.0,1,0,623262,222291,35.66573928781155
15,12,0.015,0.008,xgboost,100,5,0.55,0.8522315621376038,True,0.636334464473378,1.0,2.2058985727836234e-05,4.411699827943707e-05,0.5572356754781247,0.4036590245038821,1.0,1,0,623262,227060,36.43090706637016
15,12,0.015,0.008,xgboost,100,5,0.5,0.8522315621376038,True,0.636334464473378,1.0,2.2058985727836234e-05,4.411699827943707e-05,0.5572356754781247,0.4036590245038821,1.0,1,0,623262,227060,36.43090706637016
15,12,0.015,0.008,random_forest,100,5,0.55,0.5452031663620873,True,0.636334464473378,1.0,2.2058985727836234e-05,4.411699827943707e-05,0.5454949820868911,0.39317136149168214,1.0,1,0,623262,227060,36.43090706637016
10,12,0.015,0.008,xgboost,100,10,0.55,0.9392003417015076,True,0.6361550942762827,1.0,2.1967400377839286e-05,4.393383564352086e-05,0.5526125650773368,0.40195918545037634,1.0,1,0,625552,228088,36.46187687034811
