window_size,horizon,take_profit,stop_loss,classifier,n_estimators,max_depth,min_precision,min_recall,threshold,met_constraints,accuracy,precision,recall,f1,roc_auc,pr_auc,win_rate,true_positives,false_positives,total_samples,buy_samples,buy_pct
21,9,0.008,0.005,xgboost,200,8,0.48,0.05,0.8003979921340942,True,0.6247565715240921,0.48000828672053036,0.13042205635673837,0.20511322391600714,0.5855484019006477,0.43812876117514954,0.48000828672053036,11585,12550,1196448,452568,37.82596485597368
21,9,0.008,0.005,xgboost,200,12,0.48,0.05,0.8051462173461914,True,0.6255380500647749,0.4800020563438207,0.10511443592601348,0.1724618808817961,0.5794159201828883,0.4350371192948194,0.4800020563438207,9337,10115,1196448,452568,37.82596485597368
21,9,0.008,0.005,random_forest,200,12,0.48,0.05,0.5528222626488196,True,0.6272347360942789,0.48003434950622587,0.050345052742972296,0.09113232731830084,0.5760524094091075,0.42688224531839564,0.48003434950622587,4472,4844,1196448,452568,37.82596485597368
21,9,0.01,0.005,random_forest,200,8,0.48,0.05,0.5395955670212444,False,0.6522754816331647,0.48032786885245904,0.010573164130630901,0.020690872712293296,0.5634497064815035,0.3908791503644439,0.48032786885245904,879,951,1196448,422750,35.33375458022413
21,9,0.008,0.005,random_forest,200,8,0.48,0.05,0.5504421352308104,False,0.6285260562497388,0.4803738317757009,0.008679793306089366,0.01705148619957537,0.5701103441010115,0.41846854882607126,0.4803738317757009,771,834,1196448,452568,37.82596485597368
