{
  "params": {
    "window_size": 20,
    "horizon": 20,
    "buy_threshold": 0.002,
    "classifier": "random_forest",
    "n_estimators": 100,
    "max_depth": 10,
    "min_precision": 0.3
  },
  "threshold": 0.05270076145519877,
  "score": 0.6717222739736811,
  "precision": 0.5057092058474911,
  "win_rate": 0.5057092058474911
}