{
  "params": {
    "window_size": 21,
    "horizon": 9,
    "take_profit": 0.008,
    "stop_loss": 0.005,
    "classifier": "xgboost",
    "n_estimators": 200,
    "max_depth": 8,
    "min_precision": 0.48,
    "min_recall": 0.05
  },
  "threshold": 0.8003979921340942,
  "precision": 0.48000828672053036,
  "recall": 0.13042205635673837,
  "f1": 0.20511322391600714,
  "win_rate": 0.48000828672053036
}