{
  "params": {
    "window_size": 30,
    "horizon": 9,
    "take_profit": 0.01,
    "stop_loss": 0.008,
    "classifier": "xgboost",
    "n_estimators": 200,
    "max_depth": 8,
    "min_precision": 0.48,
    "min_recall": 0.05
  },
  "threshold": 0.7913793325424194,
  "precision": 0.48003049221772986,
  "recall": 0.5010979491518595,
  "f1": 0.49033803330557046,
  "win_rate": 0.48003049221772986
}