{
  "params": {
    "window_size": 30,
    "horizon": 12,
    "take_profit": 0.02,
    "stop_loss": 0.015,
    "classifier": "xgboost",
    "n_estimators": 200,
    "max_depth": 8,
    "min_precision": 0.5
  },
  "threshold": 0.8195200562477112,
  "precision": 0.5000319509233817,
  "recall": 0.15556350768374386,
  "f1": 0.23730098559514784,
  "win_rate": 0.5000319509233817
}