{
  "params": {
    "window_size": 20,
    "horizon": 20,
    "buy_threshold": 0.002,
    "classifier": "xgboost",
    "n_estimators": 100,
    "max_depth": 10,
    "min_precision": 0.3
  },
  "threshold": 0.07598185539245605,
  "score": 0.671792987612849,
  "precision": 0.5057993637495307,
  "win_rate": 0.5057993637495307
}