{
  "params": {
    "window_size": 21,
    "horizon": 6,
    "take_profit": 0.008,
    "stop_loss": 0.005,
    "classifier": "random_forest",
    "n_estimators": 200,
    "max_depth": 8,
    "min_precision": 0.35
  },
  "threshold": 0.009330462747758284,
  "precision": 0.39208016289786735,
  "recall": 1.0,
  "f1": 0.5633011278340198,
  "win_rate": 0.39208016289786735
}