{
  "params": {
    "window_size": 20,
    "horizon": 20,
    "buy_threshold": 0.002,
    "classifier": "xgboost",
    "n_estimators": 200,
    "max_depth": 10,
    "min_precision": 0.2
  },
  "threshold": 0.105785071849823,
  "score": 0.6672025723472669,
  "precision": 0.5006031363088058,
  "win_rate": 0.5006031363088058
}